Block,Sp1,Sp1_Dens,tubeID,Row,Column,Male1,Female1,Male2,Female2,Male3,Female3,Male4,Female4,Treatment,GrandTotal,PerFemale,TotDay,MeanEmergence,Temp,Wasp
A,PAL,1,463,1,1,0,0,0,0,0,0,NA,NA,Cold Para,0,0,0,NaN,Cold,Para
A,PAL,9,529,2,1,3,4,0,0,0,0,NA,NA,Cold Para,7,0.7777777777777778,21,3,Cold,Para
A,PAL,1,466,3,1,0,0,0,0,0,0,NA,NA,Cold Para,0,0,0,NaN,Cold,Para
A,PAL,15,556,4,1,4,1,0,0,0,0,NA,NA,Cold Para,5,0.3333333333333333,15,3,Cold,Para
A,PAL,9,532,5,1,2,5,0,1,0,0,NA,NA,Cold Para,8,0.8888888888888888,27,3.375,Cold,Para
A,PAL,15,553,6,1,7,13,8,9,0,0,NA,NA,Cold Para,37,2.466666666666667,162,4.378378378378378,Cold,Para
A,PAL,3,508,7,1,0,1,0,0,0,0,NA,NA,Cold Para,1,0.3333333333333333,3,3,Cold,Para
A,PAL,1,457,8,1,2,3,0,0,0,0,NA,NA,Cold Para,5,5,15,3,Cold,Para
A,PAL,1,460,9,1,0,0,0,0,0,0,NA,NA,Cold Para,0,0,0,NaN,Cold,Para
A,PAL,3,505,10,1,7,5,0,0,0,0,NA,NA,Cold Para,12,4,36,3,Cold,Para
A,PAN,9,1069,1,2,0,0,0,0,0,0,NA,NA,Cold Para,0,0,0,NaN,Cold,Para
A,PAN,1,1006,2,2,0,0,0,0,0,0,NA,NA,Cold Para,0,0,0,NaN,Cold,Para
A,PAN,15,1093,3,2,3,1,1,0,0,0,NA,NA,Cold Para,5,0.3333333333333333,18,3.6,Cold,Para
A,PAN,3,1045,4,2,0,0,0,0,0,0,NA,NA,Cold Para,0,0,0,NaN,Cold,Para
A,PAN,1,997,5,2,0,0,0,0,0,0,NA,NA,Cold Para,0,0,0,NaN,Cold,Para
A,PAN,9,1072,6,2,2,0,0,0,0,0,NA,NA,Cold Para,2,0.2222222222222222,6,3,Cold,Para
A,PAN,1,1000,7,2,0,0,0,0,0,0,NA,NA,Cold Para,0,0,0,NaN,Cold,Para
A,PAN,15,1096,8,2,7,6,2,0,0,0,NA,NA,Cold Para,15,1,51,3.4,Cold,Para
A,PAN,3,1048,9,2,0,0,0,0,0,0,NA,NA,Cold Para,0,0,0,NaN,Cold,Para
A,PAN,1,1003,10,2,0,0,0,0,0,0,NA,NA,Cold Para,0,0,0,NaN,Cold,Para
A,PSA,1,1120,1,3,0,0,0,0,0,0,NA,NA,Cold Para,0,0,0,NaN,Cold,Para
A,PSA,3,1165,2,3,0,0,0,0,0,0,NA,NA,Cold Para,0,0,0,NaN,Cold,Para
A,PSA,1,1123,3,3,0,0,0,0,0,0,NA,NA,Cold Para,0,0,0,NaN,Cold,Para
A,PSA,9,1192,4,3,0,0,0,0,0,0,NA,NA,Cold Para,0,0,0,NaN,Cold,Para
A,PSA,9,1189,5,3,0,0,0,0,0,0,NA,NA,Cold Para,0,0,0,NaN,Cold,Para
A,SUL,1,1702,6,3,0,0,0,0,0,0,NA,NA,Cold Para,0,0,0,NaN,Cold,Para
A,SUL,1,1696,7,3,0,0,0,0,0,0,NA,NA,Cold Para,0,0,0,NaN,Cold,Para
A,SUL,15,1789,8,3,1,0,0,0,0,0,NA,NA,Cold Para,1,0.06666666666666667,3,3,Cold,Para
A,SUL,1,1699,9,3,0,0,0,0,0,0,NA,NA,Cold Para,0,0,0,NaN,Cold,Para
A,SUL,9,1765,10,3,2,2,0,0,0,0,NA,NA,Cold Para,4,0.4444444444444444,12,3,Cold,Para
A,SIM,3,1369,1,4,0,0,0,0,0,0,NA,NA,Cold Para,0,0,0,NaN,Cold,Para
A,SIM,9,1393,2,4,3,8,1,0,0,0,NA,NA,Cold Para,12,1.3333333333333333,39,3.25,Cold,Para
A,SIM,15,1417,3,4,8,10,2,2,0,0,NA,NA,Cold Para,22,1.4666666666666666,78,3.5454545454545454,Cold,Para
A,SIM,15,1420,4,4,9,15,0,0,0,0,NA,NA,Cold Para,24,1.6,72,3,Cold,Para
A,SIM,1,1330,5,4,0,0,0,0,0,0,NA,NA,Cold Para,0,0,0,NaN,Cold,Para
A,SIM,1,1321,6,4,0,0,0,0,0,0,NA,NA,Cold Para,0,0,0,NaN,Cold,Para
A,SIM,9,1396,7,4,1,2,0,0,0,0,NA,NA,Cold Para,3,0.3333333333333333,9,3,Cold,Para
A,SIM,3,1372,8,4,0,0,0,0,0,0,NA,NA,Cold Para,0,0,0,NaN,Cold,Para
A,SIM,1,1327,9,4,0,0,0,0,0,0,NA,NA,Cold Para,0,0,0,NaN,Cold,Para
A,SIM,1,1324,10,4,0,0,0,0,0,0,NA,NA,Cold Para,0,0,0,NaN,Cold,Para
A,BIR,15,97,1,5,0,0,1,3,1,1,NA,NA,Cold Para,6,0.4,42,7,Cold,Para
A,BIR,15,100,2,5,0,2,10,15,7,0,NA,NA,Cold Para,34,2.2666666666666666,219,6.4411764705882355,Cold,Para
A,BIR,1,10,3,5,0,0,0,0,0,0,NA,NA,Cold Para,0,0,0,NaN,Cold,Para
A,BIR,9,73,4,5,0,0,9,0,0,0,NA,NA,Cold Para,9,1,54,6,Cold,Para
A,BIR,1,1,5,5,0,0,0,0,0,0,NA,NA,Cold Para,0,0,0,NaN,Cold,Para
A,BIR,1,4,6,5,0,0,0,0,0,0,NA,NA,Cold Para,0,0,0,NaN,Cold,Para
A,BIR,3,49,7,5,0,0,3,1,0,0,NA,NA,Cold Para,4,1.3333333333333333,24,6,Cold,Para
A,BIR,1,7,8,5,0,0,0,0,0,0,NA,NA,Cold Para,0,0,0,NaN,Cold,Para
A,BIR,9,76,9,5,0,0,1,5,1,0,NA,NA,Cold Para,7,0.7777777777777778,45,6.428571428571429,Cold,Para
A,BIR,3,52,10,5,0,0,0,1,0,0,NA,NA,Cold Para,1,0.3333333333333333,6,6,Cold,Para
A,SUL,1,1693,1,6,0,1,0,0,0,0,NA,NA,Cold Para,1,1,3,3,Cold,Para
A,SUL,3,1741,2,6,0,0,0,0,0,0,NA,NA,Cold Para,0,0,0,NaN,Cold,Para
A,SUL,15,1792,3,6,1,0,0,0,0,0,NA,NA,Cold Para,1,0.06666666666666667,3,3,Cold,Para
A,SUL,3,1744,4,6,0,2,0,0,0,0,NA,NA,Cold Para,2,0.6666666666666666,6,3,Cold,Para
A,SUL,9,1768,5,6,4,2,0,0,0,0,NA,NA,Cold Para,6,0.6666666666666666,18,3,Cold,Para
A,PSA,3,1168,6,6,1,0,0,0,0,0,NA,NA,Cold Para,1,0.3333333333333333,3,3,Cold,Para
A,PSA,1,1117,7,6,0,0,0,0,0,0,NA,NA,Cold Para,0,0,0,NaN,Cold,Para
A,PSA,1,1126,8,6,0,0,0,0,0,0,NA,NA,Cold Para,0,0,0,NaN,Cold,Para
A,PSA,15,1216,9,6,2,1,0,0,0,0,NA,NA,Cold Para,3,0.2,9,3,Cold,Para
A,PSA,15,1213,10,6,12,1,2,2,0,0,NA,NA,Cold Para,17,1.1333333333333333,63,3.7058823529411766,Cold,Para
A,PSA,1,1138,1,1,0,0,0,0,0,0,NA,NA,Cold Safe,0,0,0,NaN,Cold,Safe
A,PSA,3,1174,2,1,0,0,0,0,0,0,NA,NA,Cold Safe,0,0,0,NaN,Cold,Safe
A,PSA,9,1198,3,1,1,2,0,0,0,0,NA,NA,Cold Safe,3,0.3333333333333333,9,3,Cold,Safe
A,PSA,9,1195,4,1,3,3,0,0,0,0,NA,NA,Cold Safe,6,0.6666666666666666,18,3,Cold,Safe
A,PSA,1,1132,5,1,0,0,0,0,0,0,NA,NA,Cold Safe,0,0,0,NaN,Cold,Safe
A,SIM,3,1378,6,1,9,10,0,0,0,0,NA,NA,Cold Safe,19,6.333333333333333,57,3,Cold,Safe
A,SIM,9,1402,7,1,37,32,1,0,0,0,NA,NA,Cold Safe,70,7.777777777777778,213,3.0428571428571427,Cold,Safe
A,SIM,3,1375,8,1,11,6,0,0,0,0,NA,NA,Cold Safe,17,5.666666666666667,51,3,Cold,Safe
A,SIM,15,1423,9,1,45,38,0,0,0,0,NA,NA,Cold Safe,83,5.533333333333333,249,3,Cold,Safe
A,SIM,1,1342,10,1,5,3,0,0,0,0,NA,NA,Cold Safe,8,8,24,3,Cold,Safe
A,BIR,1,16,1,2,0,0,0,0,0,0,NA,NA,Cold Safe,0,0,0,NaN,Cold,Safe
A,BIR,1,22,2,2,0,0,1,4,0,0,NA,NA,Cold Safe,5,5,30,6,Cold,Safe
A,BIR,15,106,3,2,0,1,7,10,0,0,NA,NA,Cold Safe,18,1.2,105,5.833333333333333,Cold,Safe
A,BIR,9,82,4,2,0,0,9,3,0,0,NA,NA,Cold Safe,12,1.3333333333333333,72,6,Cold,Safe
A,BIR,1,19,5,2,0,0,1,1,0,0,NA,NA,Cold Safe,2,2,12,6,Cold,Safe
A,PAN,15,1102,6,2,12,17,4,3,0,0,NA,NA,Cold Safe,36,2.4,129,3.5833333333333335,Cold,Safe
A,PAN,9,1075,7,2,1,0,0,0,0,0,NA,NA,Cold Safe,1,0.1111111111111111,3,3,Cold,Safe
A,PAN,1,1015,8,2,0,0,0,0,0,0,NA,NA,Cold Safe,0,0,0,NaN,Cold,Safe
A,PAN,1,1009,9,2,0,0,0,0,0,0,NA,NA,Cold Safe,0,0,0,NaN,Cold,Safe
A,PAN,1,1012,10,2,0,0,0,0,0,0,NA,NA,Cold Safe,0,0,0,NaN,Cold,Safe
A,SUL,15,1798,1,3,16,9,0,0,0,0,NA,NA,Cold Safe,25,1.6666666666666667,75,3,Cold,Safe
A,SUL,1,1705,2,3,0,1,0,0,0,0,NA,NA,Cold Safe,1,1,3,3,Cold,Safe
A,SUL,1,1714,3,3,0,1,0,0,0,0,NA,NA,Cold Safe,1,1,3,3,Cold,Safe
A,SUL,1,1711,4,3,1,0,0,0,0,0,NA,NA,Cold Safe,1,1,3,3,Cold,Safe
A,SUL,9,1771,5,3,11,11,0,0,0,0,NA,NA,Cold Safe,22,2.4444444444444446,66,3,Cold,Safe
A,PSA,15,1219,6,3,4,1,0,2,0,0,NA,NA,Cold Safe,7,0.4666666666666667,27,3.857142857142857,Cold,Safe
A,PSA,3,1171,7,3,0,0,0,0,0,0,NA,NA,Cold Safe,0,0,0,NaN,Cold,Safe
A,PSA,1,1129,8,3,1,0,0,0,0,0,NA,NA,Cold Safe,1,1,3,3,Cold,Safe
A,PSA,1,1135,9,3,0,1,0,0,0,0,NA,NA,Cold Safe,1,1,3,3,Cold,Safe
A,PSA,15,1222,10,3,0,2,0,0,0,0,NA,NA,Cold Safe,2,0.13333333333333333,6,3,Cold,Safe
A,SIM,1,1333,1,4,5,3,0,0,0,0,NA,NA,Cold Safe,8,8,24,3,Cold,Safe
A,SIM,1,1339,2,4,3,7,0,0,0,0,NA,NA,Cold Safe,10,10,30,3,Cold,Safe
A,SIM,15,1426,3,4,30,37,19,8,0,0,NA,NA,Cold Safe,94,6.266666666666667,363,3.8617021276595747,Cold,Safe
A,SIM,1,1336,4,4,4,4,0,0,0,0,NA,NA,Cold Safe,8,8,24,3,Cold,Safe
A,SIM,9,1399,5,4,28,27,6,1,0,0,NA,NA,Cold Safe,62,6.888888888888889,207,3.338709677419355,Cold,Safe
A,BIR,1,13,6,4,0,0,0,1,0,0,NA,NA,Cold Safe,1,1,6,6,Cold,Safe
A,BIR,3,55,7,4,0,0,2,6,0,1,NA,NA,Cold Safe,9,3,57,6.333333333333333,Cold,Safe
A,BIR,3,58,8,4,0,0,2,1,0,0,NA,NA,Cold Safe,3,1,18,6,Cold,Safe
A,BIR,15,103,9,4,0,2,13,8,0,0,NA,NA,Cold Safe,23,1.5333333333333334,132,5.739130434782608,Cold,Safe
A,BIR,9,79,10,4,0,0,3,3,0,2,NA,NA,Cold Safe,8,0.8888888888888888,54,6.75,Cold,Safe
A,PAL,1,478,1,5,0,0,0,0,0,0,NA,NA,Cold Safe,0,0,0,NaN,Cold,Safe
A,PAL,3,514,2,5,4,2,1,0,0,0,NA,NA,Cold Safe,7,2.3333333333333335,24,3.4285714285714284,Cold,Safe
A,PAL,15,559,3,5,23,25,2,1,0,0,NA,NA,Cold Safe,51,3.4,162,3.176470588235294,Cold,Safe
A,PAL,15,562,4,5,22,26,0,6,0,0,NA,NA,Cold Safe,54,3.6,180,3.3333333333333335,Cold,Safe
A,PAL,1,469,5,5,0,0,0,0,0,0,NA,NA,Cold Safe,0,0,0,NaN,Cold,Safe
A,PAL,1,475,6,5,0,0,0,0,0,0,NA,NA,Cold Safe,0,0,0,NaN,Cold,Safe
A,PAL,9,535,7,5,8,3,0,0,0,0,NA,NA,Cold Safe,11,1.2222222222222223,33,3,Cold,Safe
A,PAL,3,511,8,5,0,0,0,0,0,0,NA,NA,Cold Safe,0,0,0,NaN,Cold,Safe
A,PAL,1,472,9,5,0,0,0,0,0,0,NA,NA,Cold Safe,0,0,0,NaN,Cold,Safe
A,PAL,9,538,10,5,13,21,1,2,0,0,NA,NA,Cold Safe,37,4.111111111111111,120,3.2432432432432434,Cold,Safe
A,PAN,1,1018,1,6,0,0,0,0,0,0,NA,NA,Cold Safe,0,0,0,NaN,Cold,Safe
A,PAN,15,1099,2,6,10,12,1,2,0,0,NA,NA,Cold Safe,25,1.6666666666666667,84,3.36,Cold,Safe
A,PAN,3,1051,3,6,0,1,0,0,0,0,NA,NA,Cold Safe,1,0.3333333333333333,3,3,Cold,Safe
A,PAN,9,1078,4,6,3,0,1,1,0,0,NA,NA,Cold Safe,5,0.5555555555555556,21,4.2,Cold,Safe
A,PAN,3,1054,5,6,1,1,0,1,0,0,NA,NA,Cold Safe,3,1,12,4,Cold,Safe
A,SUL,3,1747,6,6,0,2,0,0,0,0,NA,NA,Cold Safe,2,0.6666666666666666,6,3,Cold,Safe
A,SUL,9,1774,7,6,7,5,0,0,0,0,NA,NA,Cold Safe,12,1.3333333333333333,36,3,Cold,Safe
A,SUL,3,1750,8,6,0,1,0,0,0,0,NA,NA,Cold Safe,1,0.3333333333333333,3,3,Cold,Safe
A,SUL,1,1708,9,6,0,0,0,0,0,0,NA,NA,Cold Safe,0,0,0,NaN,Cold,Safe
A,SUL,15,1795,10,6,1,4,0,0,0,0,NA,NA,Cold Safe,5,0.3333333333333333,15,3,Cold,Safe
A,PAN,15,1105,1,1,10,18,4,1,0,0,NA,NA,Hot Para,33,2.2,114,3.4545454545454546,Hot,Para
A,PAN,15,1108,2,1,14,18,14,4,0,1,NA,NA,Hot Para,51,3.4,213,4.176470588235294,Hot,Para
A,PAN,1,1027,3,1,0,0,0,0,0,0,NA,NA,Hot Para,0,0,0,NaN,Hot,Para
A,PAN,9,1084,4,1,5,5,2,1,0,0,NA,NA,Hot Para,13,1.4444444444444444,48,3.6923076923076925,Hot,Para
A,PAN,3,1057,5,1,1,4,0,0,0,0,NA,NA,Hot Para,5,1.6666666666666667,15,3,Hot,Para
A,PAN,9,1081,6,1,10,4,1,0,0,1,NA,NA,Hot Para,16,1.7777777777777777,57,3.5625,Hot,Para
A,PAN,1,1024,7,1,0,0,0,0,0,0,NA,NA,Hot Para,0,0,0,NaN,Hot,Para
A,PAN,1,1021,8,1,0,0,0,0,0,0,NA,NA,Hot Para,0,0,0,NaN,Hot,Para
A,PAN,3,1060,9,1,0,1,0,0,0,0,NA,NA,Hot Para,1,0.3333333333333333,3,3,Hot,Para
A,PAN,1,1030,10,1,0,0,0,0,0,0,NA,NA,Hot Para,0,0,0,NaN,Hot,Para
A,PAL,1,490,1,2,0,0,0,0,0,0,NA,NA,Hot Para,0,0,0,NaN,Hot,Para
A,PAL,15,568,2,2,4,2,25,25,2,0,NA,NA,Hot Para,58,3.8666666666666667,336,5.793103448275862,Hot,Para
A,PAL,1,484,3,2,0,0,0,0,0,0,NA,NA,Hot Para,0,0,0,NaN,Hot,Para
A,PAL,15,565,4,2,2,0,23,24,3,4,NA,NA,Hot Para,56,3.7333333333333334,351,6.267857142857143,Hot,Para
A,PAL,3,520,5,2,1,0,0,0,0,0,NA,NA,Hot Para,1,0.3333333333333333,3,3,Hot,Para
A,PAL,1,487,6,2,0,0,0,0,0,0,NA,NA,Hot Para,0,0,0,NaN,Hot,Para
A,PAL,9,541,7,2,6,5,7,16,1,1,NA,NA,Hot Para,36,4,189,5.25,Hot,Para
A,PAL,9,544,8,2,3,1,6,15,3,3,NA,NA,Hot Para,31,3.4444444444444446,192,6.193548387096774,Hot,Para
A,PAL,1,481,9,2,7,1,0,0,0,0,NA,NA,Hot Para,8,8,24,3,Hot,Para
A,PAL,3,517,10,2,0,0,0,1,0,0,NA,NA,Hot Para,1,0.3333333333333333,6,6,Hot,Para
A,SUL,1,1726,1,3,0,0,0,0,0,0,NA,NA,Hot Para,0,0,0,NaN,Hot,Para
A,SUL,1,1717,2,3,0,0,0,1,0,0,NA,NA,Hot Para,1,1,6,6,Hot,Para
A,SUL,1,1723,3,3,0,0,0,0,0,0,NA,NA,Hot Para,0,0,0,NaN,Hot,Para
A,SUL,15,1804,4,3,1,1,0,1,0,0,NA,NA,Hot Para,3,0.2,12,4,Hot,Para
A,SUL,9,1780,5,3,3,3,4,7,1,1,NA,NA,Hot Para,19,2.111111111111111,102,5.368421052631579,Hot,Para
A,SIM,1,1354,6,3,2,2,0,0,0,0,NA,NA,Hot Para,4,4,12,3,Hot,Para
A,SIM,15,1429,7,3,19,22,15,15,1,0,NA,NA,Hot Para,72,4.8,312,4.333333333333333,Hot,Para
A,SIM,9,1408,8,3,16,18,5,3,0,0,NA,NA,Hot Para,42,4.666666666666667,150,3.5714285714285716,Hot,Para
A,SIM,15,1432,9,3,23,27,14,14,0,1,NA,NA,Hot Para,79,5.266666666666667,327,4.139240506329114,Hot,Para
A,SIM,9,1405,10,3,25,26,16,13,2,1,NA,NA,Hot Para,83,9.222222222222221,354,4.265060240963855,Hot,Para
A,BIR,9,85,1,4,0,0,10,15,2,1,NA,NA,Hot Para,28,3.111111111111111,177,6.321428571428571,Hot,Para
A,BIR,1,34,2,4,0,0,0,0,0,0,NA,NA,Hot Para,0,0,0,NaN,Hot,Para
A,BIR,1,28,3,4,0,0,0,0,0,0,NA,NA,Hot Para,0,0,0,NaN,Hot,Para
A,BIR,1,25,4,4,0,0,0,0,0,0,NA,NA,Hot Para,0,0,0,NaN,Hot,Para
A,BIR,15,112,5,4,0,0,19,22,7,4,NA,NA,Hot Para,52,3.466666666666667,345,6.634615384615385,Hot,Para
A,SUL,3,1756,6,4,2,1,9,9,0,0,NA,NA,Hot Para,21,7,117,5.571428571428571,Hot,Para
A,SUL,3,1753,7,4,2,1,2,0,0,0,NA,NA,Hot Para,5,1.6666666666666667,21,4.2,Hot,Para
A,SUL,9,1777,8,4,7,9,8,11,11,16,NA,NA,Hot Para,62,6.888888888888889,405,6.532258064516129,Hot,Para
A,SUL,15,1801,9,4,6,1,20,11,3,0,NA,NA,Hot Para,41,2.7333333333333334,234,5.7073170731707314,Hot,Para
A,SUL,1,1720,10,4,2,3,0,0,0,0,NA,NA,Hot Para,5,5,15,3,Hot,Para
A,SIM,3,1384,1,5,9,8,2,0,0,0,NA,NA,Hot Para,19,6.333333333333333,63,3.3157894736842106,Hot,Para
A,SIM,1,1345,2,5,3,1,0,0,0,0,NA,NA,Hot Para,4,4,12,3,Hot,Para
A,SIM,3,1381,3,5,7,6,1,0,0,0,NA,NA,Hot Para,14,4.666666666666667,45,3.2142857142857144,Hot,Para
A,SIM,1,1351,4,5,0,0,0,0,0,0,NA,NA,Hot Para,0,0,0,NaN,Hot,Para
A,SIM,1,1348,5,5,1,1,0,0,0,0,NA,NA,Hot Para,2,2,6,3,Hot,Para
A,PSA,15,1228,6,5,15,11,1,0,0,0,NA,NA,Hot Para,27,1.8,84,3.111111111111111,Hot,Para
A,PSA,9,1201,7,5,22,23,1,1,0,0,NA,NA,Hot Para,47,5.222222222222222,147,3.127659574468085,Hot,Para
A,PSA,3,1180,8,5,6,6,1,0,0,0,NA,NA,Hot Para,13,4.333333333333333,42,3.230769230769231,Hot,Para
A,PSA,1,1147,9,5,1,1,0,0,0,0,NA,NA,Hot Para,2,2,6,3,Hot,Para
A,PSA,9,1204,10,5,6,4,0,0,0,0,NA,NA,Hot Para,10,1.1111111111111112,30,3,Hot,Para
A,PSA,1,1150,1,6,0,0,0,0,0,0,NA,NA,Hot Para,0,0,0,NaN,Hot,Para
A,PSA,3,1177,2,6,0,0,0,0,0,0,NA,NA,Hot Para,0,0,0,NaN,Hot,Para
A,PSA,1,1141,3,6,0,0,0,0,0,0,NA,NA,Hot Para,0,0,0,NaN,Hot,Para
A,PSA,1,1144,4,6,1,0,0,0,0,0,NA,NA,Hot Para,1,1,3,3,Hot,Para
A,PSA,15,1225,5,6,21,13,0,0,0,0,NA,NA,Hot Para,34,2.2666666666666666,102,3,Hot,Para
A,BIR,15,109,6,6,0,0,10,10,1,1,NA,NA,Hot Para,22,1.4666666666666666,138,6.2727272727272725,Hot,Para
A,BIR,3,61,7,6,0,0,1,1,0,2,NA,NA,Hot Para,4,1.3333333333333333,30,7.5,Hot,Para
A,BIR,3,64,8,6,0,0,2,1,2,0,NA,NA,Hot Para,5,1.6666666666666667,36,7.2,Hot,Para
A,BIR,1,31,9,6,0,0,0,0,0,0,NA,NA,Hot Para,0,0,0,NaN,Hot,Para
A,BIR,9,88,10,6,0,0,5,8,1,0,NA,NA,Hot Para,14,1.5555555555555556,87,6.214285714285714,Hot,Para
A,BIR,9,94,1,1,0,0,12,14,0,0,NA,NA,Hot Safe,26,2.888888888888889,156,6,Hot,Safe
A,BIR,15,118,2,1,0,0,21,15,9,3,NA,NA,Hot Safe,48,3.2,324,6.75,Hot,Safe
A,BIR,15,115,3,1,0,0,24,24,1,0,NA,NA,Hot Safe,49,3.2666666666666666,297,6.061224489795919,Hot,Safe
A,BIR,3,67,4,1,0,0,7,9,0,0,NA,NA,Hot Safe,16,5.333333333333333,96,6,Hot,Safe
A,BIR,1,43,5,1,0,0,2,1,0,0,NA,NA,Hot Safe,3,3,18,6,Hot,Safe
A,PAL,9,547,6,1,10,15,12,15,0,0,NA,NA,Hot Safe,52,5.777777777777778,237,4.5576923076923075,Hot,Safe
A,PAL,3,526,7,1,10,15,0,4,0,0,NA,NA,Hot Safe,29,9.666666666666666,99,3.413793103448276,Hot,Safe
A,PAL,3,523,8,1,6,10,5,4,0,1,NA,NA,Hot Safe,26,8.666666666666666,111,4.269230769230769,Hot,Safe
A,PAL,1,493,9,1,0,0,0,0,0,0,NA,NA,Hot Safe,0,0,0,NaN,Hot,Safe
A,PAL,15,571,10,1,16,20,19,25,0,2,NA,NA,Hot Safe,82,5.466666666666667,390,4.7560975609756095,Hot,Safe
A,PSA,15,1234,1,2,34,25,1,0,0,0,NA,NA,Hot Safe,60,4,183,3.05,Hot,Safe
A,PSA,1,1156,2,2,0,0,0,0,0,0,NA,NA,Hot Safe,0,0,0,NaN,Hot,Safe
A,PSA,3,1186,3,2,4,3,0,0,0,0,NA,NA,Hot Safe,7,2.3333333333333335,21,3,Hot,Safe
A,PSA,1,1162,4,2,2,2,0,0,0,0,NA,NA,Hot Safe,4,4,12,3,Hot,Safe
A,PSA,9,1207,5,2,25,30,2,1,0,0,NA,NA,Hot Safe,58,6.444444444444445,183,3.1551724137931036,Hot,Safe
A,SIM,15,1438,6,2,28,33,30,19,0,0,NA,NA,Hot Safe,110,7.333333333333333,477,4.336363636363636,Hot,Safe
A,SIM,9,1411,7,2,23,39,17,5,0,1,NA,NA,Hot Safe,85,9.444444444444445,327,3.847058823529412,Hot,Safe
A,SIM,9,1414,8,2,17,35,15,15,2,1,NA,NA,Hot Safe,85,9.444444444444445,363,4.270588235294118,Hot,Safe
A,SIM,3,1387,9,2,15,24,0,0,0,0,NA,NA,Hot Safe,39,13,117,3,Hot,Safe
A,SIM,1,1357,10,2,8,6,0,0,0,0,NA,NA,Hot Safe,14,14,42,3,Hot,Safe
A,SUL,3,1759,1,3,16,9,0,0,0,0,NA,NA,Hot Safe,25,8.333333333333334,75,3,Hot,Safe
A,SUL,1,1735,2,3,0,0,0,0,0,0,NA,NA,Hot Safe,0,0,0,NaN,Hot,Safe
A,SUL,1,1732,3,3,0,0,0,0,0,0,NA,NA,Hot Safe,0,0,0,NaN,Hot,Safe
A,SUL,9,1786,4,3,21,23,0,0,0,0,NA,NA,Hot Safe,44,4.888888888888889,132,3,Hot,Safe
A,SUL,1,1729,5,3,0,1,0,0,0,0,NA,NA,Hot Safe,1,1,3,3,Hot,Safe
A,SUL,3,1762,6,3,21,15,0,0,0,0,NA,NA,Hot Safe,36,12,108,3,Hot,Safe
A,SUL,15,1810,7,3,15,29,7,27,1,4,NA,NA,Hot Safe,83,5.533333333333333,381,4.590361445783133,Hot,Safe
A,SUL,9,1783,8,3,21,25,15,19,1,2,NA,NA,Hot Safe,83,9.222222222222221,369,4.445783132530121,Hot,Safe
A,SUL,15,1807,9,3,27,28,6,6,0,0,NA,NA,Hot Safe,67,4.466666666666667,237,3.537313432835821,Hot,Safe
A,SUL,1,1738,10,3,1,3,0,0,0,0,NA,NA,Hot Safe,4,4,12,3,Hot,Safe
A,PAN,3,1066,1,4,2,7,0,0,0,0,NA,NA,Hot Safe,9,3,27,3,Hot,Safe
A,PAN,1,1042,2,4,0,0,0,0,0,0,NA,NA,Hot Safe,0,0,0,NaN,Hot,Safe
A,PAN,9,1090,3,4,21,16,0,1,0,0,NA,NA,Hot Safe,38,4.222222222222222,117,3.0789473684210527,Hot,Safe
A,PAN,3,1063,4,4,2,4,0,0,0,0,NA,NA,Hot Safe,6,2,18,3,Hot,Safe
A,PAN,15,1114,5,4,32,38,25,11,0,0,NA,NA,Hot Safe,106,7.066666666666666,426,4.018867924528302,Hot,Safe
A,BIR,1,37,6,4,0,0,1,0,0,0,NA,NA,Hot Safe,1,1,6,6,Hot,Safe
A,BIR,1,40,7,4,0,0,2,0,0,0,NA,NA,Hot Safe,2,2,12,6,Hot,Safe
A,BIR,9,91,8,4,0,0,12,23,2,0,NA,NA,Hot Safe,37,4.111111111111111,228,6.162162162162162,Hot,Safe
A,BIR,1,46,9,4,0,0,0,3,0,0,NA,NA,Hot Safe,3,3,18,6,Hot,Safe
A,BIR,3,70,10,4,0,0,15,10,0,0,NA,NA,Hot Safe,25,8.333333333333334,150,6,Hot,Safe
A,SIM,3,1390,1,5,22,30,2,0,0,0,NA,NA,Hot Safe,54,18,168,3.111111111111111,Hot,Safe
A,SIM,1,1360,2,5,2,8,0,0,0,0,NA,NA,Hot Safe,10,10,30,3,Hot,Safe
A,SIM,15,1435,3,5,19,39,28,18,0,0,NA,NA,Hot Safe,104,6.933333333333334,450,4.326923076923077,Hot,Safe
A,SIM,1,1363,4,5,3,5,0,0,0,0,NA,NA,Hot Safe,8,8,24,3,Hot,Safe
A,SIM,1,1366,5,5,6,9,0,0,0,0,NA,NA,Hot Safe,15,15,45,3,Hot,Safe
A,PSA,15,1231,6,5,32,36,1,0,0,0,NA,NA,Hot Safe,69,4.6,210,3.0434782608695654,Hot,Safe
A,PSA,1,1153,7,5,1,1,0,0,0,0,NA,NA,Hot Safe,2,2,6,3,Hot,Safe
A,PSA,9,1210,8,5,15,28,0,2,1,0,NA,NA,Hot Safe,46,5.111111111111111,150,3.260869565217391,Hot,Safe
A,PSA,3,1183,9,5,4,4,0,0,0,0,NA,NA,Hot Safe,8,2.6666666666666665,24,3,Hot,Safe
A,PSA,1,1159,10,5,0,0,0,0,0,0,NA,NA,Hot Safe,0,0,0,NaN,Hot,Safe
A,PAL,1,499,1,6,0,0,0,0,0,0,NA,NA,Hot Safe,0,0,0,NaN,Hot,Safe
A,PAL,15,574,2,6,8,9,30,38,2,13,NA,NA,Hot Safe,100,6.666666666666667,594,5.94,Hot,Safe
A,PAL,9,550,3,6,18,16,31,31,0,0,NA,NA,Hot Safe,96,10.666666666666666,474,4.9375,Hot,Safe
A,PAL,1,496,4,6,0,0,0,0,0,0,NA,NA,Hot Safe,0,0,0,NaN,Hot,Safe
A,PAL,1,502,5,6,0,4,0,0,0,0,NA,NA,Hot Safe,4,4,12,3,Hot,Safe
A,PAN,1,1036,6,6,0,0,0,0,0,0,NA,NA,Hot Safe,0,0,0,NaN,Hot,Safe
A,PAN,15,1111,7,6,31,22,5,2,0,0,NA,NA,Hot Safe,60,4,201,3.35,Hot,Safe
A,PAN,1,1033,8,6,0,1,0,0,0,0,NA,NA,Hot Safe,1,1,3,3,Hot,Safe
A,PAN,9,1087,9,6,14,12,0,0,0,0,NA,NA,Hot Safe,26,2.888888888888889,78,3,Hot,Safe
A,PAN,1,1039,10,6,6,3,0,0,0,0,NA,NA,Hot Safe,9,9,27,3,Hot,Safe
B,SUL,9,1769,1,1,10,9,0,0,0,0,0,0,Cold Para,19,2.111111111111111,57,3,Cold,Para
B,SUL,1,1694,2,1,0,0,0,0,0,0,0,0,Cold Para,0,0,0,NaN,Cold,Para
B,SUL,1,1700,3,1,1,0,0,0,0,0,0,0,Cold Para,1,1,3,3,Cold,Para
B,SUL,9,1766,4,1,12,8,13,17,2,2,0,0,Cold Para,54,6,276,5.111111111111111,Cold,Para
B,SUL,1,1703,5,1,1,1,0,0,0,0,0,0,Cold Para,2,2,6,3,Cold,Para
B,PAL,15,557,6,1,6,10,1,0,0,0,0,0,Cold Para,17,1.1333333333333333,54,3.176470588235294,Cold,Para
B,PAL,15,554,7,1,0,0,20,16,9,24,2,1,Cold Para,72,4.8,549,7.625,Cold,Para
B,PAL,9,530,8,1,0,1,9,23,7,9,2,2,Cold Para,53,5.888888888888889,387,7.30188679245283,Cold,Para
B,PAL,3,506,9,1,2,1,0,1,0,0,0,0,Cold Para,4,1.3333333333333333,15,3.75,Cold,Para
B,PAL,9,533,10,1,19,19,2,3,0,0,0,0,Cold Para,43,4.777777777777778,144,3.3488372093023258,Cold,Para
B,PAL,1,461,1,2,0,0,0,0,0,0,0,0,Cold Para,0,0,0,NaN,Cold,Para
B,PAL,3,509,2,2,6,12,1,1,0,0,0,0,Cold Para,20,6.666666666666667,66,3.3,Cold,Para
B,PAL,1,467,3,2,0,1,0,0,0,0,0,0,Cold Para,1,1,3,3,Cold,Para
B,PAL,1,464,4,2,0,0,0,0,0,0,0,0,Cold Para,0,0,0,NaN,Cold,Para
B,PAL,1,458,5,2,0,0,0,0,0,0,0,0,Cold Para,0,0,0,NaN,Cold,Para
B,PSA,9,1193,6,2,1,1,0,0,0,0,0,0,Cold Para,2,0.2222222222222222,6,3,Cold,Para
B,PSA,1,1118,7,2,0,0,0,0,0,0,0,0,Cold Para,0,0,0,NaN,Cold,Para
B,PSA,1,1121,8,2,0,0,0,0,0,0,0,0,Cold Para,0,0,0,NaN,Cold,Para
B,PSA,15,1217,9,2,2,0,0,0,0,0,0,0,Cold Para,2,0.13333333333333333,6,3,Cold,Para
B,PSA,15,1214,10,2,2,4,1,0,0,0,0,0,Cold Para,7,0.4666666666666667,24,3.4285714285714284,Cold,Para
B,PAN,1,1001,1,3,2,1,0,0,0,0,0,0,Cold Para,3,3,9,3,Cold,Para
B,PAN,9,1073,2,3,2,1,0,0,0,0,0,0,Cold Para,3,0.3333333333333333,9,3,Cold,Para
B,PAN,15,1097,3,3,0,0,2,5,0,0,0,0,Cold Para,7,0.4666666666666667,42,6,Cold,Para
B,PAN,3,1046,4,3,0,0,0,0,0,0,0,0,Cold Para,0,0,0,NaN,Cold,Para
B,PAN,1,1004,5,3,0,0,0,0,0,0,0,0,Cold Para,0,0,0,NaN,Cold,Para
B,PAN,15,1094,6,3,2,8,7,8,0,0,0,0,Cold Para,25,1.6666666666666667,120,4.8,Cold,Para
B,PAN,3,1049,7,3,1,1,0,0,0,0,0,0,Cold Para,2,0.6666666666666666,6,3,Cold,Para
B,PAN,9,1070,8,3,4,3,0,1,0,0,0,0,Cold Para,8,0.8888888888888888,27,3.375,Cold,Para
B,PAN,1,1007,9,3,0,0,0,0,0,0,0,0,Cold Para,0,0,0,NaN,Cold,Para
B,PAN,1,998,10,3,0,0,0,0,0,0,0,0,Cold Para,0,0,0,NaN,Cold,Para
B,PSA,3,1169,1,4,0,0,0,0,0,0,0,0,Cold Para,0,0,0,NaN,Cold,Para
B,PSA,1,1127,2,4,0,0,0,0,0,0,0,0,Cold Para,0,0,0,NaN,Cold,Para
B,PSA,1,1124,3,4,0,0,0,0,0,0,0,0,Cold Para,0,0,0,NaN,Cold,Para
B,PSA,9,1190,4,4,7,9,1,1,0,0,0,0,Cold Para,18,2,60,3.3333333333333335,Cold,Para
B,PSA,3,1166,5,4,1,0,0,0,0,0,0,0,Cold Para,1,0.3333333333333333,3,3,Cold,Para
B,BIR,3,53,6,4,0,0,2,0,1,1,0,0,Cold Para,4,1.3333333333333333,30,7.5,Cold,Para
B,BIR,3,50,7,4,0,0,3,1,1,0,0,0,Cold Para,5,1.6666666666666667,33,6.6,Cold,Para
B,BIR,1,5,8,4,0,0,0,2,0,0,0,0,Cold Para,2,2,12,6,Cold,Para
B,BIR,9,74,9,4,0,2,10,9,4,1,0,0,Cold Para,26,2.888888888888889,165,6.346153846153846,Cold,Para
B,BIR,1,8,10,4,0,0,2,1,0,0,0,0,Cold Para,3,3,18,6,Cold,Para
B,BIR,9,77,1,5,0,0,5,9,8,0,0,0,Cold Para,22,2.4444444444444446,156,7.090909090909091,Cold,Para
B,BIR,15,98,2,5,0,0,3,9,23,8,0,0,Cold Para,43,2.8666666666666667,351,8.162790697674419,Cold,Para
B,BIR,1,2,3,5,0,0,1,0,0,0,0,0,Cold Para,1,1,6,6,Cold,Para
B,BIR,15,101,4,5,0,1,1,12,28,11,0,0,Cold Para,53,3.533333333333333,432,8.150943396226415,Cold,Para
B,BIR,1,11,5,5,0,0,1,0,1,0,0,0,Cold Para,2,2,15,7.5,Cold,Para
B,SUL,3,1745,6,5,4,3,0,0,0,0,0,0,Cold Para,7,2.3333333333333335,21,3,Cold,Para
B,SUL,3,1742,7,5,3,2,0,0,0,0,0,0,Cold Para,5,1.6666666666666667,15,3,Cold,Para
B,SUL,1,1697,8,5,0,0,0,0,0,0,0,0,Cold Para,0,0,0,NaN,Cold,Para
B,SUL,15,1793,9,5,3,5,1,1,0,0,0,0,Cold Para,10,0.6666666666666666,36,3.6,Cold,Para
B,SUL,15,1790,10,5,2,3,0,4,0,0,0,0,Cold Para,9,0.6,39,4.333333333333333,Cold,Para
B,SIM,3,1370,1,6,0,2,0,0,0,0,0,0,Cold Para,2,0.6666666666666666,6,3,Cold,Para
B,SIM,15,1418,2,6,12,24,15,5,1,0,0,0,Cold Para,57,3.8,237,4.157894736842105,Cold,Para
B,SIM,1,1331,3,6,2,0,0,0,0,0,0,0,Cold Para,2,2,6,3,Cold,Para
B,SIM,9,1397,4,6,8,7,0,0,0,0,0,0,Cold Para,15,1.6666666666666667,45,3,Cold,Para
B,SIM,3,1373,5,6,5,2,0,0,0,0,0,0,Cold Para,7,2.3333333333333335,21,3,Cold,Para
B,SIM,9,1394,6,6,13,9,2,1,0,0,0,0,Cold Para,25,2.7777777777777777,84,3.36,Cold,Para
B,SIM,15,1421,7,6,17,25,6,1,0,0,0,0,Cold Para,49,3.2666666666666666,168,3.4285714285714284,Cold,Para
B,SIM,1,1325,8,6,1,4,0,0,0,0,0,0,Cold Para,5,5,15,3,Cold,Para
B,SIM,1,1322,9,6,3,2,0,0,0,0,0,0,Cold Para,5,5,15,3,Cold,Para
B,SIM,1,1328,10,6,6,7,0,0,0,0,0,0,Cold Para,13,13,39,3,Cold,Para
B,PSA,1,1133,1,1,2,0,0,0,0,0,0,0,Cold Safe,2,2,6,3,Cold,Safe
B,PSA,1,1130,2,1,0,0,0,0,0,0,0,0,Cold Safe,0,0,0,NaN,Cold,Safe
B,PSA,3,1175,3,1,6,5,0,0,0,0,0,0,Cold Safe,11,3.6666666666666665,33,3,Cold,Safe
B,PSA,9,1196,4,1,15,6,0,0,0,0,0,0,Cold Safe,21,2.3333333333333335,63,3,Cold,Safe
B,PSA,15,1220,5,1,18,15,1,0,0,0,0,0,Cold Safe,34,2.2666666666666666,105,3.088235294117647,Cold,Safe
B,BIR,3,59,6,1,0,0,8,6,1,0,0,0,Cold Safe,15,5,93,6.2,Cold,Safe
B,BIR,3,56,7,1,0,7,4,3,0,0,0,0,Cold Safe,14,4.666666666666667,63,4.5,Cold,Safe
B,BIR,1,14,8,1,0,1,4,3,0,0,0,0,Cold Safe,8,8,45,5.625,Cold,Safe
B,BIR,1,20,9,1,0,0,2,2,1,0,0,0,Cold Safe,5,5,33,6.6,Cold,Safe
B,BIR,1,17,10,1,0,1,4,1,0,0,0,0,Cold Safe,6,6,33,5.5,Cold,Safe
B,PAN,1,1013,1,2,0,1,0,0,0,0,0,0,Cold Safe,1,1,3,3,Cold,Safe
B,PAN,1,1010,2,2,0,1,0,0,0,0,0,0,Cold Safe,1,1,3,3,Cold,Safe
B,PAN,3,1052,3,2,0,0,0,0,0,0,0,0,Cold Safe,0,0,0,NaN,Cold,Safe
B,PAN,15,1103,4,2,15,9,1,0,0,0,0,0,Cold Safe,25,1.6666666666666667,78,3.12,Cold,Safe
B,PAN,1,1019,5,2,0,0,0,0,0,0,0,0,Cold Safe,0,0,0,NaN,Cold,Safe
B,PSA,1,1139,6,2,0,0,0,0,0,0,0,0,Cold Safe,0,0,0,NaN,Cold,Safe
B,PSA,15,1223,7,2,22,17,2,1,0,0,0,0,Cold Safe,42,2.8,135,3.2142857142857144,Cold,Safe
B,PSA,3,1172,8,2,2,5,2,0,0,0,0,0,Cold Safe,9,3,33,3.6666666666666665,Cold,Safe
B,PSA,1,1136,9,2,0,0,0,0,0,0,0,0,Cold Safe,0,0,0,NaN,Cold,Safe
B,PSA,9,1199,10,2,5,3,1,0,0,0,0,0,Cold Safe,9,1,30,3.3333333333333335,Cold,Safe
B,PAL,1,479,1,3,0,0,0,0,0,0,0,0,Cold Safe,0,0,0,NaN,Cold,Safe
B,PAL,15,560,2,3,19,21,1,1,0,0,0,0,Cold Safe,42,2.8,132,3.142857142857143,Cold,Safe
B,PAL,9,536,3,3,13,23,0,0,0,0,0,0,Cold Safe,36,4,108,3,Cold,Safe
B,PAL,1,473,4,3,2,1,0,0,0,0,0,0,Cold Safe,3,3,9,3,Cold,Safe
B,PAL,1,476,5,3,0,0,0,0,0,0,0,0,Cold Safe,0,0,0,NaN,Cold,Safe
B,SIM,9,1400,6,3,29,11,0,0,0,0,0,0,Cold Safe,40,4.444444444444445,120,3,Cold,Safe
B,SIM,1,1337,7,3,4,4,0,0,0,0,0,0,Cold Safe,8,8,24,3,Cold,Safe
B,SIM,1,1343,8,3,10,8,0,0,0,0,0,0,Cold Safe,18,18,54,3,Cold,Safe
B,SIM,3,1379,9,3,10,11,0,0,0,0,0,0,Cold Safe,21,7,63,3,Cold,Safe
B,SIM,15,1424,10,3,50,60,9,16,1,1,0,0,Cold Safe,137,9.133333333333333,498,3.6350364963503647,Cold,Safe
B,SUL,1,1709,1,4,0,0,0,0,0,0,0,0,Cold Safe,0,0,0,NaN,Cold,Safe
B,SUL,15,1796,2,4,23,25,5,9,1,0,0,0,Cold Safe,63,4.2,237,3.761904761904762,Cold,Safe
B,SUL,9,1775,3,4,17,5,0,1,0,0,0,0,Cold Safe,23,2.5555555555555554,72,3.130434782608696,Cold,Safe
B,SUL,3,1748,4,4,8,10,1,1,0,0,0,0,Cold Safe,20,6.666666666666667,66,3.3,Cold,Safe
B,SUL,1,1706,5,4,2,1,0,0,0,0,0,0,Cold Safe,3,3,9,3,Cold,Safe
B,PAN,3,1055,6,4,2,5,0,0,0,0,0,0,Cold Safe,7,2.3333333333333335,21,3,Cold,Safe
B,PAN,9,1079,7,4,0,1,0,0,0,0,0,0,Cold Safe,1,0.1111111111111111,3,3,Cold,Safe
B,PAN,15,1100,8,4,6,10,1,1,0,0,0,0,Cold Safe,18,1.2,60,3.3333333333333335,Cold,Safe
B,PAN,9,1076,9,4,1,0,0,0,0,0,0,0,Cold Safe,1,0.1111111111111111,3,3,Cold,Safe
B,PAN,1,1016,10,4,0,0,0,0,0,0,0,0,Cold Safe,0,0,0,NaN,Cold,Safe
B,SIM,15,1427,1,5,47,55,7,2,0,0,0,0,Cold Safe,111,7.4,360,3.2432432432432434,Cold,Safe
B,SIM,1,1340,2,5,4,11,0,0,0,0,0,0,Cold Safe,15,15,45,3,Cold,Safe
B,SIM,3,1376,3,5,7,7,0,0,0,0,0,0,Cold Safe,14,4.666666666666667,42,3,Cold,Safe
B,SIM,9,1403,4,5,33,35,6,2,0,0,0,0,Cold Safe,76,8.444444444444445,252,3.3157894736842106,Cold,Safe
B,SIM,1,1334,5,5,7,8,0,0,0,0,0,0,Cold Safe,15,15,45,3,Cold,Safe
B,PAL,1,470,6,5,0,0,0,0,0,0,0,0,Cold Safe,0,0,0,NaN,Cold,Safe
B,PAL,3,512,7,5,2,6,0,0,0,0,0,0,Cold Safe,8,2.6666666666666665,24,3,Cold,Safe
B,PAL,3,515,8,5,9,7,0,0,0,0,0,0,Cold Safe,16,5.333333333333333,48,3,Cold,Safe
B,PAL,9,539,9,5,16,17,0,0,0,0,0,0,Cold Safe,33,3.6666666666666665,99,3,Cold,Safe
B,PAL,15,563,10,5,10,7,0,0,0,0,0,0,Cold Safe,17,1.1333333333333333,51,3,Cold,Safe
B,BIR,1,23,1,6,0,3,9,1,0,0,0,0,Cold Safe,13,13,69,5.3076923076923075,Cold,Safe
B,BIR,9,83,2,6,0,7,24,30,3,8,0,0,Cold Safe,72,8,444,6.166666666666667,Cold,Safe
B,BIR,9,80,3,6,1,8,17,17,11,3,0,0,Cold Safe,57,6.333333333333333,357,6.2631578947368425,Cold,Safe
B,BIR,15,107,4,6,1,9,24,24,4,2,0,0,Cold Safe,64,4.266666666666667,372,5.8125,Cold,Safe
B,BIR,15,104,5,6,0,11,27,15,4,1,0,0,Cold Safe,58,3.8666666666666667,330,5.689655172413793,Cold,Safe
B,SUL,1,1712,6,6,5,6,0,0,0,0,0,0,Cold Safe,11,11,33,3,Cold,Safe
B,SUL,1,1715,7,6,0,0,0,0,0,0,0,0,Cold Safe,0,0,0,NaN,Cold,Safe
B,SUL,3,1751,8,6,2,2,0,0,0,0,0,0,Cold Safe,4,1.3333333333333333,12,3,Cold,Safe
B,SUL,9,1772,9,6,4,1,0,0,0,0,0,0,Cold Safe,5,0.5555555555555556,15,3,Cold,Safe
B,SUL,15,1799,10,6,34,14,6,5,0,0,0,0,Cold Safe,59,3.933333333333333,210,3.559322033898305,Cold,Safe
B,BIR,9,89,1,1,0,0,17,22,9,11,NA,NA,Hot Para,59,6.555555555555555,414,7.016949152542373,Hot,Para
B,BIR,15,113,2,1,0,0,1,0,7,10,NA,NA,Hot Para,18,1.2,159,8.833333333333334,Hot,Para
B,BIR,15,110,3,1,0,0,7,4,36,33,NA,NA,Hot Para,80,5.333333333333333,687,8.5875,Hot,Para
B,BIR,1,32,4,1,0,0,1,2,0,0,NA,NA,Hot Para,3,3,18,6,Hot,Para
B,BIR,1,29,5,1,0,0,2,1,0,0,NA,NA,Hot Para,3,3,18,6,Hot,Para
B,PAN,15,1106,6,1,1,1,21,15,0,0,NA,NA,Hot Para,38,2.533333333333333,222,5.842105263157895,Hot,Para
B,PAN,3,1061,7,1,0,0,0,0,0,0,NA,NA,Hot Para,0,0,0,NaN,Hot,Para
B,PAN,3,1058,8,1,0,0,0,0,0,0,NA,NA,Hot Para,0,0,0,NaN,Hot,Para
B,PAN,1,1028,9,1,0,0,0,0,0,0,NA,NA,Hot Para,0,0,0,NaN,Hot,Para
B,PAN,9,1082,10,1,5,5,0,0,0,0,NA,NA,Hot Para,10,1.1111111111111112,30,3,Hot,Para
B,SUL,9,1781,1,2,1,4,0,0,0,0,NA,NA,Hot Para,5,0.5555555555555556,15,3,Hot,Para
B,SUL,3,1757,2,2,0,2,0,0,0,0,NA,NA,Hot Para,2,0.6666666666666666,6,3,Hot,Para
B,SUL,3,1754,3,2,0,0,0,0,0,0,NA,NA,Hot Para,0,0,0,NaN,Hot,Para
B,SUL,9,1778,4,2,1,0,0,0,0,0,NA,NA,Hot Para,1,0.1111111111111111,3,3,Hot,Para
B,SUL,1,1718,5,2,1,2,0,0,0,0,NA,NA,Hot Para,3,3,9,3,Hot,Para
B,BIR,1,35,6,2,0,0,2,3,0,0,NA,NA,Hot Para,5,5,30,6,Hot,Para
B,BIR,3,62,7,2,0,0,15,20,0,0,NA,NA,Hot Para,35,11.666666666666666,210,6,Hot,Para
B,BIR,3,65,8,2,0,0,19,9,0,0,NA,NA,Hot Para,28,9.333333333333334,168,6,Hot,Para
B,BIR,1,26,9,2,0,1,2,2,0,0,NA,NA,Hot Para,5,5,27,5.4,Hot,Para
B,BIR,9,86,10,2,0,0,31,30,14,8,NA,NA,Hot Para,83,9.222222222222221,564,6.795180722891566,Hot,Para
B,PAN,1,1022,1,3,1,6,0,0,0,0,NA,NA,Hot Para,7,7,21,3,Hot,Para
B,PAN,15,1109,2,3,18,16,0,3,0,0,NA,NA,Hot Para,37,2.466666666666667,120,3.2432432432432434,Hot,Para
B,PAN,1,1031,3,3,1,0,0,0,0,0,NA,NA,Hot Para,1,1,3,3,Hot,Para
B,PAN,1,1025,4,3,0,0,0,0,0,0,NA,NA,Hot Para,0,0,0,NaN,Hot,Para
B,PAN,9,1085,5,3,13,16,1,0,0,0,NA,NA,Hot Para,30,3.3333333333333335,93,3.1,Hot,Para
B,SIM,3,1385,6,3,9,10,0,1,0,0,NA,NA,Hot Para,20,6.666666666666667,63,3.15,Hot,Para
B,SIM,15,1430,7,3,30,21,7,12,0,0,NA,NA,Hot Para,70,4.666666666666667,267,3.8142857142857145,Hot,Para
B,SIM,9,1406,8,3,25,31,2,1,0,0,NA,NA,Hot Para,59,6.555555555555555,186,3.152542372881356,Hot,Para
B,SIM,1,1355,9,3,6,7,0,0,0,0,NA,NA,Hot Para,13,13,39,3,Hot,Para
B,SIM,3,1382,10,3,14,20,0,0,0,0,NA,NA,Hot Para,34,11.333333333333334,102,3,Hot,Para
B,SIM,15,1433,1,4,25,20,7,12,0,0,NA,NA,Hot Para,64,4.266666666666667,249,3.890625,Hot,Para
B,SIM,1,1349,2,4,5,9,0,0,0,0,NA,NA,Hot Para,14,14,42,3,Hot,Para
B,SIM,1,1346,3,4,0,1,0,0,0,0,NA,NA,Hot Para,1,1,3,3,Hot,Para
B,SIM,9,1409,4,4,19,31,9,11,0,0,NA,NA,Hot Para,70,7.777777777777778,270,3.857142857142857,Hot,Para
B,SIM,1,1352,5,4,3,3,0,0,0,0,NA,NA,Hot Para,6,6,18,3,Hot,Para
B,PSA,9,1205,6,4,20,18,0,0,0,0,NA,NA,Hot Para,38,4.222222222222222,114,3,Hot,Para
B,PSA,9,1202,7,4,4,2,1,0,0,0,NA,NA,Hot Para,7,0.7777777777777778,24,3.4285714285714284,Hot,Para
B,PSA,15,1229,8,4,23,10,1,3,0,0,NA,NA,Hot Para,37,2.466666666666667,123,3.324324324324324,Hot,Para
B,PSA,1,1142,9,4,3,1,1,0,0,0,NA,NA,Hot Para,5,5,18,3.6,Hot,Para
B,PSA,1,1145,10,4,1,3,0,0,0,0,NA,NA,Hot Para,4,4,12,3,Hot,Para
B,PAL,3,518,1,5,1,5,0,0,0,0,NA,NA,Hot Para,6,2,18,3,Hot,Para
B,PAL,9,545,2,5,11,8,13,16,0,0,NA,NA,Hot Para,48,5.333333333333333,231,4.8125,Hot,Para
B,PAL,9,542,3,5,16,11,6,22,0,0,NA,NA,Hot Para,55,6.111111111111111,249,4.527272727272727,Hot,Para
B,PAL,1,488,4,5,1,3,0,0,0,0,NA,NA,Hot Para,4,4,12,3,Hot,Para
B,PAL,1,482,5,5,0,1,0,0,0,0,NA,NA,Hot Para,1,1,3,3,Hot,Para
B,SUL,15,1805,6,5,9,16,7,16,0,1,NA,NA,Hot Para,49,3.2666666666666666,222,4.530612244897959,Hot,Para
B,SUL,1,1724,7,5,1,0,0,0,0,0,NA,NA,Hot Para,1,1,3,3,Hot,Para
B,SUL,15,1802,8,5,1,6,6,15,0,0,NA,NA,Hot Para,28,1.8666666666666667,147,5.25,Hot,Para
B,SUL,1,1721,9,5,0,0,0,0,0,0,NA,NA,Hot Para,0,0,0,NaN,Hot,Para
B,SUL,1,1727,10,5,0,0,0,0,0,0,NA,NA,Hot Para,0,0,0,NaN,Hot,Para
B,PSA,3,1178,1,6,0,0,0,0,0,0,NA,NA,Hot Para,0,0,0,NaN,Hot,Para
B,PSA,1,1151,2,6,0,0,0,0,0,0,NA,NA,Hot Para,0,0,0,NaN,Hot,Para
B,PSA,15,1226,3,6,22,27,5,1,0,0,NA,NA,Hot Para,55,3.6666666666666665,183,3.327272727272727,Hot,Para
B,PSA,3,1181,4,6,2,0,0,1,0,0,NA,NA,Hot Para,3,1,12,4,Hot,Para
B,PSA,1,1148,5,6,0,0,0,0,0,0,NA,NA,Hot Para,0,0,0,NaN,Hot,Para
B,PAL,1,485,6,6,0,0,0,0,0,0,NA,NA,Hot Para,0,0,0,NaN,Hot,Para
B,PAL,15,569,7,6,6,1,24,48,2,5,NA,NA,Hot Para,86,5.733333333333333,516,6,Hot,Para
B,PAL,15,566,8,6,9,4,12,25,0,0,NA,NA,Hot Para,50,3.3333333333333335,261,5.22,Hot,Para
B,PAL,3,521,9,6,0,0,0,0,0,0,NA,NA,Hot Para,0,0,0,NaN,Hot,Para
B,PAL,1,491,10,6,0,0,0,0,0,0,NA,NA,Hot Para,0,0,0,NaN,Hot,Para
B,SUL,1,1736,1,1,2,0,0,0,0,0,NA,NA,Hot Safe,2,2,6,3,Hot,Safe
B,SUL,9,1787,2,1,17,20,1,2,0,0,NA,NA,Hot Safe,40,4.444444444444445,129,3.225,Hot,Safe
B,SUL,1,1730,3,1,4,2,0,0,0,0,NA,NA,Hot Safe,6,6,18,3,Hot,Safe
B,SUL,15,1811,4,1,29,19,1,1,0,0,NA,NA,Hot Safe,50,3.3333333333333335,156,3.12,Hot,Safe
B,SUL,15,1808,5,1,15,12,1,1,0,0,NA,NA,Hot Safe,29,1.9333333333333333,93,3.206896551724138,Hot,Safe
B,PAN,1,1040,6,1,2,4,0,0,0,0,NA,NA,Hot Safe,6,6,18,3,Hot,Safe
B,PAN,3,1064,7,1,10,3,0,0,0,0,NA,NA,Hot Safe,13,4.333333333333333,39,3,Hot,Safe
B,PAN,9,1088,8,1,18,22,1,1,0,0,NA,NA,Hot Safe,42,4.666666666666667,132,3.142857142857143,Hot,Safe
B,PAN,15,1112,9,1,42,38,9,16,0,0,NA,NA,Hot Safe,105,7,390,3.7142857142857144,Hot,Safe
B,PAN,1,1034,10,1,11,7,0,0,0,0,NA,NA,Hot Safe,18,18,54,3,Hot,Safe
B,PAN,3,1067,1,2,7,6,0,0,0,0,NA,NA,Hot Safe,13,4.333333333333333,39,3,Hot,Safe
B,PAN,1,1043,2,2,0,0,0,0,0,0,NA,NA,Hot Safe,0,0,0,NaN,Hot,Safe
B,PAN,15,1115,3,2,30,29,7,2,0,0,NA,NA,Hot Safe,68,4.533333333333333,231,3.3970588235294117,Hot,Safe
B,PAN,9,1091,4,2,20,20,0,0,0,0,NA,NA,Hot Safe,40,4.444444444444445,120,3,Hot,Safe
B,PAN,1,1037,5,2,0,0,0,0,0,0,NA,NA,Hot Safe,0,0,0,NaN,Hot,Safe
B,BIR,3,71,6,2,0,0,18,15,0,0,NA,NA,Hot Safe,33,11,198,6,Hot,Safe
B,BIR,1,41,7,2,0,0,8,6,1,0,NA,NA,Hot Safe,15,15,93,6.2,Hot,Safe
B,BIR,15,116,8,2,0,0,26,22,12,7,NA,NA,Hot Safe,67,4.466666666666667,459,6.850746268656716,Hot,Safe
B,BIR,3,68,9,2,0,0,19,17,0,0,NA,NA,Hot Safe,36,12,216,6,Hot,Safe
B,BIR,15,119,10,2,0,0,10,27,22,20,NA,NA,Hot Safe,79,5.266666666666667,600,7.594936708860759,Hot,Safe
B,SIM,1,1364,1,3,6,3,0,0,0,0,NA,NA,Hot Safe,9,9,27,3,Hot,Safe
B,SIM,15,1436,2,3,29,22,6,3,0,0,NA,NA,Hot Safe,60,4,207,3.45,Hot,Safe
B,SIM,1,1367,3,3,1,2,0,0,0,0,NA,NA,Hot Safe,3,3,9,3,Hot,Safe
B,SIM,3,1391,4,3,22,19,0,1,0,0,NA,NA,Hot Safe,42,14,129,3.0714285714285716,Hot,Safe
B,SIM,1,1358,5,3,7,4,0,0,0,0,NA,NA,Hot Safe,11,11,33,3,Hot,Safe
B,PSA,3,1187,6,3,1,2,0,0,0,0,NA,NA,Hot Safe,3,1,9,3,Hot,Safe
B,PSA,3,1184,7,3,2,2,0,0,0,1,NA,NA,Hot Safe,5,1.6666666666666667,21,4.2,Hot,Safe
B,PSA,15,1235,8,3,32,45,4,3,0,0,NA,NA,Hot Safe,84,5.6,273,3.25,Hot,Safe
B,PSA,1,1154,9,3,4,9,0,0,0,0,NA,NA,Hot Safe,13,13,39,3,Hot,Safe
B,PSA,15,1232,10,3,45,45,5,2,0,1,NA,NA,Hot Safe,98,6.533333333333333,321,3.2755102040816326,Hot,Safe
B,PAL,9,548,1,4,29,13,11,21,0,0,NA,NA,Hot Safe,74,8.222222222222221,318,4.297297297297297,Hot,Safe
B,PAL,3,524,2,4,12,5,0,0,0,0,NA,NA,Hot Safe,17,5.666666666666667,51,3,Hot,Safe
B,PAL,1,497,3,4,5,3,0,0,0,0,NA,NA,Hot Safe,8,8,24,3,Hot,Safe
B,PAL,1,494,4,4,0,0,0,0,0,0,NA,NA,Hot Safe,0,0,0,NaN,Hot,Safe
B,PAL,3,527,5,4,9,5,0,3,0,0,NA,NA,Hot Safe,17,5.666666666666667,60,3.5294117647058822,Hot,Safe
B,PAL,1,500,6,4,0,0,0,0,0,0,NA,NA,Hot Safe,0,0,0,NaN,Hot,Safe
B,PAL,9,551,7,4,23,21,29,29,1,1,NA,NA,Hot Safe,104,11.555555555555555,498,4.788461538461538,Hot,Safe
B,PAL,15,572,8,4,26,31,24,22,0,0,NA,NA,Hot Safe,103,6.866666666666666,447,4.339805825242719,Hot,Safe
B,PAL,15,575,9,4,24,24,11,23,0,1,NA,NA,Hot Safe,83,5.533333333333333,357,4.301204819277109,Hot,Safe
B,PAL,1,503,10,4,0,0,0,0,0,0,NA,NA,Hot Safe,0,0,0,NaN,Hot,Safe
B,BIR,1,44,1,5,0,0,5,5,1,0,NA,NA,Hot Safe,11,11,69,6.2727272727272725,Hot,Safe
B,BIR,1,47,2,5,0,0,4,5,0,0,NA,NA,Hot Safe,9,9,54,6,Hot,Safe
B,BIR,9,92,3,5,0,0,19,20,24,12,NA,NA,Hot Safe,75,8.333333333333334,558,7.44,Hot,Safe
B,BIR,9,95,4,5,0,0,20,25,22,11,NA,NA,Hot Safe,78,8.666666666666666,567,7.269230769230769,Hot,Safe
B,BIR,1,38,5,5,0,0,0,2,0,0,NA,NA,Hot Safe,2,2,12,6,Hot,Safe
B,SUL,9,1784,6,5,26,21,4,11,2,0,NA,NA,Hot Safe,64,7.111111111111111,249,3.890625,Hot,Safe
B,SUL,3,1760,7,5,20,26,9,5,0,0,NA,NA,Hot Safe,60,20,222,3.7,Hot,Safe
B,SUL,1,1733,8,5,3,5,0,0,0,0,NA,NA,Hot Safe,8,8,24,3,Hot,Safe
B,SUL,1,1739,9,5,0,0,0,0,0,0,NA,NA,Hot Safe,0,0,0,NaN,Hot,Safe
B,SUL,3,1763,10,5,14,10,0,0,0,0,NA,NA,Hot Safe,24,8,72,3,Hot,Safe
B,PSA,9,1211,1,6,6,11,0,0,0,0,NA,NA,Hot Safe,17,1.8888888888888888,51,3,Hot,Safe
B,PSA,9,1208,2,6,25,19,0,1,0,0,NA,NA,Hot Safe,45,5,138,3.066666666666667,Hot,Safe
B,PSA,1,1163,3,6,3,2,0,0,0,0,NA,NA,Hot Safe,5,5,15,3,Hot,Safe
B,PSA,1,1157,4,6,0,0,0,0,0,0,NA,NA,Hot Safe,0,0,0,NaN,Hot,Safe
B,PSA,1,1160,5,6,2,2,0,0,0,0,NA,NA,Hot Safe,4,4,12,3,Hot,Safe
B,SIM,9,1415,6,6,20,30,1,0,0,0,NA,NA,Hot Safe,51,5.666666666666667,156,3.0588235294117645,Hot,Safe
B,SIM,9,1412,7,6,12,12,0,1,0,0,NA,NA,Hot Safe,25,2.7777777777777777,78,3.12,Hot,Safe
B,SIM,15,1439,8,6,15,37,10,3,0,0,NA,NA,Hot Safe,65,4.333333333333333,234,3.6,Hot,Safe
B,SIM,1,1361,9,6,3,2,0,0,0,0,NA,NA,Hot Safe,5,5,15,3,Hot,Safe
B,SIM,3,1388,10,6,5,5,0,0,0,0,NA,NA,Hot Safe,10,3.3333333333333335,30,3,Hot,Safe
C,SUL,3,1746,1,1,0,2,0,0,0,0,NA,NA,Cold Para,2,0.6666666666666666,6,3,Cold,Para
C,SUL,1,1701,2,1,0,1,0,0,0,0,NA,NA,Cold Para,1,1,3,3,Cold,Para
C,SUL,15,1791,3,1,3,3,0,1,0,0,NA,NA,Cold Para,7,0.4666666666666667,24,3.4285714285714284,Cold,Para
C,SUL,1,1704,4,1,0,0,0,0,0,0,NA,NA,Cold Para,0,0,0,NaN,Cold,Para
C,SUL,1,1695,5,1,1,2,0,0,0,0,NA,NA,Cold Para,3,3,9,3,Cold,Para
C,SUL,9,1770,6,1,3,5,0,1,0,0,NA,NA,Cold Para,9,1,30,3.3333333333333335,Cold,Para
C,SUL,15,1794,7,1,11,10,1,0,0,0,NA,NA,Cold Para,22,1.4666666666666666,69,3.1363636363636362,Cold,Para
C,SUL,1,1698,8,1,0,1,0,0,0,0,NA,NA,Cold Para,1,1,3,3,Cold,Para
C,SUL,9,1767,9,1,9,8,0,0,0,0,NA,NA,Cold Para,17,1.8888888888888888,51,3,Cold,Para
C,SUL,3,1743,10,1,1,2,0,0,0,0,NA,NA,Cold Para,3,1,9,3,Cold,Para
C,SIM,9,1398,1,2,29,28,9,6,0,0,NA,NA,Cold Para,72,8,261,3.625,Cold,Para
C,SIM,1,1326,2,2,1,4,0,0,0,0,NA,NA,Cold Para,5,5,15,3,Cold,Para
C,SIM,1,1329,3,2,4,2,0,0,0,0,NA,NA,Cold Para,6,6,18,3,Cold,Para
C,SIM,3,1374,4,2,23,9,0,0,0,0,NA,NA,Cold Para,32,10.666666666666666,96,3,Cold,Para
C,SIM,15,1419,5,2,11,14,41,49,10,12,NA,NA,Cold Para,137,9.133333333333333,813,5.934306569343065,Cold,Para
C,PSA,9,1191,6,2,8,6,0,0,0,0,NA,NA,Cold Para,14,1.5555555555555556,42,3,Cold,Para
C,PSA,1,1122,7,2,0,0,0,0,0,0,NA,NA,Cold Para,0,0,0,NaN,Cold,Para
C,PSA,1,1128,8,2,0,0,1,0,0,0,NA,NA,Cold Para,1,1,6,6,Cold,Para
C,PSA,1,1125,9,2,0,0,0,0,0,0,NA,NA,Cold Para,0,0,0,NaN,Cold,Para
C,PSA,3,1167,10,2,0,0,0,0,0,0,NA,NA,Cold Para,0,0,0,NaN,Cold,Para
C,PAN,1,1008,1,3,0,0,0,0,0,0,NA,NA,Cold Para,0,0,0,NaN,Cold,Para
C,PAN,9,1071,2,3,9,11,4,0,0,0,NA,NA,Cold Para,24,2.6666666666666665,84,3.5,Cold,Para
C,PAN,3,1050,3,3,0,0,0,0,0,0,NA,NA,Cold Para,0,0,0,NaN,Cold,Para
C,PAN,15,1098,4,3,14,13,1,1,0,0,NA,NA,Cold Para,29,1.9333333333333333,93,3.206896551724138,Cold,Para
C,PAN,1,1005,5,3,0,0,0,0,0,0,NA,NA,Cold Para,0,0,0,NaN,Cold,Para
C,PAL,1,459,6,3,0,1,0,0,0,0,NA,NA,Cold Para,1,1,3,3,Cold,Para
C,PAL,1,465,7,3,0,0,0,0,0,0,NA,NA,Cold Para,0,0,0,NaN,Cold,Para
C,PAL,1,462,8,3,0,0,0,0,0,0,NA,NA,Cold Para,0,0,0,NaN,Cold,Para
C,PAL,3,510,9,3,4,2,0,0,0,0,NA,NA,Cold Para,6,2,18,3,Cold,Para
C,PAL,15,558,10,3,11,14,0,0,0,0,NA,NA,Cold Para,25,1.6666666666666667,75,3,Cold,Para
C,PSA,15,1218,1,4,1,2,0,0,0,0,NA,NA,Cold Para,3,0.2,9,3,Cold,Para
C,PSA,1,1119,2,4,0,0,0,0,0,0,NA,NA,Cold Para,0,0,0,NaN,Cold,Para
C,PSA,9,1194,3,4,2,4,0,0,0,0,NA,NA,Cold Para,6,0.6666666666666666,18,3,Cold,Para
C,PSA,3,1170,4,4,0,1,0,0,0,0,NA,NA,Cold Para,1,0.3333333333333333,3,3,Cold,Para
C,PSA,15,1215,5,4,3,1,0,0,0,0,NA,NA,Cold Para,4,0.26666666666666666,12,3,Cold,Para
C,SIM,1,1332,6,4,0,1,0,0,0,0,NA,NA,Cold Para,1,1,3,3,Cold,Para
C,SIM,9,1395,7,4,18,23,33,16,4,1,NA,NA,Cold Para,95,10.555555555555555,462,4.863157894736842,Cold,Para
C,SIM,15,1422,8,4,10,28,24,22,2,5,NA,NA,Cold Para,91,6.066666666666666,453,4.978021978021978,Cold,Para
C,SIM,3,1371,9,4,14,18,0,1,0,0,NA,NA,Cold Para,33,11,102,3.090909090909091,Cold,Para
C,SIM,1,1323,10,4,1,0,0,0,0,0,NA,NA,Cold Para,1,1,3,3,Cold,Para
C,PAL,1,468,1,5,0,1,0,1,0,0,NA,NA,Cold Para,2,2,9,4.5,Cold,Para
C,PAL,15,555,2,5,5,2,0,1,0,0,NA,NA,Cold Para,8,0.5333333333333333,27,3.375,Cold,Para
C,PAL,9,534,3,5,19,14,1,1,0,0,NA,NA,Cold Para,35,3.888888888888889,111,3.1714285714285713,Cold,Para
C,PAL,3,507,4,5,1,2,0,0,0,0,NA,NA,Cold Para,3,1,9,3,Cold,Para
C,PAL,9,531,5,5,6,16,0,0,0,0,NA,NA,Cold Para,22,2.4444444444444446,66,3,Cold,Para
C,BIR,1,12,6,5,0,0,1,0,0,0,NA,NA,Cold Para,1,1,6,6,Cold,Para
C,BIR,1,9,7,5,0,0,2,1,0,0,NA,NA,Cold Para,3,3,18,6,Cold,Para
C,BIR,15,99,8,5,0,0,12,9,0,1,NA,NA,Cold Para,22,1.4666666666666666,135,6.136363636363637,Cold,Para
C,BIR,15,102,9,5,1,5,9,8,1,0,NA,NA,Cold Para,24,1.6,129,5.375,Cold,Para
C,BIR,9,78,10,5,0,1,6,6,1,0,NA,NA,Cold Para,14,1.5555555555555556,84,6,Cold,Para
C,BIR,3,54,1,6,0,0,0,1,0,0,NA,NA,Cold Para,1,0.3333333333333333,6,6,Cold,Para
C,BIR,1,6,2,6,0,0,0,0,0,0,NA,NA,Cold Para,0,0,0,NaN,Cold,Para
C,BIR,9,75,3,6,0,0,1,0,0,0,NA,NA,Cold Para,1,0.1111111111111111,6,6,Cold,Para
C,BIR,3,51,4,6,0,0,0,0,0,0,NA,NA,Cold Para,0,0,0,NaN,Cold,Para
C,BIR,1,3,5,6,0,0,0,0,0,0,NA,NA,Cold Para,0,0,0,NaN,Cold,Para
C,PAN,15,1095,6,6,11,14,4,0,0,0,NA,NA,Cold Para,29,1.9333333333333333,99,3.413793103448276,Cold,Para
C,PAN,1,999,7,6,1,0,0,0,0,0,NA,NA,Cold Para,1,1,3,3,Cold,Para
C,PAN,3,1047,8,6,0,0,0,0,0,0,NA,NA,Cold Para,0,0,0,NaN,Cold,Para
C,PAN,9,1074,9,6,3,10,0,0,0,0,NA,NA,Cold Para,13,1.4444444444444444,39,3,Cold,Para
C,PAN,1,1002,10,6,0,0,0,0,0,0,NA,NA,Cold Para,0,0,0,NaN,Cold,Para
C,SUL,1,1716,1,1,0,0,0,0,0,0,NA,NA,Cold Safe,0,0,0,NaN,Cold,Safe
C,SUL,9,1776,2,1,3,7,0,0,0,0,NA,NA,Cold Safe,10,1.1111111111111112,30,3,Cold,Safe
C,SUL,1,1713,3,1,0,1,0,0,0,0,NA,NA,Cold Safe,1,1,3,3,Cold,Safe
C,SUL,15,1800,4,1,6,12,0,0,0,0,NA,NA,Cold Safe,18,1.2,54,3,Cold,Safe
C,SUL,1,1707,5,1,0,1,0,0,0,0,NA,NA,Cold Safe,1,1,3,3,Cold,Safe
C,PAL,1,474,6,1,0,0,0,0,0,0,NA,NA,Cold Safe,0,0,0,NaN,Cold,Safe
C,PAL,15,564,7,1,15,22,0,0,0,0,NA,NA,Cold Safe,37,2.466666666666667,111,3,Cold,Safe
C,PAL,1,471,8,1,4,1,0,0,0,0,NA,NA,Cold Safe,5,5,15,3,Cold,Safe
C,PAL,1,477,9,1,5,5,0,0,0,0,NA,NA,Cold Safe,10,10,30,3,Cold,Safe
C,PAL,9,537,10,1,17,13,0,0,0,0,NA,NA,Cold Safe,30,3.3333333333333335,90,3,Cold,Safe
C,BIR,3,57,1,2,0,3,3,2,0,0,NA,NA,Cold Safe,8,2.6666666666666665,39,4.875,Cold,Safe
C,BIR,3,60,2,2,0,0,5,1,0,0,NA,NA,Cold Safe,6,2,36,6,Cold,Safe
C,BIR,1,18,3,2,0,0,0,0,0,0,NA,NA,Cold Safe,0,0,0,NaN,Cold,Safe
C,BIR,1,24,4,2,0,0,2,2,0,0,NA,NA,Cold Safe,4,4,24,6,Cold,Safe
C,BIR,1,15,5,2,0,0,2,0,0,0,NA,NA,Cold Safe,2,2,12,6,Cold,Safe
C,PSA,1,1137,6,2,1,0,0,0,0,0,NA,NA,Cold Safe,1,1,3,3,Cold,Safe
C,PSA,3,1173,7,2,1,2,0,0,0,0,NA,NA,Cold Safe,3,1,9,3,Cold,Safe
C,PSA,1,1140,8,2,0,1,0,0,0,0,NA,NA,Cold Safe,1,1,3,3,Cold,Safe
C,PSA,1,1134,9,2,0,0,0,0,0,0,NA,NA,Cold Safe,0,0,0,NaN,Cold,Safe
C,PSA,9,1200,10,2,7,5,1,0,0,0,NA,NA,Cold Safe,13,1.4444444444444444,42,3.230769230769231,Cold,Safe
C,PSA,3,1176,1,3,0,0,0,0,0,0,NA,NA,Cold Safe,0,0,0,NaN,Cold,Safe
C,PSA,15,1221,2,3,8,8,1,0,0,0,NA,NA,Cold Safe,17,1.1333333333333333,54,3.176470588235294,Cold,Safe
C,PSA,9,1197,3,3,9,9,1,0,0,0,NA,NA,Cold Safe,19,2.111111111111111,60,3.1578947368421053,Cold,Safe
C,PSA,1,1131,4,3,0,0,0,0,0,0,NA,NA,Cold Safe,0,0,0,NaN,Cold,Safe
C,PSA,15,1224,5,3,9,7,0,0,0,0,NA,NA,Cold Safe,16,1.0666666666666667,48,3,Cold,Safe
C,BIR,1,21,6,3,0,0,1,1,0,1,NA,NA,Cold Safe,3,3,21,7,Cold,Safe
C,BIR,15,108,7,3,0,0,14,8,4,0,NA,NA,Cold Safe,26,1.7333333333333334,168,6.461538461538462,Cold,Safe
C,BIR,9,84,8,3,0,0,10,9,0,0,NA,NA,Cold Safe,19,2.111111111111111,114,6,Cold,Safe
C,BIR,15,105,9,3,0,1,10,10,0,3,NA,NA,Cold Safe,24,1.6,150,6.25,Cold,Safe
C,BIR,9,81,10,3,0,0,6,6,1,0,NA,NA,Cold Safe,13,1.4444444444444444,81,6.230769230769231,Cold,Safe
C,PAN,1,1017,1,4,2,0,0,0,0,0,NA,NA,Cold Safe,2,2,6,3,Cold,Safe
C,PAN,3,1056,2,4,0,1,0,0,0,0,NA,NA,Cold Safe,1,0.3333333333333333,3,3,Cold,Safe
C,PAN,9,1080,3,4,15,20,1,0,0,1,NA,NA,Cold Safe,37,4.111111111111111,120,3.2432432432432434,Cold,Safe
C,PAN,1,1011,4,4,3,2,0,0,0,0,NA,NA,Cold Safe,5,5,15,3,Cold,Safe
C,PAN,15,1101,5,4,10,16,10,3,0,0,NA,NA,Cold Safe,39,2.6,156,4,Cold,Safe
C,SUL,3,1749,6,4,0,0,0,0,0,0,NA,NA,Cold Safe,0,0,0,NaN,Cold,Safe
C,SUL,9,1773,7,4,7,9,0,0,0,0,NA,NA,Cold Safe,16,1.7777777777777777,48,3,Cold,Safe
C,SUL,3,1752,8,4,1,0,0,0,0,0,NA,NA,Cold Safe,1,0.3333333333333333,3,3,Cold,Safe
C,SUL,15,1797,9,4,13,8,0,0,0,0,NA,NA,Cold Safe,21,1.4,63,3,Cold,Safe
C,SUL,1,1710,10,4,0,0,0,0,0,0,NA,NA,Cold Safe,0,0,0,NaN,Cold,Safe
C,SIM,9,1401,1,5,20,39,49,33,2,3,NA,NA,Cold Safe,146,16.22222222222222,714,4.890410958904109,Cold,Safe
C,SIM,3,1380,2,5,27,22,1,0,0,0,NA,NA,Cold Safe,50,16.666666666666668,153,3.06,Cold,Safe
C,SIM,1,1344,3,5,11,9,0,0,0,0,NA,NA,Cold Safe,20,20,60,3,Cold,Safe
C,SIM,3,1377,4,5,19,15,1,0,0,0,NA,NA,Cold Safe,35,11.666666666666666,108,3.085714285714286,Cold,Safe
C,SIM,15,1428,5,5,6,21,55,51,10,9,NA,NA,Cold Safe,152,10.133333333333333,888,5.842105263157895,Cold,Safe
C,PAN,1,1014,6,5,0,1,0,0,0,0,NA,NA,Cold Safe,1,1,3,3,Cold,Safe
C,PAN,3,1053,7,5,4,4,0,0,0,0,NA,NA,Cold Safe,8,2.6666666666666665,24,3,Cold,Safe
C,PAN,1,1020,8,5,1,4,0,0,0,0,NA,NA,Cold Safe,5,5,15,3,Cold,Safe
C,PAN,15,1104,9,5,7,17,27,21,3,2,NA,NA,Cold Safe,77,5.133333333333334,405,5.259740259740259,Cold,Safe
C,PAN,9,1077,10,5,4,10,2,1,0,1,NA,NA,Cold Safe,18,2,69,3.8333333333333335,Cold,Safe
C,PAL,9,540,1,6,17,15,8,8,0,1,NA,NA,Cold Safe,49,5.444444444444445,201,4.1020408163265305,Cold,Safe
C,PAL,1,480,2,6,0,0,0,0,0,0,NA,NA,Cold Safe,0,0,0,NaN,Cold,Safe
C,PAL,15,561,3,6,20,22,0,1,0,1,NA,NA,Cold Safe,44,2.933333333333333,141,3.2045454545454546,Cold,Safe
C,PAL,3,516,4,6,10,12,0,0,0,0,NA,NA,Cold Safe,22,7.333333333333333,66,3,Cold,Safe
C,PAL,3,513,5,6,10,8,0,0,0,0,NA,NA,Cold Safe,18,6,54,3,Cold,Safe
C,SIM,1,1338,6,6,9,15,0,0,0,0,NA,NA,Cold Safe,24,24,72,3,Cold,Safe
C,SIM,1,1341,7,6,6,4,0,0,0,0,NA,NA,Cold Safe,10,10,30,3,Cold,Safe
C,SIM,1,1335,8,6,6,11,63,55,29,18,NA,NA,Cold Safe,182,182,1182,6.4945054945054945,Cold,Safe
C,SIM,15,1425,9,6,5,14,62,47,8,4,NA,NA,Cold Safe,140,9.333333333333334,819,5.85,Cold,Safe
C,SIM,9,1404,10,6,16,39,37,21,1,3,NA,NA,Cold Safe,117,13,549,4.6923076923076925,Cold,Safe
C,BIR,9,87,1,1,0,2,10,13,0,0,NA,NA,Hot Safe,25,2.7777777777777777,144,5.76,Hot,Safe
C,BIR,1,30,2,1,1,0,0,1,0,0,NA,NA,Hot Safe,2,2,9,4.5,Hot,Safe
C,BIR,3,63,3,1,0,0,2,3,0,0,NA,NA,Hot Safe,5,1.6666666666666667,30,6,Hot,Safe
C,BIR,15,111,4,1,0,0,26,16,0,1,NA,NA,Hot Safe,43,2.8666666666666667,261,6.069767441860465,Hot,Safe
C,BIR,9,90,5,1,0,0,23,16,4,3,NA,NA,Hot Safe,46,5.111111111111111,297,6.456521739130435,Hot,Safe
C,SIM,9,1407,6,1,32,33,1,0,0,0,NA,NA,Hot Para,66,7.333333333333333,201,3.0454545454545454,Hot,Para
C,SIM,15,1434,7,1,15,26,9,19,2,2,NA,NA,Hot Para,73,4.866666666666666,327,4.47945205479452,Hot,Para
C,SIM,15,1431,8,1,33,32,60,58,6,6,NA,NA,Hot Para,195,13,1011,5.184615384615385,Hot,Para
C,SIM,1,1353,9,1,4,4,0,0,0,0,NA,NA,Hot Para,8,8,24,3,Hot,Para
C,SIM,1,1347,10,1,0,2,0,0,0,0,NA,NA,Hot Para,2,2,6,3,Hot,Para
C,PSA,1,1152,1,2,2,7,5,1,0,0,NA,NA,Hot Safe,15,15,63,4.2,Hot,Safe
C,PSA,1,1143,2,2,2,2,1,1,1,0,NA,NA,Hot Safe,7,7,33,4.714285714285714,Hot,Safe
C,PSA,15,1227,3,2,30,29,2,5,0,0,NA,NA,Hot Safe,66,4.4,219,3.3181818181818183,Hot,Safe
C,PSA,9,1206,4,2,6,9,0,0,0,0,NA,NA,Hot Safe,15,1.6666666666666667,45,3,Hot,Safe
C,PSA,15,1230,5,2,34,23,0,0,0,0,NA,NA,Hot Safe,57,3.8,171,3,Hot,Safe
C,BIR,15,114,6,2,0,0,12,11,1,1,NA,NA,Hot Para,25,1.6666666666666667,156,6.24,Hot,Para
C,BIR,1,36,7,2,0,0,2,0,0,0,NA,NA,Hot Para,2,2,12,6,Hot,Para
C,BIR,1,27,8,2,0,0,1,1,0,0,NA,NA,Hot Para,2,2,12,6,Hot,Para
C,BIR,3,66,9,2,0,0,4,6,0,0,NA,NA,Hot Para,10,3.3333333333333335,60,6,Hot,Para
C,BIR,1,33,10,2,0,0,1,0,0,0,NA,NA,Hot Para,1,1,6,6,Hot,Para
C,PAL,1,492,1,3,6,6,1,0,0,0,NA,NA,Hot Safe,13,13,42,3.230769230769231,Hot,Safe
C,PAL,15,570,2,3,0,0,0,2,11,6,NA,NA,Hot Safe,19,1.2666666666666666,165,8.68421052631579,Hot,Safe
C,PAL,15,567,3,3,31,28,8,12,0,2,NA,NA,Hot Safe,81,5.4,315,3.888888888888889,Hot,Safe
C,PAL,9,546,4,3,14,28,11,25,0,0,NA,NA,Hot Safe,78,8.666666666666666,342,4.384615384615385,Hot,Safe
C,PAL,1,483,5,3,3,3,0,0,0,0,NA,NA,Hot Safe,6,6,18,3,Hot,Safe
C,PSA,1,1146,6,3,0,0,0,0,0,0,NA,NA,Hot Para,0,0,0,NaN,Hot,Para
C,PSA,3,1179,7,3,0,0,0,0,0,0,NA,NA,Hot Para,0,0,0,NaN,Hot,Para
C,PSA,1,1149,8,3,1,0,0,0,0,0,NA,NA,Hot Para,1,1,3,3,Hot,Para
C,PSA,3,1182,9,3,5,5,0,0,0,0,NA,NA,Hot Para,10,3.3333333333333335,30,3,Hot,Para
C,PSA,9,1203,10,3,24,21,0,0,0,0,NA,NA,Hot Para,45,5,135,3,Hot,Para
C,PAN,3,1062,1,4,15,13,0,1,0,0,NA,NA,Hot Safe,29,9.666666666666666,90,3.103448275862069,Hot,Safe
C,PAN,9,1086,2,4,21,25,1,0,0,0,NA,NA,Hot Safe,47,5.222222222222222,144,3.0638297872340425,Hot,Safe
C,PAN,1,1029,3,4,0,0,0,0,0,0,NA,NA,Hot Safe,0,0,0,NaN,Hot,Safe
C,PAN,15,1110,4,4,45,41,5,3,0,0,NA,NA,Hot Safe,94,6.266666666666667,306,3.25531914893617,Hot,Safe
C,PAN,1,1032,5,4,8,1,0,0,0,0,NA,NA,Hot Safe,9,9,27,3,Hot,Safe
C,PAN,1,1026,6,4,3,3,0,0,0,0,NA,NA,Hot Para,6,6,18,3,Hot,Para
C,PAN,9,1083,7,4,20,30,10,3,0,0,NA,NA,Hot Para,63,7,228,3.619047619047619,Hot,Para
C,PAN,15,1107,8,4,49,37,1,1,0,0,NA,NA,Hot Para,88,5.866666666666666,270,3.0681818181818183,Hot,Para
C,PAN,3,1059,9,4,10,6,0,0,0,0,NA,NA,Hot Para,16,5.333333333333333,48,3,Hot,Para
C,PAN,1,1023,10,4,0,0,0,0,0,0,NA,NA,Hot Para,0,0,0,NaN,Hot,Para
C,SUL,9,1779,1,5,31,31,3,2,0,0,NA,NA,Hot Safe,67,7.444444444444445,216,3.2238805970149254,Hot,Safe
C,SUL,9,1782,2,5,32,25,2,2,0,0,NA,NA,Hot Safe,61,6.777777777777778,195,3.19672131147541,Hot,Safe
C,SUL,1,1725,3,5,3,3,0,0,0,0,NA,NA,Hot Safe,6,6,18,3,Hot,Safe
C,SUL,1,1728,4,5,7,7,0,0,0,0,NA,NA,Hot Safe,14,14,42,3,Hot,Safe
C,SUL,1,1719,5,5,4,2,0,0,0,0,NA,NA,Hot Safe,6,6,18,3,Hot,Safe
C,SUL,15,1803,6,5,3,5,21,28,1,3,NA,NA,Hot Para,61,4.066666666666666,354,5.80327868852459,Hot,Para
C,SUL,1,1722,7,5,0,4,0,0,0,0,NA,NA,Hot Para,4,4,12,3,Hot,Para
C,SUL,3,1758,8,5,16,12,0,0,0,0,NA,NA,Hot Para,28,9.333333333333334,84,3,Hot,Para
C,SUL,15,1806,9,5,5,4,4,5,0,0,NA,NA,Hot Para,18,1.2,81,4.5,Hot,Para
C,SUL,3,1755,10,5,0,0,0,0,0,0,NA,NA,Hot Para,0,0,0,NaN,Hot,Para
C,SIM,1,1350,1,6,8,7,0,0,0,0,NA,NA,Hot Safe,15,15,45,3,Hot,Safe
C,SIM,3,1386,2,6,24,32,9,2,0,0,NA,NA,Hot Safe,67,22.333333333333332,234,3.4925373134328357,Hot,Safe
C,SIM,9,1410,3,6,2,3,25,36,7,11,NA,NA,Hot Safe,84,9.333333333333334,543,6.464285714285714,Hot,Safe
C,SIM,1,1356,4,6,8,13,0,0,0,0,NA,NA,Hot Safe,21,21,63,3,Hot,Safe
C,SIM,3,1383,5,6,19,26,3,0,0,0,NA,NA,Hot Safe,48,16,153,3.1875,Hot,Safe
C,PAL,3,522,6,6,4,6,0,0,0,0,NA,NA,Hot Para,10,3.3333333333333335,30,3,Hot,Para
C,PAL,1,486,7,6,0,0,0,0,0,0,NA,NA,Hot Para,0,0,0,NaN,Hot,Para
C,PAL,1,489,8,6,0,0,0,0,0,0,NA,NA,Hot Para,0,0,0,NaN,Hot,Para
C,PAL,3,519,9,6,6,6,1,2,0,0,NA,NA,Hot Para,15,5,54,3.6,Hot,Para
C,PAL,9,543,10,6,3,10,11,14,0,0,NA,NA,Hot Para,38,4.222222222222222,189,4.973684210526316,Hot,Para
C,SIM,3,1389,1,1,26,34,0,0,0,0,NA,NA,Hot Safe,60,20,180,3,Hot,Safe
C,SIM,9,1416,2,1,51,52,2,4,0,0,NA,NA,Hot Safe,109,12.11111111111111,345,3.165137614678899,Hot,Safe
C,SIM,15,1440,3,1,35,33,42,42,4,5,NA,NA,Hot Safe,161,10.733333333333333,789,4.900621118012422,Hot,Safe
C,SIM,15,1437,4,1,43,31,53,37,6,6,NA,NA,Hot Safe,176,11.733333333333333,870,4.943181818181818,Hot,Safe
C,SIM,3,1392,5,1,28,27,5,2,0,0,NA,NA,Hot Safe,62,20.666666666666668,207,3.338709677419355,Hot,Safe
C,PSA,1,1164,6,1,3,0,0,0,0,0,NA,NA,Hot Para,3,3,9,3,Hot,Para
C,PSA,9,1209,7,1,25,34,0,0,0,0,NA,NA,Hot Para,59,6.555555555555555,177,3,Hot,Para
C,PSA,1,1158,8,1,1,0,0,0,0,0,NA,NA,Hot Para,1,1,3,3,Hot,Para
C,PSA,1,1155,9,1,2,3,0,0,0,0,NA,NA,Hot Para,5,5,15,3,Hot,Para
C,PSA,15,1236,10,1,46,40,2,0,0,1,NA,NA,Hot Para,89,5.933333333333334,279,3.134831460674157,Hot,Para
C,PAL,9,552,1,2,7,10,21,17,1,4,NA,NA,Hot Safe,60,6.666666666666667,324,5.4,Hot,Safe
C,PAL,1,501,2,2,12,4,6,12,1,0,NA,NA,Hot Safe,35,35,165,4.714285714285714,Hot,Safe
C,PAL,3,525,3,2,9,3,1,0,0,0,NA,NA,Hot Safe,13,4.333333333333333,42,3.230769230769231,Hot,Safe
C,PAL,1,504,4,2,1,2,0,1,0,0,NA,NA,Hot Safe,4,4,15,3.75,Hot,Safe
C,PAL,15,573,5,2,10,23,13,27,3,24,NA,NA,Hot Safe,100,6.666666666666667,582,5.82,Hot,Safe
C,SUL,15,1809,6,2,1,0,27,28,8,6,NA,NA,Hot Para,70,4.666666666666667,459,6.557142857142857,Hot,Para
C,SUL,3,1761,7,2,5,5,0,1,0,0,NA,NA,Hot Para,11,3.6666666666666665,36,3.272727272727273,Hot,Para
C,SUL,15,1812,8,2,1,0,16,24,1,0,NA,NA,Hot Para,42,2.8,252,6,Hot,Para
C,SUL,3,1764,9,2,11,8,0,1,0,0,NA,NA,Hot Para,20,6.666666666666667,63,3.15,Hot,Para
C,SUL,1,1737,10,2,5,2,0,0,0,0,NA,NA,Hot Para,7,7,21,3,Hot,Para
C,BIR,3,72,1,3,0,1,4,3,0,0,NA,NA,Hot Safe,8,2.6666666666666665,45,5.625,Hot,Safe
C,BIR,3,69,2,3,0,0,4,4,0,0,NA,NA,Hot Safe,8,2.6666666666666665,48,6,Hot,Safe
C,BIR,9,93,3,3,1,2,12,13,0,0,NA,NA,Hot Safe,28,3.111111111111111,159,5.678571428571429,Hot,Safe
C,BIR,1,48,4,3,0,0,4,0,0,0,NA,NA,Hot Safe,4,4,24,6,Hot,Safe
C,BIR,1,45,5,3,0,0,1,2,0,0,NA,NA,Hot Safe,3,3,18,6,Hot,Safe
C,PAN,1,1044,6,3,1,3,0,0,0,0,NA,NA,Hot Para,4,4,12,3,Hot,Para
C,PAN,9,1089,7,3,13,18,2,2,0,0,NA,NA,Hot Para,35,3.888888888888889,117,3.342857142857143,Hot,Para
C,PAN,1,1041,8,3,3,6,0,0,0,0,NA,NA,Hot Para,9,9,27,3,Hot,Para
C,PAN,1,1038,9,3,2,6,0,0,0,0,NA,NA,Hot Para,8,8,24,3,Hot,Para
C,PAN,9,1092,10,3,20,25,1,3,0,0,NA,NA,Hot Para,49,5.444444444444445,159,3.2448979591836733,Hot,Para
C,SUL,1,1731,1,4,1,1,0,0,0,0,NA,NA,Hot Safe,2,2,6,3,Hot,Safe
C,SUL,1,1734,2,4,0,1,0,0,0,0,NA,NA,Hot Safe,1,1,3,3,Hot,Safe
C,SUL,1,1740,3,4,15,16,0,1,0,0,NA,NA,Hot Safe,32,32,99,3.09375,Hot,Safe
C,SUL,9,1788,4,4,14,12,23,33,4,0,NA,NA,Hot Safe,86,9.555555555555555,450,5.232558139534884,Hot,Safe
C,SUL,9,1785,5,4,27,30,10,23,1,0,NA,NA,Hot Safe,91,10.11111111111111,378,4.153846153846154,Hot,Safe
C,BIR,15,120,6,4,0,0,25,17,1,3,NA,NA,Hot Para,46,3.066666666666667,288,6.260869565217392,Hot,Para
C,BIR,9,96,7,4,0,2,11,11,0,0,NA,NA,Hot Para,24,2.6666666666666665,138,5.75,Hot,Para
C,BIR,1,39,8,4,0,0,0,0,0,0,NA,NA,Hot Para,0,0,0,NaN,Hot,Para
C,BIR,15,117,9,4,0,0,34,16,0,1,NA,NA,Hot Para,51,3.4,309,6.0588235294117645,Hot,Para
C,BIR,1,42,10,4,0,0,2,1,0,0,NA,NA,Hot Para,3,3,18,6,Hot,Para
C,PSA,3,1185,1,5,23,29,2,1,0,0,NA,NA,Hot Safe,55,18.333333333333332,174,3.1636363636363636,Hot,Safe
C,PSA,9,1212,2,5,41,38,2,1,0,0,NA,NA,Hot Safe,82,9.11111111111111,255,3.1097560975609757,Hot,Safe
C,PSA,3,1188,3,5,26,38,0,0,0,0,NA,NA,Hot Safe,64,21.333333333333332,192,3,Hot,Safe
C,PSA,1,1161,4,5,2,4,0,0,0,0,NA,NA,Hot Safe,6,6,18,3,Hot,Safe
C,PSA,15,1233,5,5,54,54,16,9,0,0,NA,NA,Hot Safe,133,8.866666666666667,474,3.56390977443609,Hot,Safe
C,SIM,1,1362,6,5,2,2,0,0,0,0,NA,NA,Hot Para,4,4,12,3,Hot,Para
C,SIM,9,1413,7,5,37,50,13,10,1,2,NA,NA,Hot Para,113,12.555555555555555,426,3.769911504424779,Hot,Para
C,SIM,1,1365,8,5,9,9,0,0,0,0,NA,NA,Hot Para,18,18,54,3,Hot,Para
C,SIM,1,1359,9,5,3,1,0,0,0,0,NA,NA,Hot Para,4,4,12,3,Hot,Para
C,SIM,1,1368,10,5,3,1,0,0,0,0,NA,NA,Hot Para,4,4,12,3,Hot,Para
C,PAN,3,1068,1,6,17,23,0,0,0,0,NA,NA,Hot Safe,40,13.333333333333334,120,3,Hot,Safe
C,PAN,3,1065,2,6,12,13,0,1,0,0,NA,NA,Hot Safe,26,8.666666666666666,81,3.1153846153846154,Hot,Safe
C,PAN,15,1113,3,6,34,53,13,5,0,0,NA,NA,Hot Safe,105,7,369,3.5142857142857142,Hot,Safe
C,PAN,1,1035,4,6,0,0,0,0,0,0,NA,NA,Hot Safe,0,0,0,NaN,Hot,Safe
C,PAN,15,1116,5,6,41,31,32,33,2,0,NA,NA,Hot Safe,139,9.266666666666667,624,4.489208633093525,Hot,Safe
C,PAL,1,498,6,6,3,2,2,1,0,0,NA,NA,Hot Para,8,8,33,4.125,Hot,Para
C,PAL,1,495,7,6,0,0,0,0,0,0,NA,NA,Hot Para,0,0,0,NaN,Hot,Para
C,PAL,3,528,8,6,14,8,5,14,0,0,NA,NA,Hot Para,41,13.666666666666666,180,4.390243902439025,Hot,Para
C,PAL,15,576,9,6,8,17,11,14,9,28,NA,NA,Hot Para,87,5.8,558,6.413793103448276,Hot,Para
C,PAL,9,549,10,6,10,11,14,12,11,20,NA,NA,Hot Para,78,8.666666666666666,498,6.384615384615385,Hot,Para
