SpCombo,Block,Sp1,Sp1Dens,Sp2,Sp2Dens,tubeID,Tray,Row,Col,MaleSp1,FemaleSp1,MaleSp2,FemaleSp2,FemaleTotal,Treatment
BIRPAN,A,BIR,6,PAN,3,169,2,2,6,3,NA,0,NA,4,Cold Para
BIRPAN,A,BIR,3,PAN,12,157,2,3,6,0,NA,0,NA,3,Cold Para
BIRPAN,A,BIR,3,PAN,3,121,2,4,6,0,NA,0,NA,0,Cold Para
BIRPAN,A,BIR,3,PAN,9,145,2,5,6,1,NA,0,NA,1,Cold Para
BIRPAN,A,BIR,12,PAN,3,193,2,6,6,7,NA,0,NA,6,Cold Para
BIRPAN,A,BIR,3,PAN,6,133,2,7,6,0,NA,1,NA,2,Cold Para
BIRPAN,A,BIR,9,PAN,3,181,2,8,6,6,NA,0,NA,9,Cold Para
BIRPAN,A,BIR,9,PAN,3,184,3,2,6,7,NA,6,NA,11,Cold Safe
BIRPAN,A,BIR,3,PAN,9,148,3,3,6,0,NA,7,NA,8,Cold Safe
BIRPAN,A,BIR,6,PAN,3,172,3,4,6,5,NA,0,NA,7,Cold Safe
BIRPAN,A,BIR,3,PAN,6,136,3,5,6,2,NA,2,NA,2,Cold Safe
BIRPAN,A,BIR,3,PAN,3,124,3,6,6,2,NA,0,NA,2,Cold Safe
BIRPAN,A,BIR,12,PAN,3,196,3,7,6,8,NA,1,NA,8,Cold Safe
BIRPAN,A,BIR,3,PAN,12,160,3,8,6,2,NA,2,NA,4,Cold Safe
BIRPAN,A,BIR,3,PAN,6,139,3,2,8,1,NA,8,NA,18,Hot Para
BIRPAN,A,BIR,6,PAN,3,175,3,3,8,3,NA,8,NA,12,Hot Para
BIRPAN,A,BIR,9,PAN,3,187,3,4,8,17,NA,10,NA,21,Hot Para
BIRPAN,A,BIR,12,PAN,3,199,3,5,8,24,NA,4,NA,20,Hot Para
BIRPAN,A,BIR,3,PAN,12,163,3,6,8,5,NA,42,NA,56,Hot Para
BIRPAN,A,BIR,3,PAN,3,127,3,7,8,8,NA,10,NA,14,Hot Para
BIRPAN,A,BIR,3,PAN,9,151,3,8,8,1,NA,17,NA,20,Hot Para
BIRPAN,A,BIR,3,PAN,6,142,2,2,6,4,NA,26,NA,31,Hot Safe
BIRPAN,A,BIR,3,PAN,9,154,2,3,6,8,NA,22,NA,31,Hot Safe
BIRPAN,A,BIR,6,PAN,3,178,2,4,6,16,NA,5,NA,23,Hot Safe
BIRPAN,A,BIR,3,PAN,3,130,2,5,6,15,NA,18,NA,28,Hot Safe
BIRPAN,A,BIR,12,PAN,3,202,2,6,6,17,NA,17,NA,27,Hot Safe
BIRPAN,A,BIR,3,PAN,12,166,2,7,6,3,NA,44,NA,58,Hot Safe
BIRPAN,A,BIR,9,PAN,3,190,2,8,6,16,NA,19,NA,41,Hot Safe
BIRPAN,B,BIR,3,PAN,12,158,2,2,4,2,NA,10,NA,12,Cold Para
BIRPAN,B,BIR,3,PAN,6,134,2,3,4,4,NA,5,NA,10,Cold Para
BIRPAN,B,BIR,6,PAN,3,170,2,4,4,9,NA,2,NA,18,Cold Para
BIRPAN,B,BIR,3,PAN,3,122,2,5,4,9,NA,2,NA,13,Cold Para
BIRPAN,B,BIR,12,PAN,3,194,2,6,4,12,NA,1,NA,9,Cold Para
BIRPAN,B,BIR,9,PAN,3,182,2,7,4,1,NA,1,NA,11,Cold Para
BIRPAN,B,BIR,3,PAN,9,146,2,8,4,0,NA,2,NA,1,Cold Para
BIRPAN,B,BIR,9,PAN,3,185,2,2,4,11,NA,0,NA,6,Cold Safe
BIRPAN,B,BIR,3,PAN,3,125,2,3,4,6,NA,1,NA,2,Cold Safe
BIRPAN,B,BIR,6,PAN,3,173,2,4,4,6,NA,0,NA,5,Cold Safe
BIRPAN,B,BIR,3,PAN,12,161,2,5,4,1,NA,21,NA,13,Cold Safe
BIRPAN,B,BIR,3,PAN,6,137,2,6,4,7,NA,0,NA,2,Cold Safe
BIRPAN,B,BIR,12,PAN,3,197,2,7,4,15,NA,3,NA,16,Cold Safe
BIRPAN,B,BIR,3,PAN,9,149,2,8,4,1,NA,11,NA,21,Cold Safe
BIRPAN,B,BIR,9,PAN,3,188,2,2,3,20,NA,2,NA,29,Hot Para
BIRPAN,B,BIR,12,PAN,3,200,2,3,3,29,NA,6,NA,38,Hot Para
BIRPAN,B,BIR,3,PAN,9,152,2,4,3,9,NA,48,NA,40,Hot Para
BIRPAN,B,BIR,6,PAN,3,176,2,5,3,17,NA,3,NA,22,Hot Para
BIRPAN,B,BIR,3,PAN,3,128,2,6,3,10,NA,19,NA,33,Hot Para
BIRPAN,B,BIR,3,PAN,12,164,2,7,3,7,NA,18,NA,23,Hot Para
BIRPAN,B,BIR,3,PAN,6,140,2,8,3,5,NA,9,NA,17,Hot Para
BIRPAN,B,BIR,3,PAN,9,155,3,2,3,7,NA,33,NA,33,Hot Safe
BIRPAN,B,BIR,12,PAN,3,203,3,3,3,12,NA,2,NA,18,Hot Safe
BIRPAN,B,BIR,3,PAN,6,143,3,4,3,3,NA,11,NA,26,Hot Safe
BIRPAN,B,BIR,6,PAN,3,179,3,5,3,16,NA,22,NA,37,Hot Safe
BIRPAN,B,BIR,9,PAN,3,191,3,6,3,40,NA,9,NA,34,Hot Safe
BIRPAN,B,BIR,3,PAN,3,131,3,7,3,3,NA,8,NA,9,Hot Safe
BIRPAN,B,BIR,3,PAN,12,167,3,8,3,2,NA,55,NA,52,Hot Safe
BIRPAN,C,BIR,3,PAN,3,123,2,2,5,1,NA,1,NA,3,Cold Para
BIRPAN,C,BIR,3,PAN,9,147,2,3,5,0,NA,2,NA,4,Cold Para
BIRPAN,C,BIR,6,PAN,3,171,2,4,5,1,NA,0,NA,3,Cold Para
BIRPAN,C,BIR,9,PAN,3,183,2,5,5,8,NA,1,NA,9,Cold Para
BIRPAN,C,BIR,12,PAN,3,195,2,6,5,1,NA,0,NA,6,Cold Para
BIRPAN,C,BIR,3,PAN,12,159,2,7,5,0,NA,3,NA,2,Cold Para
BIRPAN,C,BIR,3,PAN,6,135,2,8,5,1,NA,0,NA,1,Cold Para
BIRPAN,C,BIR,3,PAN,9,150,3,2,1,6,NA,1,NA,11,Cold Safe
BIRPAN,C,BIR,3,PAN,6,138,3,3,1,7,NA,0,NA,7,Cold Safe
BIRPAN,C,BIR,6,PAN,3,174,3,4,1,9,NA,0,NA,12,Cold Safe
BIRPAN,C,BIR,9,PAN,3,186,3,5,1,12,NA,1,NA,20,Cold Safe
BIRPAN,C,BIR,12,PAN,3,198,3,6,1,17,NA,2,NA,15,Cold Safe
BIRPAN,C,BIR,3,PAN,3,126,3,7,1,9,NA,2,NA,15,Cold Safe
BIRPAN,C,BIR,3,PAN,12,162,3,8,1,8,NA,6,NA,14,Cold Safe
BIRPAN,C,BIR,3,PAN,6,141,2,2,8,4,NA,29,NA,22,Hot Para
BIRPAN,C,BIR,12,PAN,3,201,2,3,8,31,NA,19,NA,47,Hot Para
BIRPAN,C,BIR,3,PAN,9,153,2,4,8,3,NA,44,NA,46,Hot Para
BIRPAN,C,BIR,3,PAN,3,129,2,5,8,6,NA,23,NA,20,Hot Para
BIRPAN,C,BIR,3,PAN,12,165,2,6,8,5,NA,62,NA,53,Hot Para
BIRPAN,C,BIR,9,PAN,3,189,2,7,8,12,NA,7,NA,21,Hot Para
BIRPAN,C,BIR,6,PAN,3,177,2,8,8,13,NA,24,NA,31,Hot Para
BIRPAN,C,BIR,9,PAN,3,192,3,2,6,18,NA,17,NA,46,Hot Safe
BIRPAN,C,BIR,3,PAN,3,132,3,3,6,6,NA,10,NA,17,Hot Safe
BIRPAN,C,BIR,12,PAN,3,204,3,4,6,15,NA,30,NA,53,Hot Safe
BIRPAN,C,BIR,3,PAN,6,144,3,5,6,2,NA,23,NA,27,Hot Safe
BIRPAN,C,BIR,6,PAN,3,180,3,6,6,8,NA,18,NA,27,Hot Safe
BIRPAN,C,BIR,3,PAN,9,156,3,7,6,9,NA,28,NA,54,Hot Safe
BIRPAN,C,BIR,3,PAN,12,168,3,8,6,7,NA,27,NA,32,Hot Safe
BIRPSA,A,BIR,6,PSA,3,253,3,2,7,1,NA,1,NA,4,Cold Para
BIRPSA,A,BIR,3,PSA,6,217,3,3,7,2,NA,1,NA,1,Cold Para
BIRPSA,A,BIR,3,PSA,9,229,3,4,7,0,NA,0,NA,1,Cold Para
BIRPSA,A,BIR,3,PSA,3,205,3,5,7,0,NA,0,NA,0,Cold Para
BIRPSA,A,BIR,12,PSA,3,277,3,6,7,2,NA,0,NA,4,Cold Para
BIRPSA,A,BIR,3,PSA,12,241,3,7,7,4,NA,0,NA,3,Cold Para
BIRPSA,A,BIR,9,PSA,3,265,3,8,7,2,NA,1,NA,0,Cold Para
BIRPSA,A,BIR,3,PSA,12,244,3,2,8,4,NA,1,NA,5,Cold Safe
BIRPSA,A,BIR,6,PSA,3,256,3,3,8,1,NA,1,NA,7,Cold Safe
BIRPSA,A,BIR,3,PSA,3,208,3,4,8,2,NA,1,NA,2,Cold Safe
BIRPSA,A,BIR,3,PSA,9,232,3,5,8,3,NA,2,NA,2,Cold Safe
BIRPSA,A,BIR,9,PSA,3,268,3,6,8,13,NA,1,NA,9,Cold Safe
BIRPSA,A,BIR,12,PSA,3,280,3,7,8,22,NA,1,NA,13,Cold Safe
BIRPSA,A,BIR,3,PSA,6,220,3,8,8,4,NA,1,NA,1,Cold Safe
BIRPSA,A,BIR,12,PSA,3,283,2,2,6,6,NA,6,NA,14,Hot Para
BIRPSA,A,BIR,9,PSA,3,271,2,3,6,3,NA,1,NA,17,Hot Para
BIRPSA,A,BIR,3,PSA,6,223,2,4,6,2,NA,13,NA,20,Hot Para
BIRPSA,A,BIR,6,PSA,3,259,2,5,6,6,NA,6,NA,4,Hot Para
BIRPSA,A,BIR,3,PSA,3,211,2,6,6,2,NA,6,NA,7,Hot Para
BIRPSA,A,BIR,3,PSA,12,247,2,7,6,3,NA,7,NA,7,Hot Para
BIRPSA,A,BIR,3,PSA,9,235,2,8,6,0,NA,12,NA,6,Hot Para
BIRPSA,A,BIR,6,PSA,3,262,2,2,7,17,NA,12,NA,30,Hot Safe
BIRPSA,A,BIR,3,PSA,12,250,2,3,7,9,NA,35,NA,41,Hot Safe
BIRPSA,A,BIR,9,PSA,3,274,2,4,7,30,NA,22,NA,35,Hot Safe
BIRPSA,A,BIR,3,PSA,9,238,2,5,7,12,NA,26,NA,31,Hot Safe
BIRPSA,A,BIR,3,PSA,3,214,2,6,7,11,NA,8,NA,14,Hot Safe
BIRPSA,A,BIR,12,PSA,3,286,2,7,7,35,NA,12,NA,58,Hot Safe
BIRPSA,A,BIR,3,PSA,6,226,2,8,7,9,NA,21,NA,29,Hot Safe
BIRPSA,B,BIR,9,PSA,3,266,2,2,7,17,NA,7,NA,15,Cold Para
BIRPSA,B,BIR,6,PSA,3,254,2,3,7,13,NA,7,NA,25,Cold Para
BIRPSA,B,BIR,3,PSA,3,206,2,4,7,6,NA,5,NA,4,Cold Para
BIRPSA,B,BIR,12,PSA,3,278,2,5,7,13,NA,2,NA,11,Cold Para
BIRPSA,B,BIR,3,PSA,12,242,2,6,7,3,NA,13,NA,20,Cold Para
BIRPSA,B,BIR,3,PSA,9,230,2,7,7,1,NA,5,NA,13,Cold Para
BIRPSA,B,BIR,3,PSA,6,218,2,8,7,5,NA,11,NA,24,Cold Para
BIRPSA,B,BIR,3,PSA,3,209,2,2,6,3,NA,2,NA,0,Cold Safe
BIRPSA,B,BIR,3,PSA,12,245,2,3,6,5,NA,4,NA,7,Cold Safe
BIRPSA,B,BIR,3,PSA,9,233,2,4,6,8,NA,10,NA,20,Cold Safe
BIRPSA,B,BIR,3,PSA,6,221,2,5,6,1,NA,1,NA,5,Cold Safe
BIRPSA,B,BIR,6,PSA,3,257,2,6,6,6,NA,4,NA,15,Cold Safe
BIRPSA,B,BIR,9,PSA,3,269,2,7,6,7,NA,2,NA,9,Cold Safe
BIRPSA,B,BIR,12,PSA,3,281,2,8,6,11,NA,10,NA,15,Cold Safe
BIRPSA,B,BIR,3,PSA,6,224,2,2,4,9,NA,25,NA,62,Hot Para
BIRPSA,B,BIR,9,PSA,3,272,2,3,4,37,NA,6,NA,55,Hot Para
BIRPSA,B,BIR,6,PSA,3,260,2,4,4,22,NA,14,NA,45,Hot Para
BIRPSA,B,BIR,12,PSA,3,284,2,5,4,40,NA,15,NA,54,Hot Para
BIRPSA,B,BIR,3,PSA,3,212,2,6,4,11,NA,17,NA,32,Hot Para
BIRPSA,B,BIR,3,PSA,9,236,2,7,4,7,NA,22,NA,37,Hot Para
BIRPSA,B,BIR,3,PSA,12,248,2,8,4,23,NA,37,NA,37,Hot Para
BIRPSA,B,BIR,12,PSA,3,287,3,2,7,37,NA,21,NA,38,Hot Safe
BIRPSA,B,BIR,3,PSA,9,239,3,3,7,18,NA,35,NA,72,Hot Safe
BIRPSA,B,BIR,3,PSA,3,215,3,4,7,11,NA,12,NA,26,Hot Safe
BIRPSA,B,BIR,3,PSA,6,227,3,5,7,7,NA,23,NA,39,Hot Safe
BIRPSA,B,BIR,3,PSA,12,251,3,6,7,9,NA,33,NA,67,Hot Safe
BIRPSA,B,BIR,6,PSA,3,263,3,7,7,36,NA,4,NA,36,Hot Safe
BIRPSA,B,BIR,9,PSA,3,275,3,8,7,35,NA,6,NA,34,Hot Safe
BIRPSA,C,BIR,6,PSA,3,255,3,2,5,5,NA,6,NA,8,Cold Para
BIRPSA,C,BIR,3,PSA,6,219,3,3,5,4,NA,1,NA,4,Cold Para
BIRPSA,C,BIR,3,PSA,12,243,3,4,5,0,NA,7,NA,8,Cold Para
BIRPSA,C,BIR,12,PSA,3,279,3,5,5,9,NA,0,NA,4,Cold Para
BIRPSA,C,BIR,9,PSA,3,267,3,6,5,11,NA,0,NA,11,Cold Para
BIRPSA,C,BIR,3,PSA,3,207,3,7,5,0,NA,3,NA,2,Cold Para
BIRPSA,C,BIR,3,PSA,9,231,3,8,5,1,NA,0,NA,0,Cold Para
BIRPSA,C,BIR,9,PSA,3,270,3,2,8,8,NA,10,NA,16,Cold Safe
BIRPSA,C,BIR,12,PSA,3,282,3,3,8,11,NA,10,NA,30,Cold Safe
BIRPSA,C,BIR,6,PSA,3,258,3,4,8,8,NA,11,NA,25,Cold Safe
BIRPSA,C,BIR,3,PSA,3,210,3,5,8,5,NA,2,NA,11,Cold Safe
BIRPSA,C,BIR,3,PSA,12,246,3,6,8,4,NA,23,NA,36,Cold Safe
BIRPSA,C,BIR,3,PSA,6,222,3,7,8,5,NA,5,NA,8,Cold Safe
BIRPSA,C,BIR,3,PSA,9,234,3,8,8,1,NA,3,NA,7,Cold Safe
BIRPSA,C,BIR,6,PSA,3,261,2,2,2,11,NA,6,NA,28,Hot Safe
BIRPSA,C,BIR,12,PSA,3,285,2,3,2,20,NA,3,NA,50,Hot Safe
BIRPSA,C,BIR,9,PSA,3,273,2,4,2,21,NA,0,NA,33,Hot Safe
BIRPSA,C,BIR,3,PSA,9,237,2,5,2,10,NA,11,NA,20,Hot Safe
BIRPSA,C,BIR,3,PSA,3,213,2,6,2,19,NA,5,NA,23,Hot Safe
BIRPSA,C,BIR,3,PSA,6,225,2,7,2,1,NA,5,NA,16,Hot Safe
BIRPSA,C,BIR,3,PSA,12,249,2,8,2,2,NA,12,NA,13,Hot Safe
BIRPSA,C,BIR,6,PSA,3,264,2,2,8,25,NA,18,NA,32,Hot Safe
BIRPSA,C,BIR,9,PSA,3,276,2,3,8,22,NA,12,NA,38,Hot Safe
BIRPSA,C,BIR,3,PSA,9,240,2,4,8,16,NA,28,NA,69,Hot Safe
BIRPSA,C,BIR,3,PSA,6,228,2,5,8,10,NA,29,NA,52,Hot Safe
BIRPSA,C,BIR,3,PSA,12,252,2,6,8,20,NA,41,NA,76,Hot Safe
BIRPSA,C,BIR,3,PSA,3,216,2,7,8,15,NA,21,NA,38,Hot Safe
BIRPSA,C,BIR,12,PSA,3,288,2,8,8,28,NA,6,NA,40,Hot Safe
BIRSIM,A,BIR,12,SIM,3,361,3,2,8,3,NA,2,NA,10,Cold Para
BIRSIM,A,BIR,3,SIM,6,301,3,3,8,1,NA,9,NA,10,Cold Para
BIRSIM,A,BIR,3,SIM,9,313,3,4,8,0,NA,0,NA,2,Cold Para
BIRSIM,A,BIR,3,SIM,12,325,3,5,8,0,NA,18,NA,13,Cold Para
BIRSIM,A,BIR,9,SIM,3,349,3,6,8,2,NA,2,NA,4,Cold Para
BIRSIM,A,BIR,6,SIM,3,337,3,7,8,6,NA,3,NA,12,Cold Para
BIRSIM,A,BIR,3,SIM,3,289,3,8,8,2,NA,2,NA,6,Cold Para
BIRSIM,A,BIR,3,SIM,3,292,2,2,4,5,NA,11,NA,9,Cold Safe
BIRSIM,A,BIR,3,SIM,12,328,2,3,4,1,NA,15,NA,10,Cold Safe
BIRSIM,A,BIR,6,SIM,3,340,2,4,4,3,NA,7,NA,7,Cold Safe
BIRSIM,A,BIR,12,SIM,3,364,2,5,4,8,NA,8,NA,22,Cold Safe
BIRSIM,A,BIR,9,SIM,3,352,2,6,4,6,NA,7,NA,19,Cold Safe
BIRSIM,A,BIR,3,SIM,9,316,2,7,4,1,NA,19,NA,16,Cold Safe
BIRSIM,A,BIR,3,SIM,6,304,2,8,4,1,NA,6,NA,22,Cold Safe
BIRSIM,A,BIR,6,SIM,3,343,3,2,6,7,NA,10,NA,13,Hot Para
BIRSIM,A,BIR,9,SIM,3,355,3,3,6,9,NA,4,NA,14,Hot Para
BIRSIM,A,BIR,3,SIM,9,319,3,4,6,5,NA,26,NA,46,Hot Para
BIRSIM,A,BIR,3,SIM,3,295,3,5,6,1,NA,6,NA,7,Hot Para
BIRSIM,A,BIR,3,SIM,6,307,3,6,6,5,NA,17,NA,20,Hot Para
BIRSIM,A,BIR,12,SIM,3,367,3,7,6,13,NA,4,NA,28,Hot Para
BIRSIM,A,BIR,3,SIM,12,331,3,8,6,1,NA,17,NA,17,Hot Para
BIRSIM,A,BIR,3,SIM,12,334,3,2,4,1,NA,31,NA,47,Hot Safe
BIRSIM,A,BIR,9,SIM,3,358,3,3,4,18,NA,12,NA,18,Hot Safe
BIRSIM,A,BIR,3,SIM,9,322,3,4,4,2,NA,26,NA,40,Hot Safe
BIRSIM,A,BIR,12,SIM,3,370,3,5,4,13,NA,18,NA,34,Hot Safe
BIRSIM,A,BIR,6,SIM,3,346,3,6,4,8,NA,12,NA,27,Hot Safe
BIRSIM,A,BIR,3,SIM,3,298,3,7,4,3,NA,15,NA,20,Hot Safe
BIRSIM,A,BIR,3,SIM,6,310,3,8,4,2,NA,18,NA,34,Hot Safe
BIRSIM,B,BIR,9,SIM,3,350,3,2,1,15,NA,11,NA,26,Cold Para
BIRSIM,B,BIR,3,SIM,3,290,3,3,1,4,NA,13,NA,10,Cold Para
BIRSIM,B,BIR,3,SIM,12,326,3,4,1,10,NA,39,NA,53,Cold Para
BIRSIM,B,BIR,3,SIM,9,314,3,5,1,2,NA,16,NA,18,Cold Para
BIRSIM,B,BIR,12,SIM,3,362,3,6,1,32,NA,11,NA,36,Cold Para
BIRSIM,B,BIR,6,SIM,3,338,3,7,1,4,NA,12,NA,20,Cold Para
BIRSIM,B,BIR,3,SIM,6,302,3,8,1,6,NA,22,NA,23,Cold Para
BIRSIM,B,BIR,3,SIM,12,329,2,2,5,3,NA,51,NA,66,Cold Safe
BIRSIM,B,BIR,3,SIM,6,305,2,3,5,3,NA,36,NA,43,Cold Safe
BIRSIM,B,BIR,3,SIM,3,293,2,4,5,3,NA,20,NA,21,Cold Safe
BIRSIM,B,BIR,9,SIM,3,353,2,5,5,2,NA,13,NA,24,Cold Safe
BIRSIM,B,BIR,12,SIM,3,365,2,6,5,9,NA,19,NA,26,Cold Safe
BIRSIM,B,BIR,3,SIM,9,317,2,7,5,2,NA,47,NA,57,Cold Safe
BIRSIM,B,BIR,6,SIM,3,341,2,8,5,2,NA,26,NA,23,Cold Safe
BIRSIM,B,BIR,3,SIM,12,332,2,2,8,12,NA,24,NA,38,Hot Para
BIRSIM,B,BIR,3,SIM,9,320,2,3,8,7,NA,21,NA,28,Hot Para
BIRSIM,B,BIR,3,SIM,6,308,2,4,8,8,NA,19,NA,23,Hot Para
BIRSIM,B,BIR,3,SIM,3,296,2,5,8,11,NA,9,NA,23,Hot Para
BIRSIM,B,BIR,9,SIM,3,356,2,6,8,38,NA,14,NA,36,Hot Para
BIRSIM,B,BIR,12,SIM,3,368,2,7,8,37,NA,12,NA,35,Hot Para
BIRSIM,B,BIR,6,SIM,3,344,2,8,8,19,NA,7,NA,40,Hot Para
BIRSIM,B,BIR,12,SIM,3,371,3,2,2,21,NA,15,NA,30,Hot Safe
BIRSIM,B,BIR,3,SIM,9,323,3,3,2,3,NA,48,NA,37,Hot Safe
BIRSIM,B,BIR,3,SIM,3,299,3,4,2,9,NA,23,NA,29,Hot Safe
BIRSIM,B,BIR,3,SIM,12,335,3,5,2,2,NA,48,NA,62,Hot Safe
BIRSIM,B,BIR,9,SIM,3,359,3,6,2,8,NA,13,NA,38,Hot Safe
BIRSIM,B,BIR,3,SIM,6,311,3,7,2,2,NA,35,NA,45,Hot Safe
BIRSIM,B,BIR,6,SIM,3,347,3,8,2,6,NA,23,NA,30,Hot Safe
BIRSIM,C,BIR,6,SIM,3,339,2,2,3,4,NA,3,NA,5,Cold Para
BIRSIM,C,BIR,12,SIM,3,363,2,3,3,8,NA,6,NA,19,Cold Para
BIRSIM,C,BIR,3,SIM,12,327,2,4,3,0,NA,26,NA,30,Cold Para
BIRSIM,C,BIR,9,SIM,3,351,2,5,3,3,NA,1,NA,8,Cold Para
BIRSIM,C,BIR,3,SIM,6,303,2,6,3,0,NA,14,NA,19,Cold Para
BIRSIM,C,BIR,3,SIM,9,315,2,7,3,0,NA,9,NA,18,Cold Para
BIRSIM,C,BIR,3,SIM,3,291,2,8,3,0,NA,2,NA,3,Cold Para
BIRSIM,C,BIR,3,SIM,9,318,3,2,3,3,NA,27,NA,36,Cold Safe
BIRSIM,C,BIR,6,SIM,3,342,3,3,3,6,NA,16,NA,12,Cold Safe
BIRSIM,C,BIR,12,SIM,3,366,3,4,3,18,NA,9,NA,34,Cold Safe
BIRSIM,C,BIR,3,SIM,6,306,3,5,3,1,NA,26,NA,40,Cold Safe
BIRSIM,C,BIR,3,SIM,12,330,3,6,3,2,NA,35,NA,52,Cold Safe
BIRSIM,C,BIR,3,SIM,3,294,3,7,3,1,NA,11,NA,27,Cold Safe
BIRSIM,C,BIR,9,SIM,3,354,3,8,3,7,NA,16,NA,40,Cold Safe
BIRSIM,C,BIR,3,SIM,9,321,3,2,3,3,NA,40,NA,46,Hot Safe
BIRSIM,C,BIR,6,SIM,3,345,3,3,3,14,NA,17,NA,32,Hot Safe
BIRSIM,C,BIR,3,SIM,3,297,3,4,3,4,NA,12,NA,27,Hot Safe
BIRSIM,C,BIR,12,SIM,3,369,3,5,3,14,NA,31,NA,17,Hot Safe
BIRSIM,C,BIR,3,SIM,12,333,3,6,3,3,NA,45,NA,68,Hot Safe
BIRSIM,C,BIR,9,SIM,3,357,3,7,3,8,NA,10,NA,26,Hot Safe
BIRSIM,C,BIR,3,SIM,6,309,3,8,3,5,NA,22,NA,27,Hot Safe
BIRSIM,C,BIR,3,SIM,9,324,3,2,5,3,NA,52,NA,63,Hot Para
BIRSIM,C,BIR,9,SIM,3,360,3,3,5,9,NA,12,NA,25,Hot Para
BIRSIM,C,BIR,3,SIM,3,300,3,4,5,8,NA,19,NA,18,Hot Para
BIRSIM,C,BIR,3,SIM,6,312,3,5,5,2,NA,40,NA,35,Hot Para
BIRSIM,C,BIR,12,SIM,3,372,3,6,5,17,NA,29,NA,35,Hot Para
BIRSIM,C,BIR,6,SIM,3,348,3,7,5,7,NA,16,NA,27,Hot Para
BIRSIM,C,BIR,3,SIM,12,336,3,8,5,6,NA,28,NA,39,Hot Para
BIRSUL,A,BIR,9,SUL,3,433,3,2,3,0,1,3,1,2,Cold Para
BIRSUL,A,BIR,3,SUL,12,409,3,3,3,0,0,1,0,0,Cold Para
BIRSUL,A,BIR,3,SUL,9,397,3,4,3,0,0,0,0,0,Cold Para
BIRSUL,A,BIR,6,SUL,3,421,3,5,3,0,0,0,0,0,Cold Para
BIRSUL,A,BIR,3,SUL,6,385,3,6,3,1,1,0,0,1,Cold Para
BIRSUL,A,BIR,12,SUL,3,445,3,7,3,11,10,0,0,10,Cold Para
BIRSUL,A,BIR,3,SUL,3,373,3,8,3,1,3,2,0,3,Cold Para
BIRSUL,A,BIR,3,SUL,9,400,3,2,3,6,3,2,3,6,Cold Safe
BIRSUL,A,BIR,3,SUL,3,376,3,3,3,2,4,5,5,9,Cold Safe
BIRSUL,A,BIR,3,SUL,12,412,3,4,3,1,5,10,9,14,Cold Safe
BIRSUL,A,BIR,12,SUL,3,448,3,5,3,11,12,2,1,13,Cold Safe
BIRSUL,A,BIR,3,SUL,6,388,3,6,3,6,4,6,6,10,Cold Safe
BIRSUL,A,BIR,6,SUL,3,424,3,7,3,2,2,2,3,5,Cold Safe
BIRSUL,A,BIR,9,SUL,3,436,3,8,3,7,6,0,0,6,Cold Safe
BIRSUL,A,BIR,3,SUL,3,379,2,2,3,2,4,7,8,12,Hot Para
BIRSUL,A,BIR,3,SUL,6,391,2,3,3,5,3,0,3,6,Hot Para
BIRSUL,A,BIR,3,SUL,9,403,2,4,3,3,0,13,20,20,Hot Para
BIRSUL,A,BIR,12,SUL,3,451,2,5,3,18,11,5,4,15,Hot Para
BIRSUL,A,BIR,9,SUL,3,439,2,6,3,14,13,4,5,18,Hot Para
BIRSUL,A,BIR,3,SUL,12,415,2,7,3,3,2,24,27,29,Hot Para
BIRSUL,A,BIR,6,SUL,3,427,2,8,3,8,14,6,8,22,Hot Para
BIRSUL,A,BIR,6,SUL,3,430,3,2,2,8,6,14,17,23,Hot Safe
BIRSUL,A,BIR,3,SUL,9,406,3,3,2,10,8,12,20,28,Hot Safe
BIRSUL,A,BIR,3,SUL,12,418,3,4,2,10,11,22,26,37,Hot Safe
BIRSUL,A,BIR,3,SUL,3,382,3,5,2,6,8,0,1,9,Hot Safe
BIRSUL,A,BIR,9,SUL,3,442,3,6,2,21,13,6,4,17,Hot Safe
BIRSUL,A,BIR,3,SUL,6,394,3,7,2,6,8,18,19,27,Hot Safe
BIRSUL,A,BIR,12,SUL,3,454,3,8,2,18,17,5,6,23,Hot Safe
BIRSUL,B,BIR,3,SUL,9,398,3,2,4,9,6,2,2,8,Cold Para
BIRSUL,B,BIR,6,SUL,3,422,3,3,4,21,17,1,0,17,Cold Para
BIRSUL,B,BIR,9,SUL,3,434,3,4,4,15,18,1,0,18,Cold Para
BIRSUL,B,BIR,3,SUL,12,410,3,5,4,4,2,23,30,32,Cold Para
BIRSUL,B,BIR,3,SUL,3,374,3,6,4,6,2,7,5,7,Cold Para
BIRSUL,B,BIR,3,SUL,6,386,3,7,4,1,2,4,4,6,Cold Para
BIRSUL,B,BIR,12,SUL,3,446,3,8,4,18,13,6,3,16,Cold Para
BIRSUL,B,BIR,3,SUL,6,389,3,2,8,5,4,2,1,5,Cold Safe
BIRSUL,B,BIR,3,SUL,12,413,3,3,8,3,2,39,24,26,Cold Safe
BIRSUL,B,BIR,3,SUL,3,377,3,4,8,2,1,8,3,4,Cold Safe
BIRSUL,B,BIR,3,SUL,9,401,3,5,8,3,3,36,30,33,Cold Safe
BIRSUL,B,BIR,6,SUL,3,425,3,6,8,5,8,14,17,25,Cold Safe
BIRSUL,B,BIR,12,SUL,3,449,3,7,8,14,7,3,3,10,Cold Safe
BIRSUL,B,BIR,9,SUL,3,437,3,8,8,7,11,1,0,11,Cold Safe
BIRSUL,B,BIR,9,SUL,3,440,3,2,7,40,23,7,3,26,Hot Para
BIRSUL,B,BIR,3,SUL,9,404,3,3,7,9,10,19,28,38,Hot Para
BIRSUL,B,BIR,3,SUL,3,380,3,4,7,11,9,3,3,12,Hot Para
BIRSUL,B,BIR,6,SUL,3,428,3,5,7,32,18,5,11,29,Hot Para
BIRSUL,B,BIR,3,SUL,6,392,3,6,7,12,11,6,4,15,Hot Para
BIRSUL,B,BIR,12,SUL,3,452,3,7,7,37,32,2,4,36,Hot Para
BIRSUL,B,BIR,3,SUL,12,416,3,8,7,5,3,19,39,42,Hot Para
BIRSUL,B,BIR,12,SUL,3,455,3,2,8,46,45,12,12,57,Hot Safe
BIRSUL,B,BIR,9,SUL,3,443,3,3,8,21,27,9,12,39,Hot Safe
BIRSUL,B,BIR,3,SUL,6,395,3,4,8,11,9,12,11,20,Hot Safe
BIRSUL,B,BIR,3,SUL,12,419,3,5,8,6,12,39,25,37,Hot Safe
BIRSUL,B,BIR,3,SUL,3,383,3,6,8,6,8,9,9,17,Hot Safe
BIRSUL,B,BIR,6,SUL,3,431,3,7,8,17,17,27,32,49,Hot Safe
BIRSUL,B,BIR,3,SUL,9,407,3,8,8,1,0,38,53,53,Hot Safe
BIRSUL,C,BIR,3,SUL,12,411,3,2,2,4,2,5,2,4,Cold Para
BIRSUL,C,BIR,3,SUL,3,375,3,3,2,0,1,8,2,3,Cold Para
BIRSUL,C,BIR,9,SUL,3,435,3,4,2,2,3,0,0,3,Cold Para
BIRSUL,C,BIR,12,SUL,3,447,3,5,2,8,3,0,1,4,Cold Para
BIRSUL,C,BIR,6,SUL,3,423,3,6,2,2,1,0,0,1,Cold Para
BIRSUL,C,BIR,3,SUL,9,399,3,7,2,2,0,7,1,1,Cold Para
BIRSUL,C,BIR,3,SUL,6,387,3,8,2,2,4,5,7,11,Cold Para
BIRSUL,C,BIR,3,SUL,6,390,2,2,4,5,4,10,3,7,Cold Safe
BIRSUL,C,BIR,3,SUL,3,378,2,3,4,6,6,3,9,15,Cold Safe
BIRSUL,C,BIR,6,SUL,3,426,2,4,4,6,12,0,0,12,Cold Safe
BIRSUL,C,BIR,9,SUL,3,438,2,5,4,17,10,1,1,11,Cold Safe
BIRSUL,C,BIR,3,SUL,9,402,2,6,4,4,6,17,18,24,Cold Safe
BIRSUL,C,BIR,12,SUL,3,450,2,7,4,12,10,12,5,15,Cold Safe
BIRSUL,C,BIR,3,SUL,12,414,2,8,4,6,2,13,4,6,Cold Safe
BIRSUL,C,BIR,3,SUL,12,417,3,2,5,0,0,35,44,44,Hot Para
BIRSUL,C,BIR,3,SUL,9,405,3,3,5,0,1,22,24,25,Hot Para
BIRSUL,C,BIR,9,SUL,3,441,3,4,5,1,2,20,19,21,Hot Para
BIRSUL,C,BIR,3,SUL,3,381,3,5,5,4,8,18,24,32,Hot Para
BIRSUL,C,BIR,12,SUL,3,453,3,6,5,2,2,20,32,34,Hot Para
BIRSUL,C,BIR,6,SUL,3,429,3,7,5,9,4,24,20,24,Hot Para
BIRSUL,C,BIR,3,SUL,6,393,3,8,5,0,2,18,20,22,Hot Para
BIRSUL,C,BIR,6,SUL,3,432,3,2,8,13,14,31,22,36,Hot Safe
BIRSUL,C,BIR,3,SUL,6,396,3,3,8,1,2,31,32,34,Hot Safe
BIRSUL,C,BIR,9,SUL,3,444,3,4,8,21,27,22,17,44,Hot Safe
BIRSUL,C,BIR,3,SUL,3,384,3,5,8,7,7,17,24,31,Hot Safe
BIRSUL,C,BIR,3,SUL,9,408,3,6,8,0,0,31,51,51,Hot Safe
BIRSUL,C,BIR,12,SUL,3,456,3,7,8,17,20,2,6,26,Hot Safe
BIRSUL,C,BIR,3,SUL,12,420,3,8,8,10,4,10,16,20,Hot Safe
PALBIR,A,PAL,3,BIR,9,601,3,2,2,6,3,3,4,7,Cold Para
PALBIR,A,PAL,6,BIR,3,625,3,3,2,4,1,0,1,2,Cold Para
PALBIR,A,PAL,9,BIR,3,637,3,4,2,0,1,1,2,3,Cold Para
PALBIR,A,PAL,3,BIR,12,613,3,5,2,5,4,7,5,9,Cold Para
PALBIR,A,PAL,12,BIR,3,649,3,6,2,2,11,0,0,11,Cold Para
PALBIR,A,PAL,3,BIR,3,577,3,7,2,1,8,0,1,9,Cold Para
PALBIR,A,PAL,3,BIR,6,589,3,8,2,0,0,0,0,0,Cold Para
PALBIR,A,PAL,9,BIR,3,640,2,2,3,12,12,4,3,15,Cold Safe
PALBIR,A,PAL,3,BIR,12,616,2,3,3,1,1,3,10,11,Cold Safe
PALBIR,A,PAL,3,BIR,9,604,2,4,3,10,13,5,3,16,Cold Safe
PALBIR,A,PAL,3,BIR,6,592,2,5,3,12,11,0,2,13,Cold Safe
PALBIR,A,PAL,6,BIR,3,628,2,6,3,18,10,0,1,11,Cold Safe
PALBIR,A,PAL,3,BIR,3,580,2,7,3,0,0,3,3,3,Cold Safe
PALBIR,A,PAL,12,BIR,3,652,2,8,3,12,10,2,2,12,Cold Safe
PALBIR,A,PAL,3,BIR,6,595,3,2,4,2,2,13,4,6,Hot Para
PALBIR,A,PAL,9,BIR,3,643,3,3,4,23,31,10,4,35,Hot Para
PALBIR,A,PAL,6,BIR,3,631,3,4,4,20,15,2,5,20,Hot Para
PALBIR,A,PAL,12,BIR,3,655,3,5,4,19,29,1,2,31,Hot Para
PALBIR,A,PAL,3,BIR,9,607,3,6,4,6,7,11,16,23,Hot Para
PALBIR,A,PAL,3,BIR,12,619,3,7,4,11,15,14,11,26,Hot Para
PALBIR,A,PAL,3,BIR,3,583,3,8,4,8,19,6,4,23,Hot Para
PALBIR,A,PAL,3,BIR,9,610,2,2,5,11,24,15,29,53,Hot Safe
PALBIR,A,PAL,9,BIR,3,646,2,3,5,26,25,0,3,28,Hot Safe
PALBIR,A,PAL,3,BIR,3,586,2,4,5,14,20,5,5,25,Hot Safe
PALBIR,A,PAL,12,BIR,3,658,2,5,5,24,23,4,1,24,Hot Safe
PALBIR,A,PAL,3,BIR,6,598,2,6,5,13,24,8,12,36,Hot Safe
PALBIR,A,PAL,3,BIR,12,622,2,7,5,16,18,20,20,38,Hot Safe
PALBIR,A,PAL,6,BIR,3,634,2,8,5,30,36,9,4,40,Hot Safe
PALBIR,B,PAL,3,BIR,12,614,3,2,8,0,0,14,25,25,Cold Para
PALBIR,B,PAL,12,BIR,3,650,3,3,8,1,3,3,2,5,Cold Para
PALBIR,B,PAL,3,BIR,6,590,3,4,8,3,1,11,8,9,Cold Para
PALBIR,B,PAL,9,BIR,3,638,3,5,8,8,7,1,6,13,Cold Para
PALBIR,B,PAL,6,BIR,3,626,3,6,8,3,1,1,1,2,Cold Para
PALBIR,B,PAL,3,BIR,3,578,3,7,8,6,7,1,2,9,Cold Para
PALBIR,B,PAL,3,BIR,9,602,3,8,8,5,3,19,12,15,Cold Para
PALBIR,B,PAL,6,BIR,3,629,2,2,7,4,8,5,7,15,Cold Safe
PALBIR,B,PAL,3,BIR,3,581,2,3,7,15,12,7,4,16,Cold Safe
PALBIR,B,PAL,3,BIR,9,605,2,4,7,10,17,6,5,22,Cold Safe
PALBIR,B,PAL,12,BIR,3,653,2,5,7,22,23,5,6,29,Cold Safe
PALBIR,B,PAL,3,BIR,6,593,2,6,7,6,1,2,6,7,Cold Safe
PALBIR,B,PAL,3,BIR,12,617,2,7,7,13,16,14,11,27,Cold Safe
PALBIR,B,PAL,9,BIR,3,641,2,8,7,29,29,5,5,34,Cold Safe
PALBIR,B,PAL,3,BIR,9,608,3,2,4,6,10,27,23,33,Hot Para
PALBIR,B,PAL,3,BIR,3,584,3,3,4,5,4,16,7,11,Hot Para
PALBIR,B,PAL,6,BIR,3,632,3,4,4,22,23,7,3,26,Hot Para
PALBIR,B,PAL,12,BIR,3,656,3,5,4,22,33,0,1,34,Hot Para
PALBIR,B,PAL,3,BIR,12,620,3,6,4,20,12,3,5,17,Hot Para
PALBIR,B,PAL,9,BIR,3,644,3,7,4,29,25,2,4,29,Hot Para
PALBIR,B,PAL,3,BIR,6,596,3,8,4,29,21,5,1,22,Hot Para
PALBIR,B,PAL,3,BIR,12,623,2,2,4,14,18,19,23,41,Hot Safe
PALBIR,B,PAL,12,BIR,3,659,2,3,4,24,34,0,0,34,Hot Safe
PALBIR,B,PAL,9,BIR,3,647,2,4,4,25,31,6,11,42,Hot Safe
PALBIR,B,PAL,3,BIR,9,611,2,5,4,18,15,22,12,27,Hot Safe
PALBIR,B,PAL,6,BIR,3,635,2,6,4,29,42,4,2,44,Hot Safe
PALBIR,B,PAL,3,BIR,3,587,2,7,4,29,28,5,9,37,Hot Safe
PALBIR,B,PAL,3,BIR,6,599,2,8,4,0,0,19,22,22,Hot Safe
PALBIR,C,PAL,3,BIR,9,603,3,2,7,1,0,12,5,5,Cold Para
PALBIR,C,PAL,9,BIR,3,639,3,3,7,3,5,3,1,6,Cold Para
PALBIR,C,PAL,3,BIR,12,615,3,4,7,4,1,7,6,7,Cold Para
PALBIR,C,PAL,12,BIR,3,651,3,5,7,11,21,0,0,21,Cold Para
PALBIR,C,PAL,3,BIR,6,591,3,6,7,4,2,0,1,3,Cold Para
PALBIR,C,PAL,3,BIR,3,579,3,7,7,5,7,2,1,8,Cold Para
PALBIR,C,PAL,6,BIR,3,627,3,8,7,10,18,10,3,21,Cold Para
PALBIR,C,PAL,3,BIR,9,606,3,2,4,17,25,7,6,31,Cold Safe
PALBIR,C,PAL,9,BIR,3,642,3,3,4,34,43,0,0,43,Cold Safe
PALBIR,C,PAL,12,BIR,3,654,3,4,4,24,39,0,0,39,Cold Safe
PALBIR,C,PAL,3,BIR,3,582,3,5,4,11,10,3,7,17,Cold Safe
PALBIR,C,PAL,3,BIR,6,594,3,6,4,17,14,4,6,20,Cold Safe
PALBIR,C,PAL,3,BIR,12,618,3,7,4,4,8,18,18,26,Cold Safe
PALBIR,C,PAL,6,BIR,3,630,3,8,4,21,35,4,2,37,Cold Safe
PALBIR,C,PAL,9,BIR,3,645,2,2,7,25,41,1,0,41,Hot Para
PALBIR,C,PAL,12,BIR,3,657,2,3,7,13,25,0,2,27,Hot Para
PALBIR,C,PAL,6,BIR,3,633,2,4,7,7,11,0,1,12,Hot Para
PALBIR,C,PAL,3,BIR,6,597,2,5,7,1,1,8,15,16,Hot Para
PALBIR,C,PAL,3,BIR,12,621,2,6,7,4,4,23,14,18,Hot Para
PALBIR,C,PAL,3,BIR,3,585,2,7,7,9,16,4,6,22,Hot Para
PALBIR,C,PAL,3,BIR,9,609,2,8,7,5,6,19,24,30,Hot Para
PALBIR,C,PAL,3,BIR,6,600,2,2,5,10,15,15,14,29,Hot Safe
PALBIR,C,PAL,3,BIR,12,624,2,3,5,22,11,36,40,51,Hot Safe
PALBIR,C,PAL,12,BIR,3,660,2,4,5,36,53,5,2,55,Hot Safe
PALBIR,C,PAL,3,BIR,9,612,2,5,5,26,14,24,23,37,Hot Safe
PALBIR,C,PAL,3,BIR,3,588,2,6,5,28,13,5,8,21,Hot Safe
PALBIR,C,PAL,6,BIR,3,636,2,7,5,21,34,4,6,40,Hot Safe
PALBIR,C,PAL,9,BIR,3,648,2,8,5,36,47,0,1,48,Hot Safe
PALPAN,A,PAL,3,PAN,9,685,2,2,4,4,2,0,0,2,Cold Para
PALPAN,A,PAL,3,PAN,6,673,2,3,4,0,0,0,0,0,Cold Para
PALPAN,A,PAL,9,PAN,3,721,2,4,4,3,4,0,0,4,Cold Para
PALPAN,A,PAL,12,PAN,3,733,2,5,4,6,15,1,0,15,Cold Para
PALPAN,A,PAL,3,PAN,3,661,2,6,4,10,7,0,0,7,Cold Para
PALPAN,A,PAL,3,PAN,12,697,2,7,4,8,5,0,0,5,Cold Para
PALPAN,A,PAL,6,PAN,3,709,2,8,4,15,9,0,0,9,Cold Para
PALPAN,A,PAL,9,PAN,3,724,3,2,7,0,0,1,0,0,Cold Safe
PALPAN,A,PAL,6,PAN,3,712,3,3,7,7,5,0,0,5,Cold Safe
PALPAN,A,PAL,3,PAN,3,664,3,4,7,5,4,2,2,6,Cold Safe
PALPAN,A,PAL,3,PAN,9,688,3,5,7,0,0,0,4,4,Cold Safe
PALPAN,A,PAL,3,PAN,12,700,3,6,7,8,6,3,0,6,Cold Safe
PALPAN,A,PAL,12,PAN,3,736,3,7,7,13,16,0,1,17,Cold Safe
PALPAN,A,PAL,3,PAN,6,676,3,8,7,2,3,9,3,6,Cold Safe
PALPAN,A,PAL,3,PAN,3,667,2,2,4,11,13,5,5,18,Hot Para
PALPAN,A,PAL,6,PAN,3,715,2,3,4,20,23,8,7,30,Hot Para
PALPAN,A,PAL,3,PAN,9,691,2,4,4,15,24,21,24,48,Hot Para
PALPAN,A,PAL,3,PAN,6,679,2,5,4,17,23,18,22,45,Hot Para
PALPAN,A,PAL,12,PAN,3,739,2,6,4,31,33,5,2,35,Hot Para
PALPAN,A,PAL,9,PAN,3,727,2,7,4,21,21,6,5,26,Hot Para
PALPAN,A,PAL,3,PAN,12,703,2,8,4,9,14,20,23,37,Hot Para
PALPAN,A,PAL,9,PAN,3,730,2,2,8,42,36,9,7,43,Hot Safe
PALPAN,A,PAL,3,PAN,6,682,2,3,8,24,33,26,21,54,Hot Safe
PALPAN,A,PAL,12,PAN,3,742,2,4,8,19,24,14,4,28,Hot Safe
PALPAN,A,PAL,3,PAN,12,706,2,5,8,7,6,36,39,45,Hot Safe
PALPAN,A,PAL,3,PAN,3,670,2,6,8,23,23,12,12,35,Hot Safe
PALPAN,A,PAL,3,PAN,9,694,2,7,8,5,5,23,33,38,Hot Safe
PALPAN,A,PAL,6,PAN,3,718,2,8,8,25,35,2,3,38,Hot Safe
PALPAN,B,PAL,3,PAN,9,686,2,2,2,6,0,5,2,2,Cold Para
PALPAN,B,PAL,9,PAN,3,722,2,3,2,13,19,0,0,19,Cold Para
PALPAN,B,PAL,3,PAN,6,674,2,4,2,6,7,2,2,9,Cold Para
PALPAN,B,PAL,3,PAN,12,698,2,5,2,2,5,4,5,10,Cold Para
PALPAN,B,PAL,12,PAN,3,734,2,6,2,20,26,1,0,26,Cold Para
PALPAN,B,PAL,6,PAN,3,710,2,7,2,16,21,3,0,21,Cold Para
PALPAN,B,PAL,3,PAN,3,662,2,8,2,10,8,0,0,8,Cold Para
PALPAN,B,PAL,3,PAN,6,677,2,2,2,8,5,7,9,14,Cold Safe
PALPAN,B,PAL,3,PAN,9,689,2,3,2,11,5,9,10,15,Cold Safe
PALPAN,B,PAL,6,PAN,3,713,2,4,2,19,24,0,0,24,Cold Safe
PALPAN,B,PAL,3,PAN,3,665,2,5,2,0,0,6,0,0,Cold Safe
PALPAN,B,PAL,3,PAN,12,701,2,6,2,12,11,29,25,36,Cold Safe
PALPAN,B,PAL,9,PAN,3,725,2,7,2,33,40,4,2,42,Cold Safe
PALPAN,B,PAL,12,PAN,3,737,2,8,2,41,44,1,2,46,Cold Safe
PALPAN,B,PAL,6,PAN,3,716,3,2,8,30,26,4,3,29,Hot Para
PALPAN,B,PAL,3,PAN,12,704,3,3,8,13,8,15,15,23,Hot Para
PALPAN,B,PAL,9,PAN,3,728,3,4,8,20,31,11,8,39,Hot Para
PALPAN,B,PAL,12,PAN,3,740,3,5,8,35,48,2,1,49,Hot Para
PALPAN,B,PAL,3,PAN,9,692,3,6,8,15,9,21,16,25,Hot Para
PALPAN,B,PAL,3,PAN,6,680,3,7,8,7,8,13,9,17,Hot Para
PALPAN,B,PAL,3,PAN,3,668,3,8,8,40,37,3,4,41,Hot Para
PALPAN,B,PAL,6,PAN,3,719,3,2,6,29,47,0,0,47,Hot Safe
PALPAN,B,PAL,3,PAN,3,671,3,3,6,18,14,9,6,20,Hot Safe
PALPAN,B,PAL,3,PAN,9,695,3,4,6,14,23,20,30,53,Hot Safe
PALPAN,B,PAL,3,PAN,12,707,3,5,6,20,25,19,18,43,Hot Safe
PALPAN,B,PAL,12,PAN,3,743,3,6,6,36,43,9,4,47,Hot Safe
PALPAN,B,PAL,3,PAN,6,683,3,7,6,9,17,9,7,24,Hot Safe
PALPAN,B,PAL,9,PAN,3,731,3,8,6,29,25,11,7,32,Hot Safe
PALPAN,C,PAL,3,PAN,6,675,3,2,6,0,0,0,0,0,Cold Para
PALPAN,C,PAL,9,PAN,3,723,3,3,6,8,6,5,2,8,Cold Para
PALPAN,C,PAL,3,PAN,9,687,3,4,6,6,4,0,0,4,Cold Para
PALPAN,C,PAL,3,PAN,3,663,3,5,6,5,9,1,0,9,Cold Para
PALPAN,C,PAL,12,PAN,3,735,3,6,6,22,25,1,5,30,Cold Para
PALPAN,C,PAL,3,PAN,12,699,3,7,6,5,7,3,4,11,Cold Para
PALPAN,C,PAL,6,PAN,3,711,3,8,6,6,5,0,0,5,Cold Para
PALPAN,C,PAL,6,PAN,3,714,3,2,7,23,19,0,1,20,Cold Safe
PALPAN,C,PAL,3,PAN,6,678,3,3,7,5,6,0,3,9,Cold Safe
PALPAN,C,PAL,3,PAN,9,690,3,4,7,6,10,2,3,13,Cold Safe
PALPAN,C,PAL,3,PAN,3,666,3,5,7,13,11,0,0,11,Cold Safe
PALPAN,C,PAL,12,PAN,3,738,3,6,7,29,36,0,0,36,Cold Safe
PALPAN,C,PAL,3,PAN,12,702,3,7,7,11,15,2,1,16,Cold Safe
PALPAN,C,PAL,9,PAN,3,726,3,8,7,17,16,0,1,17,Cold Safe
PALPAN,C,PAL,12,PAN,3,741,2,2,3,21,50,4,11,61,Hot Para
PALPAN,C,PAL,9,PAN,3,729,2,3,3,32,42,13,8,50,Hot Para
PALPAN,C,PAL,3,PAN,9,693,2,4,3,12,9,25,29,38,Hot Para
PALPAN,C,PAL,6,PAN,3,717,2,5,3,11,19,13,20,39,Hot Para
PALPAN,C,PAL,3,PAN,3,669,2,6,3,12,15,20,23,38,Hot Para
PALPAN,C,PAL,3,PAN,12,705,2,7,3,4,6,38,32,38,Hot Para
PALPAN,C,PAL,3,PAN,6,681,2,8,3,3,5,8,9,14,Hot Para
PALPAN,C,PAL,3,PAN,12,708,3,2,2,9,10,50,48,58,Hot Para
PALPAN,C,PAL,3,PAN,6,684,3,3,2,5,1,12,17,18,Hot Para
PALPAN,C,PAL,9,PAN,3,732,3,4,2,11,8,16,7,15,Hot Para
PALPAN,C,PAL,3,PAN,9,696,3,5,2,5,5,48,41,46,Hot Para
PALPAN,C,PAL,12,PAN,3,744,3,6,2,13,33,5,9,42,Hot Para
PALPAN,C,PAL,6,PAN,3,720,3,7,2,22,26,12,18,44,Hot Para
PALPAN,C,PAL,3,PAN,3,672,3,8,2,3,3,6,7,10,Hot Para
PALPSA,A,PAL,6,PSA,3,793,2,2,7,1,4,0,0,4,Cold Para
PALPSA,A,PAL,3,PSA,12,781,2,3,7,9,3,8,8,11,Cold Para
PALPSA,A,PAL,3,PSA,6,757,2,4,7,2,3,3,0,3,Cold Para
PALPSA,A,PAL,3,PSA,3,745,2,5,7,0,0,4,3,3,Cold Para
PALPSA,A,PAL,12,PSA,3,817,2,6,7,3,3,2,1,4,Cold Para
PALPSA,A,PAL,9,PSA,3,805,2,7,7,9,5,2,1,6,Cold Para
PALPSA,A,PAL,3,PSA,9,769,2,8,7,0,3,3,3,6,Cold Para
PALPSA,A,PAL,9,PSA,3,808,3,2,4,4,7,2,0,7,Cold Safe
PALPSA,A,PAL,12,PSA,3,820,3,3,4,9,8,1,1,9,Cold Safe
PALPSA,A,PAL,6,PSA,3,796,3,4,4,7,7,0,2,9,Cold Safe
PALPSA,A,PAL,3,PSA,9,772,3,5,4,6,10,2,1,11,Cold Safe
PALPSA,A,PAL,3,PSA,3,748,3,6,4,0,0,5,2,2,Cold Safe
PALPSA,A,PAL,3,PSA,6,760,3,7,4,2,1,1,0,1,Cold Safe
PALPSA,A,PAL,3,PSA,12,784,3,8,4,0,0,6,11,11,Cold Safe
PALPSA,A,PAL,12,PSA,3,823,3,2,1,25,42,3,2,44,Hot Para
PALPSA,A,PAL,3,PSA,3,751,3,3,1,3,5,4,0,5,Hot Para
PALPSA,A,PAL,3,PSA,6,763,3,4,1,7,8,0,2,10,Hot Para
PALPSA,A,PAL,3,PSA,12,787,3,5,1,2,3,9,4,7,Hot Para
PALPSA,A,PAL,3,PSA,9,775,3,6,1,12,15,16,12,27,Hot Para
PALPSA,A,PAL,9,PSA,3,811,3,7,1,26,43,5,4,47,Hot Para
PALPSA,A,PAL,6,PSA,3,799,3,8,1,11,16,0,2,18,Hot Para
PALPSA,A,PAL,3,PSA,6,766,3,2,5,23,21,4,3,24,Hot Safe
PALPSA,A,PAL,3,PSA,3,754,3,3,5,25,24,0,0,24,Hot Safe
PALPSA,A,PAL,3,PSA,12,790,3,4,5,7,12,8,21,33,Hot Safe
PALPSA,A,PAL,6,PSA,3,802,3,5,5,10,28,6,10,38,Hot Safe
PALPSA,A,PAL,9,PSA,3,814,3,6,5,48,29,3,3,32,Hot Safe
PALPSA,A,PAL,3,PSA,9,778,3,7,5,15,12,14,11,23,Hot Safe
PALPSA,A,PAL,12,PSA,3,826,3,8,5,26,23,9,4,27,Hot Safe
PALPSA,B,PAL,3,PSA,3,746,2,2,3,1,2,0,0,2,Cold Para
PALPSA,B,PAL,3,PSA,12,782,2,3,3,11,10,4,6,16,Cold Para
PALPSA,B,PAL,9,PSA,3,806,2,4,3,13,39,0,0,39,Cold Para
PALPSA,B,PAL,3,PSA,9,770,2,5,3,11,18,2,1,19,Cold Para
PALPSA,B,PAL,6,PSA,3,794,2,6,3,10,7,4,2,9,Cold Para
PALPSA,B,PAL,3,PSA,6,758,2,7,3,7,8,1,1,9,Cold Para
PALPSA,B,PAL,12,PSA,3,818,2,8,3,15,39,0,0,39,Cold Para
PALPSA,B,PAL,3,PSA,3,749,3,2,4,10,17,1,0,17,Cold Safe
PALPSA,B,PAL,12,PSA,3,821,3,3,4,25,29,6,1,30,Cold Safe
PALPSA,B,PAL,3,PSA,9,773,3,4,4,3,1,2,1,2,Cold Safe
PALPSA,B,PAL,9,PSA,3,809,3,5,4,10,11,1,1,12,Cold Safe
PALPSA,B,PAL,3,PSA,6,761,3,6,4,14,14,3,5,19,Cold Safe
PALPSA,B,PAL,3,PSA,12,785,3,7,4,0,0,2,2,2,Cold Safe
PALPSA,B,PAL,6,PSA,3,797,3,8,4,1,0,0,0,0,Cold Safe
PALPSA,B,PAL,12,PSA,3,824,2,2,2,36,60,2,7,67,Hot Para
PALPSA,B,PAL,3,PSA,3,752,2,3,2,36,29,6,11,40,Hot Para
PALPSA,B,PAL,3,PSA,6,764,2,4,2,12,16,13,5,21,Hot Para
PALPSA,B,PAL,3,PSA,9,776,2,5,2,8,15,14,16,31,Hot Para
PALPSA,B,PAL,3,PSA,12,788,2,6,2,24,22,5,8,30,Hot Para
PALPSA,B,PAL,6,PSA,3,800,2,7,2,16,9,5,10,19,Hot Para
PALPSA,B,PAL,9,PSA,3,812,2,8,2,22,19,6,2,21,Hot Para
PALPSA,B,PAL,6,PSA,3,803,3,2,1,27,18,10,12,30,Hot Safe
PALPSA,B,PAL,3,PSA,9,779,3,3,1,27,25,4,4,29,Hot Safe
PALPSA,B,PAL,3,PSA,3,755,3,4,1,15,21,10,9,30,Hot Safe
PALPSA,B,PAL,9,PSA,3,815,3,5,1,48,67,4,3,70,Hot Safe
PALPSA,B,PAL,3,PSA,6,767,3,6,1,13,9,16,14,23,Hot Safe
PALPSA,B,PAL,12,PSA,3,827,3,7,1,31,33,6,9,42,Hot Safe
PALPSA,B,PAL,3,PSA,12,791,3,8,1,31,27,37,35,62,Hot Safe
PALPSA,C,PAL,3,PSA,6,759,3,2,4,7,14,2,1,15,Cold Para
PALPSA,C,PAL,6,PSA,3,795,3,3,4,16,26,1,0,26,Cold Para
PALPSA,C,PAL,3,PSA,12,783,3,4,4,17,14,5,6,20,Cold Para
PALPSA,C,PAL,12,PSA,3,819,3,5,4,17,17,0,1,18,Cold Para
PALPSA,C,PAL,9,PSA,3,807,3,6,4,19,14,6,0,14,Cold Para
PALPSA,C,PAL,3,PSA,9,771,3,7,4,7,16,3,1,17,Cold Para
PALPSA,C,PAL,3,PSA,3,747,3,8,4,8,11,0,1,12,Cold Para
PALPSA,C,PAL,9,PSA,3,810,3,2,2,11,8,0,1,9,Cold Safe
PALPSA,C,PAL,3,PSA,12,786,3,3,2,18,22,18,17,39,Cold Safe
PALPSA,C,PAL,3,PSA,9,774,3,4,2,10,14,17,13,27,Cold Safe
PALPSA,C,PAL,6,PSA,3,798,3,5,2,25,35,3,3,38,Cold Safe
PALPSA,C,PAL,3,PSA,3,750,3,6,2,21,31,0,0,31,Cold Safe
PALPSA,C,PAL,3,PSA,6,762,3,7,2,11,14,16,10,24,Cold Safe
PALPSA,C,PAL,12,PSA,3,822,3,8,2,34,34,0,1,35,Cold Safe
PALPSA,C,PAL,12,PSA,3,825,3,2,1,27,23,0,2,25,Hot Para
PALPSA,C,PAL,3,PSA,3,753,3,3,1,12,10,0,0,10,Hot Para
PALPSA,C,PAL,6,PSA,3,801,3,4,1,19,20,5,2,22,Hot Para
PALPSA,C,PAL,3,PSA,6,765,3,5,1,1,3,5,7,10,Hot Para
PALPSA,C,PAL,9,PSA,3,813,3,6,1,31,27,1,2,29,Hot Para
PALPSA,C,PAL,3,PSA,12,789,3,7,1,10,7,12,13,20,Hot Para
PALPSA,C,PAL,3,PSA,9,777,3,8,1,12,25,10,9,34,Hot Para
PALPSA,C,PAL,3,PSA,12,792,3,2,4,7,11,11,15,26,Hot Safe
PALPSA,C,PAL,3,PSA,9,780,3,3,4,14,19,11,16,35,Hot Safe
PALPSA,C,PAL,6,PSA,3,804,3,4,4,35,39,2,6,45,Hot Safe
PALPSA,C,PAL,3,PSA,6,768,3,5,4,13,9,9,12,21,Hot Safe
PALPSA,C,PAL,3,PSA,3,756,3,6,4,34,30,5,14,44,Hot Safe
PALPSA,C,PAL,12,PSA,3,828,3,7,4,41,59,1,1,60,Hot Safe
PALPSA,C,PAL,9,PSA,3,816,3,8,4,37,30,4,2,32,Hot Safe
PALSIM,A,PAL,3,SIM,12,865,3,2,1,4,7,23,25,32,Cold Para
PALSIM,A,PAL,3,SIM,9,853,3,3,1,4,4,18,12,16,Cold Para
PALSIM,A,PAL,12,SIM,3,901,3,4,1,8,7,2,5,12,Cold Para
PALSIM,A,PAL,3,SIM,3,829,3,5,1,3,1,0,3,4,Cold Para
PALSIM,A,PAL,3,SIM,6,841,3,6,1,6,3,12,5,8,Cold Para
PALSIM,A,PAL,9,SIM,3,889,3,7,1,12,4,7,4,8,Cold Para
PALSIM,A,PAL,6,SIM,3,877,3,8,1,8,13,6,5,18,Cold Para
PALSIM,A,PAL,9,SIM,3,892,2,2,8,16,17,3,4,21,Cold Safe
PALSIM,A,PAL,3,SIM,3,832,2,3,8,1,0,5,8,8,Cold Safe
PALSIM,A,PAL,6,SIM,3,880,2,4,8,13,9,5,3,12,Cold Safe
PALSIM,A,PAL,3,SIM,9,856,2,5,8,27,28,2,0,28,Cold Safe
PALSIM,A,PAL,12,SIM,3,904,2,6,8,12,10,5,7,17,Cold Safe
PALSIM,A,PAL,3,SIM,6,844,2,7,8,11,16,12,9,25,Cold Safe
PALSIM,A,PAL,3,SIM,12,868,2,8,8,0,0,22,29,29,Cold Safe
PALSIM,A,PAL,3,SIM,6,847,2,2,5,6,4,15,18,22,Hot Para
PALSIM,A,PAL,9,SIM,3,895,2,3,5,23,28,9,8,36,Hot Para
PALSIM,A,PAL,3,SIM,3,835,2,4,5,5,5,14,9,14,Hot Para
PALSIM,A,PAL,6,SIM,3,883,2,5,5,20,12,13,5,17,Hot Para
PALSIM,A,PAL,12,SIM,3,907,2,6,5,24,31,6,10,41,Hot Para
PALSIM,A,PAL,3,SIM,9,859,2,7,5,8,1,32,34,35,Hot Para
PALSIM,A,PAL,3,SIM,12,871,2,8,5,12,9,31,32,41,Hot Para
PALSIM,A,PAL,6,SIM,3,886,3,2,3,23,25,25,17,42,Hot Safe
PALSIM,A,PAL,3,SIM,9,862,3,3,3,18,17,18,29,46,Hot Safe
PALSIM,A,PAL,3,SIM,3,838,3,4,3,10,25,20,21,46,Hot Safe
PALSIM,A,PAL,12,SIM,3,910,3,5,3,24,21,19,24,45,Hot Safe
PALSIM,A,PAL,3,SIM,6,850,3,6,3,NA,NA,NA,NA,NA,Hot Safe
PALSIM,A,PAL,3,SIM,12,874,3,7,3,4,6,38,30,36,Hot Safe
PALSIM,A,PAL,9,SIM,3,898,3,8,3,15,12,10,23,35,Hot Safe
PALSIM,B,PAL,3,SIM,3,830,2,2,8,4,3,3,4,7,Cold Para
PALSIM,B,PAL,9,SIM,3,890,2,3,8,12,16,4,6,22,Cold Para
PALSIM,B,PAL,3,SIM,9,854,2,4,8,8,11,18,25,36,Cold Para
PALSIM,B,PAL,3,SIM,6,842,2,5,8,0,1,8,4,5,Cold Para
PALSIM,B,PAL,6,SIM,3,878,2,6,8,12,14,5,9,23,Cold Para
PALSIM,B,PAL,3,SIM,12,866,2,7,8,5,10,27,29,39,Cold Para
PALSIM,B,PAL,12,SIM,3,902,2,8,8,26,20,3,3,23,Cold Para
PALSIM,B,PAL,3,SIM,9,857,3,2,7,7,10,27,31,41,Cold Safe
PALSIM,B,PAL,3,SIM,3,833,3,3,7,13,26,6,6,32,Cold Safe
PALSIM,B,PAL,3,SIM,12,869,3,4,7,8,16,24,30,46,Cold Safe
PALSIM,B,PAL,9,SIM,3,893,3,5,7,18,13,9,6,19,Cold Safe
PALSIM,B,PAL,3,SIM,6,845,3,6,7,1,0,18,13,13,Cold Safe
PALSIM,B,PAL,6,SIM,3,881,3,7,7,0,11,2,4,15,Cold Safe
PALSIM,B,PAL,12,SIM,3,905,3,8,7,12,9,3,2,11,Cold Safe
PALSIM,B,PAL,3,SIM,3,836,2,2,5,8,12,14,15,27,Hot Para
PALSIM,B,PAL,12,SIM,3,908,2,3,5,8,12,9,9,21,Hot Para
PALSIM,B,PAL,3,SIM,6,848,2,4,5,14,9,22,18,27,Hot Para
PALSIM,B,PAL,9,SIM,3,896,2,5,5,15,24,11,16,40,Hot Para
PALSIM,B,PAL,6,SIM,3,884,2,6,5,10,9,13,13,22,Hot Para
PALSIM,B,PAL,3,SIM,12,872,2,7,5,23,12,35,28,40,Hot Para
PALSIM,B,PAL,3,SIM,9,860,2,8,5,6,13,23,31,44,Hot Para
PALSIM,B,PAL,3,SIM,12,875,3,2,5,3,6,55,60,66,Hot Safe
PALSIM,B,PAL,3,SIM,3,839,3,3,5,8,11,15,18,29,Hot Safe
PALSIM,B,PAL,6,SIM,3,887,3,4,5,18,29,9,15,44,Hot Safe
PALSIM,B,PAL,9,SIM,3,899,3,5,5,26,23,12,9,32,Hot Safe
PALSIM,B,PAL,12,SIM,3,911,3,6,5,32,31,27,20,51,Hot Safe
PALSIM,B,PAL,3,SIM,9,863,3,7,5,15,10,40,52,62,Hot Safe
PALSIM,B,PAL,3,SIM,6,851,3,8,5,30,18,19,10,28,Hot Safe
PALSIM,C,PAL,12,SIM,3,903,3,2,8,20,25,14,13,38,Cold Para
PALSIM,C,PAL,3,SIM,3,831,3,3,8,11,13,15,12,25,Cold Para
PALSIM,C,PAL,9,SIM,3,891,3,4,8,18,28,19,13,41,Cold Para
PALSIM,C,PAL,6,SIM,3,879,3,5,8,23,29,14,21,50,Cold Para
PALSIM,C,PAL,3,SIM,12,867,3,6,8,2,2,42,35,37,Cold Para
PALSIM,C,PAL,3,SIM,9,855,3,7,8,1,9,45,47,56,Cold Para
PALSIM,C,PAL,3,SIM,6,843,3,8,8,5,7,28,22,29,Cold Para
PALSIM,C,PAL,3,SIM,12,870,3,2,5,2,1,34,42,43,Cold Safe
PALSIM,C,PAL,3,SIM,3,834,3,3,5,15,15,13,9,24,Cold Safe
PALSIM,C,PAL,6,SIM,3,882,3,4,5,25,21,4,8,29,Cold Safe
PALSIM,C,PAL,3,SIM,6,846,3,5,5,8,5,7,13,18,Cold Safe
PALSIM,C,PAL,12,SIM,3,906,3,6,5,33,27,6,16,43,Cold Safe
PALSIM,C,PAL,9,SIM,3,894,3,7,5,10,23,13,8,31,Cold Safe
PALSIM,C,PAL,3,SIM,9,858,3,8,5,2,1,25,36,37,Cold Safe
PALSIM,C,PAL,9,SIM,3,897,2,2,5,33,35,14,10,45,Hot Para
PALSIM,C,PAL,3,SIM,9,861,2,3,5,13,14,48,31,45,Hot Para
PALSIM,C,PAL,12,SIM,3,909,2,4,5,44,51,19,32,83,Hot Para
PALSIM,C,PAL,6,SIM,3,885,2,5,5,23,26,18,25,51,Hot Para
PALSIM,C,PAL,3,SIM,3,837,2,6,5,22,22,25,29,51,Hot Para
PALSIM,C,PAL,3,SIM,6,849,2,7,5,27,17,48,37,54,Hot Para
PALSIM,C,PAL,3,SIM,12,873,2,8,5,8,12,74,65,77,Hot Para
PALSIM,C,PAL,3,SIM,9,864,2,2,3,0,0,29,43,43,Hot Safe
PALSIM,C,PAL,3,SIM,6,852,2,3,3,22,30,30,33,63,Hot Safe
PALSIM,C,PAL,3,SIM,3,840,2,4,3,7,5,24,23,28,Hot Safe
PALSIM,C,PAL,12,SIM,3,912,2,5,3,9,11,9,9,20,Hot Safe
PALSIM,C,PAL,9,SIM,3,900,2,6,3,48,42,30,31,73,Hot Safe
PALSIM,C,PAL,6,SIM,3,888,2,7,3,15,18,23,27,45,Hot Safe
PALSIM,C,PAL,3,SIM,12,876,2,8,3,8,10,61,77,87,Hot Safe
PALSUL,A,PAL,6,SUL,3,961,2,2,8,1,NA,0,NA,1,Cold Para
PALSUL,A,PAL,3,SUL,9,937,2,3,8,5,NA,3,NA,9,Cold Para
PALSUL,A,PAL,3,SUL,3,913,2,4,8,1,NA,0,NA,3,Cold Para
PALSUL,A,PAL,9,SUL,3,973,2,5,8,1,NA,1,NA,4,Cold Para
PALSUL,A,PAL,12,SUL,3,985,2,6,8,3,NA,2,NA,1,Cold Para
PALSUL,A,PAL,3,SUL,6,925,2,7,8,0,NA,0,NA,4,Cold Para
PALSUL,A,PAL,3,SUL,12,949,2,8,8,0,NA,3,NA,3,Cold Para
PALSUL,A,PAL,12,SUL,3,988,2,2,2,5,NA,0,NA,2,Cold Safe
PALSUL,A,PAL,3,SUL,6,928,2,3,2,7,NA,6,NA,8,Cold Safe
PALSUL,A,PAL,9,SUL,3,976,2,4,2,1,NA,0,NA,0,Cold Safe
PALSUL,A,PAL,6,SUL,3,964,2,5,2,0,NA,1,NA,0,Cold Safe
PALSUL,A,PAL,3,SUL,3,916,2,6,2,7,NA,1,NA,13,Cold Safe
PALSUL,A,PAL,3,SUL,12,952,2,7,2,0,NA,19,NA,15,Cold Safe
PALSUL,A,PAL,3,SUL,9,940,2,8,2,1,NA,4,NA,2,Cold Safe
PALSUL,A,PAL,6,SUL,3,967,2,2,8,17,NA,2,NA,16,Hot Para
PALSUL,A,PAL,12,SUL,3,991,2,3,8,26,NA,2,NA,41,Hot Para
PALSUL,A,PAL,3,SUL,12,955,2,4,8,11,NA,8,NA,9,Hot Para
PALSUL,A,PAL,3,SUL,9,943,2,5,8,13,NA,6,NA,25,Hot Para
PALSUL,A,PAL,3,SUL,6,931,2,6,8,2,NA,1,NA,2,Hot Para
PALSUL,A,PAL,3,SUL,3,919,2,7,8,24,NA,5,NA,28,Hot Para
PALSUL,A,PAL,9,SUL,3,979,2,8,8,17,NA,1,NA,32,Hot Para
PALSUL,A,PAL,12,SUL,3,994,2,2,3,27,NA,3,NA,22,Hot Safe
PALSUL,A,PAL,3,SUL,9,946,2,3,3,19,NA,18,NA,39,Hot Safe
PALSUL,A,PAL,6,SUL,3,970,2,4,3,22,NA,5,NA,21,Hot Safe
PALSUL,A,PAL,3,SUL,6,934,2,5,3,15,NA,18,NA,39,Hot Safe
PALSUL,A,PAL,3,SUL,3,922,2,6,3,29,NA,6,NA,38,Hot Safe
PALSUL,A,PAL,9,SUL,3,982,2,7,3,19,NA,13,NA,43,Hot Safe
PALSUL,A,PAL,3,SUL,12,958,2,8,3,10,NA,31,NA,60,Hot Safe
PALSUL,B,PAL,9,SUL,3,974,3,2,7,2,NA,1,NA,6,Cold Para
PALSUL,B,PAL,12,SUL,3,986,3,3,7,12,NA,1,NA,15,Cold Para
PALSUL,B,PAL,6,SUL,3,962,3,4,7,0,NA,11,NA,10,Cold Para
PALSUL,B,PAL,3,SUL,9,938,3,5,7,0,NA,1,NA,0,Cold Para
PALSUL,B,PAL,3,SUL,3,914,3,6,7,8,NA,9,NA,16,Cold Para
PALSUL,B,PAL,3,SUL,12,950,3,7,7,2,NA,8,NA,26,Cold Para
PALSUL,B,PAL,3,SUL,6,926,3,8,7,0,NA,4,NA,6,Cold Para
PALSUL,B,PAL,3,SUL,6,929,3,2,2,5,NA,11,NA,33,Cold Safe
PALSUL,B,PAL,9,SUL,3,977,3,3,2,9,NA,5,NA,7,Cold Safe
PALSUL,B,PAL,12,SUL,3,989,3,4,2,16,NA,1,NA,24,Cold Safe
PALSUL,B,PAL,3,SUL,12,953,3,5,2,10,NA,21,NA,33,Cold Safe
PALSUL,B,PAL,6,SUL,3,965,3,6,2,39,NA,0,NA,36,Cold Safe
PALSUL,B,PAL,3,SUL,3,917,3,7,2,25,NA,6,NA,33,Cold Safe
PALSUL,B,PAL,3,SUL,9,941,3,8,2,16,NA,11,NA,21,Cold Safe
PALSUL,B,PAL,3,SUL,9,944,3,2,6,1,NA,18,NA,37,Hot Para
PALSUL,B,PAL,6,SUL,3,968,3,3,6,20,NA,4,NA,21,Hot Para
PALSUL,B,PAL,3,SUL,12,956,3,4,6,5,NA,15,NA,40,Hot Para
PALSUL,B,PAL,3,SUL,3,920,3,5,6,17,NA,8,NA,37,Hot Para
PALSUL,B,PAL,3,SUL,6,932,3,6,6,22,NA,17,NA,31,Hot Para
PALSUL,B,PAL,9,SUL,3,980,3,7,6,25,NA,0,NA,41,Hot Para
PALSUL,B,PAL,12,SUL,3,992,3,8,6,21,NA,5,NA,52,Hot Para
PALSUL,B,PAL,6,SUL,3,971,3,2,4,22,NA,16,NA,37,Hot Safe
PALSUL,B,PAL,3,SUL,3,923,3,3,4,5,NA,31,NA,34,Hot Safe
PALSUL,B,PAL,3,SUL,6,935,3,4,4,11,NA,27,NA,51,Hot Safe
PALSUL,B,PAL,3,SUL,12,959,3,5,4,0,NA,37,NA,50,Hot Safe
PALSUL,B,PAL,3,SUL,9,947,3,6,4,0,NA,44,NA,56,Hot Safe
PALSUL,B,PAL,12,SUL,3,995,3,7,4,40,NA,9,NA,57,Hot Safe
PALSUL,B,PAL,9,SUL,3,983,3,8,4,29,NA,7,NA,46,Hot Safe
PALSUL,C,PAL,3,SUL,9,939,2,2,2,3,NA,9,NA,10,Cold Para
PALSUL,C,PAL,3,SUL,3,915,2,3,2,2,NA,2,NA,4,Cold Para
PALSUL,C,PAL,3,SUL,6,927,2,4,2,6,NA,5,NA,9,Cold Para
PALSUL,C,PAL,6,SUL,3,963,2,5,2,2,NA,0,NA,9,Cold Para
PALSUL,C,PAL,3,SUL,12,951,2,6,2,0,NA,2,NA,2,Cold Para
PALSUL,C,PAL,9,SUL,3,975,2,7,2,8,NA,0,NA,11,Cold Para
PALSUL,C,PAL,12,SUL,3,987,2,8,2,12,NA,0,NA,16,Cold Para
PALSUL,C,PAL,3,SUL,3,918,3,2,6,11,NA,0,NA,10,Cold Safe
PALSUL,C,PAL,3,SUL,6,930,3,3,6,1,NA,31,NA,18,Cold Safe
PALSUL,C,PAL,6,SUL,3,966,3,4,6,16,NA,2,NA,13,Cold Safe
PALSUL,C,PAL,12,SUL,3,990,3,5,6,21,NA,10,NA,20,Cold Safe
PALSUL,C,PAL,3,SUL,12,954,3,6,6,8,NA,22,NA,23,Cold Safe
PALSUL,C,PAL,9,SUL,3,978,3,7,6,28,NA,0,NA,18,Cold Safe
PALSUL,C,PAL,3,SUL,9,942,3,8,6,3,NA,2,NA,15,Cold Safe
PALSUL,C,PAL,3,SUL,12,957,3,2,2,13,NA,26,NA,46,Hot Safe
PALSUL,C,PAL,3,SUL,6,933,3,3,2,22,NA,12,NA,49,Hot Safe
PALSUL,C,PAL,9,SUL,3,981,3,4,2,18,NA,6,NA,54,Hot Safe
PALSUL,C,PAL,12,SUL,3,993,3,5,2,20,NA,14,NA,48,Hot Safe
PALSUL,C,PAL,6,SUL,3,969,3,6,2,18,NA,13,NA,25,Hot Safe
PALSUL,C,PAL,3,SUL,9,945,3,7,2,28,NA,9,NA,46,Hot Safe
PALSUL,C,PAL,3,SUL,3,921,3,8,2,7,NA,17,NA,22,Hot Safe
PALSUL,C,PAL,12,SUL,3,996,2,2,7,17,NA,16,NA,43,Hot Para
PALSUL,C,PAL,3,SUL,12,960,2,3,7,10,NA,19,NA,29,Hot Para
PALSUL,C,PAL,9,SUL,3,984,2,4,7,16,NA,14,NA,42,Hot Para
PALSUL,C,PAL,3,SUL,3,924,2,5,7,14,NA,6,NA,16,Hot Para
PALSUL,C,PAL,3,SUL,6,936,2,6,7,8,NA,3,NA,5,Hot Para
PALSUL,C,PAL,3,SUL,9,948,2,7,7,3,NA,27,NA,28,Hot Para
PALSUL,C,PAL,6,SUL,3,972,2,8,7,13,NA,8,NA,21,Hot Para
PSAPAN,A,PSA,3,PAN,3,1237,3,2,6,0,NA,0,NA,0,Cold Para
PSAPAN,A,PSA,3,PAN,12,1273,3,3,6,0,NA,1,NA,0,Cold Para
PSAPAN,A,PSA,6,PAN,3,1285,3,4,6,1,NA,3,NA,10,Cold Para
PSAPAN,A,PSA,12,PAN,3,1309,3,5,6,3,NA,0,NA,2,Cold Para
PSAPAN,A,PSA,3,PAN,6,1249,3,6,6,1,NA,1,NA,1,Cold Para
PSAPAN,A,PSA,3,PAN,9,1261,3,7,6,0,NA,0,NA,0,Cold Para
PSAPAN,A,PSA,9,PAN,3,1297,3,8,6,4,NA,1,NA,6,Cold Para
PSAPAN,A,PSA,6,PAN,3,1288,2,2,6,7,NA,0,NA,3,Cold Safe
PSAPAN,A,PSA,3,PAN,6,1252,2,3,6,6,NA,2,NA,5,Cold Safe
PSAPAN,A,PSA,3,PAN,12,1276,2,4,6,4,NA,2,NA,12,Cold Safe
PSAPAN,A,PSA,9,PAN,3,1300,2,5,6,5,NA,4,NA,8,Cold Safe
PSAPAN,A,PSA,12,PAN,3,1312,2,6,6,2,NA,2,NA,5,Cold Safe
PSAPAN,A,PSA,3,PAN,9,1264,2,7,6,1,NA,2,NA,1,Cold Safe
PSAPAN,A,PSA,3,PAN,3,1240,2,8,6,1,NA,0,NA,3,Cold Safe
PSAPAN,A,PSA,3,PAN,6,1255,3,2,5,7,NA,17,NA,22,Hot Para
PSAPAN,A,PSA,3,PAN,12,1279,3,3,5,4,NA,20,NA,30,Hot Para
PSAPAN,A,PSA,9,PAN,3,1303,3,4,5,15,NA,4,NA,12,Hot Para
PSAPAN,A,PSA,6,PAN,3,1291,3,5,5,8,NA,1,NA,6,Hot Para
PSAPAN,A,PSA,3,PAN,3,1243,3,6,5,2,NA,0,NA,0,Hot Para
PSAPAN,A,PSA,3,PAN,9,1267,3,7,5,3,NA,17,NA,21,Hot Para
PSAPAN,A,PSA,12,PAN,3,1315,3,8,5,13,NA,6,NA,11,Hot Para
PSAPAN,A,PSA,12,PAN,3,1318,2,2,4,15,NA,7,NA,18,Hot Safe
PSAPAN,A,PSA,3,PAN,9,1270,2,3,4,12,NA,22,NA,41,Hot Safe
PSAPAN,A,PSA,3,PAN,3,1246,2,4,4,0,NA,9,NA,6,Hot Safe
PSAPAN,A,PSA,3,PAN,12,1282,2,5,4,4,NA,52,NA,48,Hot Safe
PSAPAN,A,PSA,9,PAN,3,1306,2,6,4,23,NA,4,NA,40,Hot Safe
PSAPAN,A,PSA,3,PAN,6,1258,2,7,4,2,NA,33,NA,17,Hot Safe
PSAPAN,A,PSA,6,PAN,3,1294,2,8,4,10,NA,10,NA,24,Hot Safe
PSAPAN,B,PSA,3,PAN,12,1274,2,2,6,1,NA,0,NA,2,Cold Para
PSAPAN,B,PSA,9,PAN,3,1298,2,3,6,12,NA,1,NA,18,Cold Para
PSAPAN,B,PSA,3,PAN,3,1238,2,4,6,0,NA,0,NA,0,Cold Para
PSAPAN,B,PSA,3,PAN,9,1262,2,5,6,3,NA,0,NA,7,Cold Para
PSAPAN,B,PSA,6,PAN,3,1286,2,6,6,5,NA,0,NA,6,Cold Para
PSAPAN,B,PSA,12,PAN,3,1310,2,7,6,17,NA,1,NA,9,Cold Para
PSAPAN,B,PSA,3,PAN,6,1250,2,8,6,1,NA,1,NA,3,Cold Para
PSAPAN,B,PSA,3,PAN,12,1277,3,2,3,1,NA,10,NA,13,Cold Safe
PSAPAN,B,PSA,12,PAN,3,1313,3,3,3,7,NA,2,NA,5,Cold Safe
PSAPAN,B,PSA,6,PAN,3,1289,3,4,3,9,NA,1,NA,13,Cold Safe
PSAPAN,B,PSA,3,PAN,6,1253,3,5,3,0,NA,3,NA,9,Cold Safe
PSAPAN,B,PSA,3,PAN,3,1241,3,6,3,0,NA,1,NA,2,Cold Safe
PSAPAN,B,PSA,9,PAN,3,1301,3,7,3,1,NA,0,NA,5,Cold Safe
PSAPAN,B,PSA,3,PAN,9,1265,3,8,3,2,NA,16,NA,15,Cold Safe
PSAPAN,B,PSA,3,PAN,6,1256,3,2,3,3,NA,16,NA,18,Hot Para
PSAPAN,B,PSA,9,PAN,3,1304,3,3,3,24,NA,0,NA,26,Hot Para
PSAPAN,B,PSA,3,PAN,9,1268,3,4,3,12,NA,24,NA,38,Hot Para
PSAPAN,B,PSA,3,PAN,12,1280,3,5,3,2,NA,29,NA,29,Hot Para
PSAPAN,B,PSA,6,PAN,3,1292,3,6,3,16,NA,6,NA,23,Hot Para
PSAPAN,B,PSA,12,PAN,3,1316,3,7,3,26,NA,2,NA,25,Hot Para
PSAPAN,B,PSA,3,PAN,3,1244,3,8,3,10,NA,2,NA,5,Hot Para
PSAPAN,B,PSA,9,PAN,3,1307,2,2,8,18,NA,15,NA,32,Hot Safe
PSAPAN,B,PSA,12,PAN,3,1319,2,3,8,41,NA,5,NA,46,Hot Safe
PSAPAN,B,PSA,3,PAN,6,1259,2,4,8,18,NA,12,NA,35,Hot Safe
PSAPAN,B,PSA,6,PAN,3,1295,2,5,8,16,NA,7,NA,43,Hot Safe
PSAPAN,B,PSA,3,PAN,12,1283,2,6,8,19,NA,49,NA,48,Hot Safe
PSAPAN,B,PSA,3,PAN,9,1271,2,7,8,10,NA,34,NA,53,Hot Safe
PSAPAN,B,PSA,3,PAN,3,1247,2,8,8,18,NA,14,NA,32,Hot Safe
PSAPAN,C,PSA,9,PAN,3,1299,3,2,3,0,NA,4,NA,8,Cold Para
PSAPAN,C,PSA,3,PAN,6,1251,3,3,3,0,NA,5,NA,1,Cold Para
PSAPAN,C,PSA,3,PAN,3,1239,3,4,3,0,NA,0,NA,0,Cold Para
PSAPAN,C,PSA,12,PAN,3,1311,3,5,3,12,NA,5,NA,12,Cold Para
PSAPAN,C,PSA,3,PAN,12,1275,3,6,3,1,NA,6,NA,7,Cold Para
PSAPAN,C,PSA,3,PAN,9,1263,3,7,3,0,NA,0,NA,0,Cold Para
PSAPAN,C,PSA,6,PAN,3,1287,3,8,3,4,NA,2,NA,8,Cold Para
PSAPAN,C,PSA,12,PAN,3,1314,2,2,3,4,NA,1,NA,2,Cold Safe
PSAPAN,C,PSA,9,PAN,3,1302,2,3,3,5,NA,1,NA,2,Cold Safe
PSAPAN,C,PSA,3,PAN,12,1278,2,4,3,0,NA,4,NA,3,Cold Safe
PSAPAN,C,PSA,3,PAN,3,1242,2,5,3,1,NA,1,NA,1,Cold Safe
PSAPAN,C,PSA,6,PAN,3,1290,2,6,3,4,NA,1,NA,4,Cold Safe
PSAPAN,C,PSA,3,PAN,6,1254,2,7,3,0,NA,0,NA,0,Cold Safe
PSAPAN,C,PSA,3,PAN,9,1266,2,8,3,1,NA,1,NA,3,Cold Safe
PSAPAN,C,PSA,12,PAN,3,1317,3,2,4,14,NA,0,NA,18,Hot Para
PSAPAN,C,PSA,3,PAN,12,1281,3,3,4,0,NA,17,NA,26,Hot Para
PSAPAN,C,PSA,6,PAN,3,1293,3,4,4,17,NA,8,NA,17,Hot Para
PSAPAN,C,PSA,3,PAN,9,1269,3,5,4,1,NA,54,NA,67,Hot Para
PSAPAN,C,PSA,3,PAN,3,1245,3,6,4,4,NA,4,NA,2,Hot Para
PSAPAN,C,PSA,3,PAN,6,1257,3,7,4,8,NA,30,NA,44,Hot Para
PSAPAN,C,PSA,9,PAN,3,1305,3,8,4,7,NA,13,NA,30,Hot Para
PSAPAN,C,PSA,3,PAN,9,1272,2,2,6,4,NA,37,NA,32,Hot Para
PSAPAN,C,PSA,12,PAN,3,1320,2,3,6,18,NA,20,NA,31,Hot Para
PSAPAN,C,PSA,3,PAN,6,1260,2,4,6,1,NA,19,NA,18,Hot Para
PSAPAN,C,PSA,9,PAN,3,1308,2,5,6,19,NA,13,NA,35,Hot Para
PSAPAN,C,PSA,6,PAN,3,1296,2,6,6,48,NA,9,NA,59,Hot Para
PSAPAN,C,PSA,3,PAN,12,1284,2,7,6,5,NA,18,NA,31,Hot Para
PSAPAN,C,PSA,3,PAN,3,1248,2,8,6,14,NA,4,NA,15,Hot Para
SIMPAN,A,SIM,3,PAN,6,1453,2,2,3,2,8,0,1,9,Cold Para
SIMPAN,A,SIM,9,PAN,3,1501,2,3,3,8,5,0,0,5,Cold Para
SIMPAN,A,SIM,12,PAN,3,1513,2,4,3,13,10,3,2,12,Cold Para
SIMPAN,A,SIM,6,PAN,3,1489,2,5,3,6,6,0,4,10,Cold Para
SIMPAN,A,SIM,3,PAN,3,1441,2,6,3,10,7,3,0,7,Cold Para
SIMPAN,A,SIM,3,PAN,9,1465,2,7,3,3,0,0,0,0,Cold Para
SIMPAN,A,SIM,3,PAN,12,1477,2,8,3,4,4,0,1,5,Cold Para
SIMPAN,A,SIM,3,PAN,9,1468,3,2,5,5,8,10,14,22,Cold Safe
SIMPAN,A,SIM,6,PAN,3,1492,3,3,5,8,10,3,2,12,Cold Safe
SIMPAN,A,SIM,3,PAN,12,1480,3,4,5,7,7,4,6,13,Cold Safe
SIMPAN,A,SIM,3,PAN,6,1456,3,5,5,4,5,0,1,6,Cold Safe
SIMPAN,A,SIM,12,PAN,3,1516,3,6,5,26,23,1,1,24,Cold Safe
SIMPAN,A,SIM,9,PAN,3,1504,3,7,5,21,13,4,4,17,Cold Safe
SIMPAN,A,SIM,3,PAN,3,1444,3,8,5,8,5,1,0,5,Cold Safe
SIMPAN,A,SIM,6,PAN,3,1495,2,2,2,18,37,10,14,51,Hot Para
SIMPAN,A,SIM,3,PAN,12,1483,2,3,2,12,14,25,13,27,Hot Para
SIMPAN,A,SIM,9,PAN,3,1507,2,4,2,16,19,4,6,25,Hot Para
SIMPAN,A,SIM,3,PAN,6,1459,2,5,2,11,18,26,14,32,Hot Para
SIMPAN,A,SIM,12,PAN,3,1519,2,6,2,20,27,11,10,37,Hot Para
SIMPAN,A,SIM,3,PAN,9,1471,2,7,2,8,17,26,24,41,Hot Para
SIMPAN,A,SIM,3,PAN,3,1447,2,8,2,10,7,7,11,18,Hot Para
SIMPAN,A,SIM,3,PAN,9,1474,3,2,1,12,11,41,39,50,Hot Safe
SIMPAN,A,SIM,9,PAN,3,1510,3,3,1,37,28,10,19,47,Hot Safe
SIMPAN,A,SIM,3,PAN,6,1462,3,4,1,13,18,20,23,41,Hot Safe
SIMPAN,A,SIM,3,PAN,12,1486,3,5,1,28,17,34,41,58,Hot Safe
SIMPAN,A,SIM,12,PAN,3,1522,3,6,1,42,24,6,7,31,Hot Safe
SIMPAN,A,SIM,6,PAN,3,1498,3,7,1,22,15,17,12,27,Hot Safe
SIMPAN,A,SIM,3,PAN,3,1450,3,8,1,14,15,13,28,43,Hot Safe
SIMPAN,B,SIM,9,PAN,3,1502,3,2,5,50,34,8,6,40,Cold Para
SIMPAN,B,SIM,3,PAN,6,1454,3,3,5,16,21,18,10,31,Cold Para
SIMPAN,B,SIM,6,PAN,3,1490,3,4,5,25,27,4,2,29,Cold Para
SIMPAN,B,SIM,3,PAN,9,1466,3,5,5,15,13,12,13,26,Cold Para
SIMPAN,B,SIM,3,PAN,3,1442,3,6,5,11,18,10,8,26,Cold Para
SIMPAN,B,SIM,3,PAN,12,1478,3,7,5,15,14,17,14,28,Cold Para
SIMPAN,B,SIM,12,PAN,3,1514,3,8,5,43,46,1,1,47,Cold Para
SIMPAN,B,SIM,3,PAN,6,1457,3,2,6,5,6,1,1,7,Cold Safe
SIMPAN,B,SIM,9,PAN,3,1505,3,3,6,19,17,0,0,17,Cold Safe
SIMPAN,B,SIM,12,PAN,3,1517,3,4,6,46,39,1,0,39,Cold Safe
SIMPAN,B,SIM,3,PAN,12,1481,3,5,6,8,5,1,0,5,Cold Safe
SIMPAN,B,SIM,3,PAN,9,1469,3,6,6,12,9,0,0,9,Cold Safe
SIMPAN,B,SIM,3,PAN,3,1445,3,7,6,8,8,0,0,8,Cold Safe
SIMPAN,B,SIM,6,PAN,3,1493,3,8,6,22,23,0,0,23,Cold Safe
SIMPAN,B,SIM,3,PAN,9,1472,3,2,2,17,17,17,11,28,Hot Para
SIMPAN,B,SIM,9,PAN,3,1508,3,3,2,49,29,9,12,41,Hot Para
SIMPAN,B,SIM,3,PAN,3,1448,3,4,2,15,12,7,11,23,Hot Para
SIMPAN,B,SIM,12,PAN,3,1520,3,5,2,37,23,6,6,29,Hot Para
SIMPAN,B,SIM,6,PAN,3,1496,3,6,2,18,15,16,11,26,Hot Para
SIMPAN,B,SIM,3,PAN,6,1460,3,7,2,7,7,6,4,11,Hot Para
SIMPAN,B,SIM,3,PAN,12,1484,3,8,2,12,10,15,29,39,Hot Para
SIMPAN,B,SIM,3,PAN,3,1451,2,2,3,19,22,14,13,35,Hot Safe
SIMPAN,B,SIM,3,PAN,6,1463,2,3,3,18,21,23,14,35,Hot Safe
SIMPAN,B,SIM,3,PAN,9,1475,2,4,3,23,14,33,28,42,Hot Safe
SIMPAN,B,SIM,9,PAN,3,1511,2,5,3,68,55,13,18,73,Hot Safe
SIMPAN,B,SIM,6,PAN,3,1499,2,6,3,41,47,3,4,51,Hot Safe
SIMPAN,B,SIM,3,PAN,12,1487,2,7,3,11,25,18,23,48,Hot Safe
SIMPAN,B,SIM,12,PAN,3,1523,2,8,3,74,48,18,27,75,Hot Safe
SIMPAN,C,SIM,3,PAN,12,1479,2,2,8,9,8,5,5,13,Cold Para
SIMPAN,C,SIM,12,PAN,3,1515,2,3,8,29,40,0,2,42,Cold Para
SIMPAN,C,SIM,6,PAN,3,1491,2,4,8,26,27,0,0,27,Cold Para
SIMPAN,C,SIM,9,PAN,3,1503,2,5,8,23,18,1,0,18,Cold Para
SIMPAN,C,SIM,3,PAN,6,1455,2,6,8,10,11,5,6,17,Cold Para
SIMPAN,C,SIM,3,PAN,3,1443,2,7,8,9,11,0,2,13,Cold Para
SIMPAN,C,SIM,3,PAN,9,1467,2,8,8,8,3,0,2,5,Cold Para
SIMPAN,C,SIM,12,PAN,3,1518,2,2,2,83,85,1,5,90,Cold Safe
SIMPAN,C,SIM,3,PAN,12,1482,2,3,2,24,33,2,2,35,Cold Safe
SIMPAN,C,SIM,3,PAN,3,1446,2,4,2,17,22,1,1,23,Cold Safe
SIMPAN,C,SIM,3,PAN,6,1458,2,5,2,15,25,1,6,31,Cold Safe
SIMPAN,C,SIM,3,PAN,9,1470,2,6,2,18,32,1,1,33,Cold Safe
SIMPAN,C,SIM,6,PAN,3,1494,2,7,2,54,61,0,1,62,Cold Safe
SIMPAN,C,SIM,9,PAN,3,1506,2,8,2,49,67,1,0,67,Cold Safe
SIMPAN,C,SIM,9,PAN,3,1509,2,2,4,44,47,7,13,60,Hot Para
SIMPAN,C,SIM,3,PAN,9,1473,2,3,4,12,21,26,18,39,Hot Para
SIMPAN,C,SIM,12,PAN,3,1521,2,4,4,51,56,6,5,61,Hot Para
SIMPAN,C,SIM,3,PAN,6,1461,2,5,4,12,21,34,20,41,Hot Para
SIMPAN,C,SIM,3,PAN,12,1485,2,6,4,12,30,15,22,52,Hot Para
SIMPAN,C,SIM,3,PAN,3,1449,2,7,4,17,20,2,4,24,Hot Para
SIMPAN,C,SIM,6,PAN,3,1497,2,8,4,26,27,3,1,28,Hot Para
SIMPAN,C,SIM,12,PAN,3,1524,3,2,1,55,54,8,19,73,Hot Para
SIMPAN,C,SIM,9,PAN,3,1512,3,3,1,56,78,12,14,92,Hot Para
SIMPAN,C,SIM,6,PAN,3,1500,3,4,1,15,13,1,1,14,Hot Para
SIMPAN,C,SIM,3,PAN,3,1452,3,5,1,27,18,3,5,23,Hot Para
SIMPAN,C,SIM,3,PAN,12,1488,3,6,1,18,21,11,19,40,Hot Para
SIMPAN,C,SIM,3,PAN,6,1464,3,7,1,26,24,15,9,33,Hot Para
SIMPAN,C,SIM,3,PAN,9,1476,3,8,1,31,23,25,25,48,Hot Para
SIMPSA,A,SIM,3,PSA,6,1537,2,2,2,2,4,1,2,6,Cold Para
SIMPSA,A,SIM,3,PSA,9,1549,2,3,2,1,2,4,1,3,Cold Para
SIMPSA,A,SIM,12,PSA,3,1597,2,4,2,11,13,0,0,13,Cold Para
SIMPSA,A,SIM,6,PSA,3,1573,2,5,2,2,3,1,1,4,Cold Para
SIMPSA,A,SIM,3,PSA,12,1561,2,6,2,1,2,2,2,4,Cold Para
SIMPSA,A,SIM,3,PSA,3,1525,2,7,2,1,2,0,1,3,Cold Para
SIMPSA,A,SIM,9,PSA,3,1585,2,8,2,6,14,2,5,19,Cold Para
SIMPSA,A,SIM,12,PSA,3,1600,2,2,7,18,24,1,2,26,Cold Safe
SIMPSA,A,SIM,3,PSA,3,1528,2,3,7,6,4,2,0,4,Cold Safe
SIMPSA,A,SIM,6,PSA,3,1576,2,4,7,17,18,0,1,19,Cold Safe
SIMPSA,A,SIM,3,PSA,12,1564,2,5,7,12,11,0,1,12,Cold Safe
SIMPSA,A,SIM,9,PSA,3,1588,2,6,7,21,26,0,0,26,Cold Safe
SIMPSA,A,SIM,3,PSA,9,1552,2,7,7,4,7,5,3,10,Cold Safe
SIMPSA,A,SIM,3,PSA,6,1540,2,8,7,8,5,1,1,6,Cold Safe
SIMPSA,A,SIM,9,PSA,3,1591,3,2,7,25,14,2,6,20,Hot Para
SIMPSA,A,SIM,6,PSA,3,1579,3,3,7,16,8,1,1,9,Hot Para
SIMPSA,A,SIM,3,PSA,6,1543,3,4,7,6,9,18,11,20,Hot Para
SIMPSA,A,SIM,3,PSA,12,1567,3,5,7,7,8,13,19,27,Hot Para
SIMPSA,A,SIM,3,PSA,3,1531,3,6,7,21,26,7,10,36,Hot Para
SIMPSA,A,SIM,12,PSA,3,1603,3,7,7,13,19,7,5,24,Hot Para
SIMPSA,A,SIM,3,PSA,9,1555,3,8,7,9,8,13,12,20,Hot Para
SIMPSA,A,SIM,3,PSA,12,1570,3,2,7,11,23,16,13,36,Hot Safe
SIMPSA,A,SIM,3,PSA,6,1546,3,3,7,23,13,11,12,25,Hot Safe
SIMPSA,A,SIM,3,PSA,9,1558,3,4,7,11,13,15,24,37,Hot Safe
SIMPSA,A,SIM,9,PSA,3,1594,3,5,7,33,44,6,4,48,Hot Safe
SIMPSA,A,SIM,12,PSA,3,1606,3,6,7,39,35,1,2,37,Hot Safe
SIMPSA,A,SIM,6,PSA,3,1582,3,7,7,23,15,24,18,33,Hot Safe
SIMPSA,A,SIM,3,PSA,3,1534,3,8,7,17,18,5,7,25,Hot Safe
SIMPSA,B,SIM,12,PSA,3,1598,3,2,2,36,34,4,3,37,Cold Para
SIMPSA,B,SIM,9,PSA,3,1586,3,3,2,40,30,1,1,31,Cold Para
SIMPSA,B,SIM,3,PSA,9,1550,3,4,2,8,11,24,22,33,Cold Para
SIMPSA,B,SIM,3,PSA,3,1526,3,5,2,7,8,2,3,11,Cold Para
SIMPSA,B,SIM,3,PSA,12,1562,3,6,2,13,23,21,15,38,Cold Para
SIMPSA,B,SIM,6,PSA,3,1574,3,7,2,27,31,13,8,39,Cold Para
SIMPSA,B,SIM,3,PSA,6,1538,3,8,2,11,4,1,0,4,Cold Para
SIMPSA,B,SIM,3,PSA,6,1541,3,2,5,2,3,13,9,12,Cold Safe
SIMPSA,B,SIM,3,PSA,9,1553,3,3,5,11,10,9,9,19,Cold Safe
SIMPSA,B,SIM,6,PSA,3,1577,3,4,5,20,24,1,0,24,Cold Safe
SIMPSA,B,SIM,3,PSA,12,1565,3,5,5,6,9,9,23,32,Cold Safe
SIMPSA,B,SIM,9,PSA,3,1589,3,6,5,28,20,1,1,21,Cold Safe
SIMPSA,B,SIM,12,PSA,3,1601,3,7,5,29,33,2,3,36,Cold Safe
SIMPSA,B,SIM,3,PSA,3,1529,3,8,5,11,11,1,2,13,Cold Safe
SIMPSA,B,SIM,9,PSA,3,1592,3,2,1,45,45,4,2,47,Hot Para
SIMPSA,B,SIM,3,PSA,6,1544,3,3,1,37,21,26,26,47,Hot Para
SIMPSA,B,SIM,6,PSA,3,1580,3,4,1,36,40,14,6,46,Hot Para
SIMPSA,B,SIM,12,PSA,3,1604,3,5,1,41,45,6,11,56,Hot Para
SIMPSA,B,SIM,3,PSA,9,1556,3,6,1,4,9,8,8,17,Hot Para
SIMPSA,B,SIM,3,PSA,3,1532,3,7,1,17,17,10,9,26,Hot Para
SIMPSA,B,SIM,3,PSA,12,1568,3,8,1,13,11,31,34,45,Hot Para
SIMPSA,B,SIM,3,PSA,12,1571,2,2,6,10,15,44,46,61,Hot Safe
SIMPSA,B,SIM,6,PSA,3,1583,2,3,6,23,17,5,4,21,Hot Safe
SIMPSA,B,SIM,12,PSA,3,1607,2,4,6,60,40,0,2,42,Hot Safe
SIMPSA,B,SIM,3,PSA,6,1547,2,5,6,21,17,23,22,39,Hot Safe
SIMPSA,B,SIM,3,PSA,9,1559,2,6,6,18,11,18,24,35,Hot Safe
SIMPSA,B,SIM,3,PSA,3,1535,2,7,6,20,26,19,12,38,Hot Safe
SIMPSA,B,SIM,9,PSA,3,1595,2,8,6,43,55,15,11,66,Hot Safe
SIMPSA,C,SIM,3,PSA,6,1539,3,2,1,13,16,4,4,20,Cold Para
SIMPSA,C,SIM,9,PSA,3,1587,3,3,1,21,27,1,2,29,Cold Para
SIMPSA,C,SIM,3,PSA,12,1563,3,4,1,9,12,2,2,14,Cold Para
SIMPSA,C,SIM,6,PSA,3,1575,3,5,1,39,29,0,0,29,Cold Para
SIMPSA,C,SIM,12,PSA,3,1599,3,6,1,41,51,1,0,51,Cold Para
SIMPSA,C,SIM,3,PSA,9,1551,3,7,1,9,11,2,0,11,Cold Para
SIMPSA,C,SIM,3,PSA,3,1527,3,8,1,18,19,0,0,19,Cold Para
SIMPSA,C,SIM,9,PSA,3,1590,2,2,8,42,40,0,1,41,Cold Safe
SIMPSA,C,SIM,6,PSA,3,1578,2,3,8,38,45,4,0,45,Cold Safe
SIMPSA,C,SIM,3,PSA,9,1554,2,4,8,13,13,3,5,18,Cold Safe
SIMPSA,C,SIM,12,PSA,3,1602,2,5,8,40,26,0,0,26,Cold Safe
SIMPSA,C,SIM,3,PSA,12,1566,2,6,8,17,14,1,4,18,Cold Safe
SIMPSA,C,SIM,3,PSA,3,1530,2,7,8,9,10,1,1,11,Cold Safe
SIMPSA,C,SIM,3,PSA,6,1542,2,8,8,10,13,6,9,22,Cold Safe
SIMPSA,C,SIM,3,PSA,12,1569,3,2,8,9,16,20,9,25,Hot Safe
SIMPSA,C,SIM,3,PSA,6,1545,3,3,8,13,15,8,10,25,Hot Safe
SIMPSA,C,SIM,9,PSA,3,1593,3,4,8,27,33,1,1,34,Hot Safe
SIMPSA,C,SIM,6,PSA,3,1581,3,5,8,30,25,5,7,32,Hot Safe
SIMPSA,C,SIM,3,PSA,9,1557,3,6,8,11,11,0,9,20,Hot Safe
SIMPSA,C,SIM,12,PSA,3,1605,3,7,8,42,45,5,4,49,Hot Safe
SIMPSA,C,SIM,3,PSA,3,1533,3,8,8,12,15,0,1,16,Hot Safe
SIMPSA,C,SIM,3,PSA,9,1560,2,2,2,37,17,8,4,21,Hot Para
SIMPSA,C,SIM,3,PSA,3,1536,2,3,2,22,30,4,3,33,Hot Para
SIMPSA,C,SIM,6,PSA,3,1584,2,4,2,32,46,0,1,47,Hot Para
SIMPSA,C,SIM,12,PSA,3,1608,2,5,2,76,76,6,13,89,Hot Para
SIMPSA,C,SIM,9,PSA,3,1596,2,6,2,61,67,3,10,77,Hot Para
SIMPSA,C,SIM,3,PSA,6,1548,2,7,2,6,12,2,1,13,Hot Para
SIMPSA,C,SIM,3,PSA,12,1572,2,8,2,16,12,15,9,21,Hot Para
SIMSUL,A,SIM,9,SUL,3,1669,3,2,5,13,15,1,1,16,Cold Para
SIMSUL,A,SIM,3,SUL,9,1633,3,3,5,6,2,2,2,4,Cold Para
SIMSUL,A,SIM,3,SUL,6,1621,3,4,5,1,0,0,0,0,Cold Para
SIMSUL,A,SIM,3,SUL,3,1609,3,5,5,7,6,4,3,9,Cold Para
SIMSUL,A,SIM,3,SUL,12,1645,3,6,5,7,7,6,4,11,Cold Para
SIMSUL,A,SIM,6,SUL,3,1657,3,7,5,12,17,1,2,19,Cold Para
SIMSUL,A,SIM,12,SUL,3,1681,3,8,5,25,13,0,0,13,Cold Para
SIMSUL,A,SIM,12,SUL,3,1684,2,2,5,16,31,0,1,32,Cold Safe
SIMSUL,A,SIM,6,SUL,3,1660,2,3,5,11,9,0,0,9,Cold Safe
SIMSUL,A,SIM,3,SUL,9,1636,2,4,5,8,6,2,2,8,Cold Safe
SIMSUL,A,SIM,3,SUL,12,1648,2,5,5,4,6,1,3,9,Cold Safe
SIMSUL,A,SIM,3,SUL,3,1612,2,6,5,2,5,2,0,5,Cold Safe
SIMSUL,A,SIM,9,SUL,3,1672,2,7,5,21,26,1,0,26,Cold Safe
SIMSUL,A,SIM,3,SUL,6,1624,2,8,5,16,12,2,0,12,Cold Safe
SIMSUL,A,SIM,12,SUL,3,1687,3,2,2,8,14,0,0,14,Hot Para
SIMSUL,A,SIM,3,SUL,3,1615,3,3,2,8,19,4,4,23,Hot Para
SIMSUL,A,SIM,9,SUL,3,1675,3,4,2,25,27,3,11,38,Hot Para
SIMSUL,A,SIM,3,SUL,6,1627,3,5,2,6,11,9,9,20,Hot Para
SIMSUL,A,SIM,3,SUL,12,1651,3,6,2,9,13,4,6,19,Hot Para
SIMSUL,A,SIM,3,SUL,9,1639,3,7,2,16,16,6,2,18,Hot Para
SIMSUL,A,SIM,6,SUL,3,1663,3,8,2,12,17,0,5,22,Hot Para
SIMSUL,A,SIM,6,SUL,3,1666,3,2,6,39,30,4,0,30,Hot Safe
SIMSUL,A,SIM,9,SUL,3,1678,3,3,6,49,41,1,1,42,Hot Safe
SIMSUL,A,SIM,12,SUL,3,1690,3,4,6,36,37,15,18,55,Hot Safe
SIMSUL,A,SIM,3,SUL,6,1630,3,5,6,16,17,15,19,36,Hot Safe
SIMSUL,A,SIM,3,SUL,3,1618,3,6,6,20,20,10,5,25,Hot Safe
SIMSUL,A,SIM,3,SUL,12,1654,3,7,6,13,16,26,25,41,Hot Safe
SIMSUL,A,SIM,3,SUL,9,1642,3,8,6,12,14,33,41,55,Hot Safe
SIMSUL,B,SIM,3,SUL,12,1646,3,2,3,9,13,7,8,21,Cold Para
SIMSUL,B,SIM,3,SUL,3,1610,3,3,3,8,11,4,4,15,Cold Para
SIMSUL,B,SIM,3,SUL,6,1622,3,4,3,14,5,6,5,10,Cold Para
SIMSUL,B,SIM,9,SUL,3,1670,3,5,3,43,38,7,8,46,Cold Para
SIMSUL,B,SIM,12,SUL,3,1682,3,6,3,50,41,13,17,58,Cold Para
SIMSUL,B,SIM,6,SUL,3,1658,3,7,3,11,14,0,1,15,Cold Para
SIMSUL,B,SIM,3,SUL,9,1634,3,8,3,22,17,15,14,31,Cold Para
SIMSUL,B,SIM,3,SUL,6,1625,2,2,3,29,26,12,8,34,Cold Safe
SIMSUL,B,SIM,3,SUL,9,1637,2,3,3,13,15,8,16,31,Cold Safe
SIMSUL,B,SIM,3,SUL,3,1613,2,4,3,21,37,3,1,38,Cold Safe
SIMSUL,B,SIM,12,SUL,3,1685,2,5,3,72,95,10,10,105,Cold Safe
SIMSUL,B,SIM,6,SUL,3,1661,2,6,3,45,42,5,6,48,Cold Safe
SIMSUL,B,SIM,9,SUL,3,1673,2,7,3,49,57,10,11,68,Cold Safe
SIMSUL,B,SIM,3,SUL,12,1649,2,8,3,22,35,20,17,52,Cold Safe
SIMSUL,B,SIM,3,SUL,6,1628,2,2,7,16,16,3,7,23,Hot Para
SIMSUL,B,SIM,3,SUL,3,1616,2,3,7,30,21,10,14,35,Hot Para
SIMSUL,B,SIM,3,SUL,9,1640,2,4,7,8,10,23,42,52,Hot Para
SIMSUL,B,SIM,3,SUL,12,1652,2,5,7,7,4,15,20,24,Hot Para
SIMSUL,B,SIM,12,SUL,3,1688,2,6,7,34,37,13,30,67,Hot Para
SIMSUL,B,SIM,9,SUL,3,1676,2,7,7,29,25,14,9,34,Hot Para
SIMSUL,B,SIM,6,SUL,3,1664,2,8,7,15,15,17,16,31,Hot Para
SIMSUL,B,SIM,3,SUL,9,1643,2,2,7,12,13,23,21,34,Hot Safe
SIMSUL,B,SIM,9,SUL,3,1679,2,3,7,32,35,12,16,51,Hot Safe
SIMSUL,B,SIM,3,SUL,3,1619,2,4,7,19,13,2,3,16,Hot Safe
SIMSUL,B,SIM,3,SUL,6,1631,2,5,7,21,23,28,21,44,Hot Safe
SIMSUL,B,SIM,6,SUL,3,1667,2,6,7,22,21,28,15,36,Hot Safe
SIMSUL,B,SIM,12,SUL,3,1691,2,7,7,55,46,5,3,49,Hot Safe
SIMSUL,B,SIM,3,SUL,12,1655,2,8,7,10,12,44,42,54,Hot Safe
SIMSUL,C,SIM,12,SUL,3,1683,2,2,6,15,21,0,0,21,Cold Para
SIMSUL,C,SIM,9,SUL,3,1671,2,3,6,9,16,1,1,17,Cold Para
SIMSUL,C,SIM,3,SUL,6,1623,2,4,6,5,6,2,3,9,Cold Para
SIMSUL,C,SIM,6,SUL,3,1659,2,5,6,5,3,0,0,3,Cold Para
SIMSUL,C,SIM,3,SUL,12,1647,2,6,6,6,2,2,2,4,Cold Para
SIMSUL,C,SIM,3,SUL,9,1635,2,7,6,3,4,1,0,4,Cold Para
SIMSUL,C,SIM,3,SUL,3,1611,2,8,6,16,8,1,0,8,Cold Para
SIMSUL,C,SIM,3,SUL,3,1614,2,2,5,5,15,0,2,17,Cold Safe
SIMSUL,C,SIM,3,SUL,9,1638,2,3,5,8,7,7,6,13,Cold Safe
SIMSUL,C,SIM,6,SUL,3,1662,2,4,5,22,25,3,0,25,Cold Safe
SIMSUL,C,SIM,3,SUL,12,1650,2,5,5,13,11,13,14,25,Cold Safe
SIMSUL,C,SIM,9,SUL,3,1674,2,6,5,48,42,1,1,43,Cold Safe
SIMSUL,C,SIM,3,SUL,6,1626,2,7,5,11,8,1,4,12,Cold Safe
SIMSUL,C,SIM,12,SUL,3,1686,2,8,5,62,70,0,1,71,Cold Safe
SIMSUL,C,SIM,3,SUL,12,1653,3,2,6,9,7,23,35,42,Hot Safe
SIMSUL,C,SIM,9,SUL,3,1677,3,3,6,24,41,33,28,69,Hot Safe
SIMSUL,C,SIM,3,SUL,6,1629,3,4,6,14,14,31,25,39,Hot Safe
SIMSUL,C,SIM,6,SUL,3,1665,3,5,6,37,30,20,35,65,Hot Safe
SIMSUL,C,SIM,3,SUL,9,1641,3,6,6,5,9,29,44,53,Hot Safe
SIMSUL,C,SIM,12,SUL,3,1689,3,7,6,28,45,21,11,56,Hot Safe
SIMSUL,C,SIM,3,SUL,3,1617,3,8,6,18,16,16,24,40,Hot Safe
SIMSUL,C,SIM,3,SUL,6,1632,3,2,3,22,25,8,12,37,Hot Para
SIMSUL,C,SIM,12,SUL,3,1692,3,3,3,46,65,20,16,81,Hot Para
SIMSUL,C,SIM,6,SUL,3,1668,3,4,3,31,31,5,4,35,Hot Para
SIMSUL,C,SIM,3,SUL,12,1656,3,5,3,7,9,30,52,61,Hot Para
SIMSUL,C,SIM,9,SUL,3,1680,3,6,3,35,59,10,17,76,Hot Para
SIMSUL,C,SIM,3,SUL,9,1644,3,7,3,21,26,30,34,60,Hot Para
SIMSUL,C,SIM,3,SUL,3,1620,3,8,3,36,26,22,20,46,Hot Para
SULPAN,A,SUL,12,PAN,3,1885,3,2,4,3,1,0,4,5,Cold Para
SULPAN,A,SUL,9,PAN,3,1873,3,3,4,0,1,0,0,1,Cold Para
SULPAN,A,SUL,6,PAN,3,1861,3,4,4,3,3,2,0,3,Cold Para
SULPAN,A,SUL,3,PAN,3,1813,3,5,4,4,4,0,4,8,Cold Para
SULPAN,A,SUL,3,PAN,9,1837,3,6,4,0,2,0,0,2,Cold Para
SULPAN,A,SUL,3,PAN,12,1849,3,7,4,0,0,2,1,1,Cold Para
SULPAN,A,SUL,3,PAN,6,1825,3,8,4,0,8,2,0,8,Cold Para
SULPAN,A,SUL,3,PAN,6,1828,3,2,2,0,0,2,1,1,Cold Safe
SULPAN,A,SUL,12,PAN,3,1888,3,3,2,10,7,2,1,8,Cold Safe
SULPAN,A,SUL,3,PAN,9,1840,3,4,2,6,6,6,2,8,Cold Safe
SULPAN,A,SUL,3,PAN,3,1816,3,5,2,2,1,0,0,1,Cold Safe
SULPAN,A,SUL,3,PAN,12,1852,3,6,2,2,1,6,5,6,Cold Safe
SULPAN,A,SUL,9,PAN,3,1876,3,7,2,5,10,0,1,11,Cold Safe
SULPAN,A,SUL,6,PAN,3,1864,3,8,2,3,2,1,0,2,Cold Safe
SULPAN,A,SUL,3,PAN,3,1819,2,2,7,4,2,6,4,6,Hot Para
SULPAN,A,SUL,3,PAN,6,1831,2,3,7,1,4,8,11,15,Hot Para
SULPAN,A,SUL,3,PAN,12,1855,2,4,7,4,7,15,17,24,Hot Para
SULPAN,A,SUL,3,PAN,9,1843,2,5,7,2,5,8,10,15,Hot Para
SULPAN,A,SUL,12,PAN,3,1891,2,6,7,6,23,1,5,28,Hot Para
SULPAN,A,SUL,6,PAN,3,1867,2,7,7,7,8,12,7,15,Hot Para
SULPAN,A,SUL,9,PAN,3,1879,2,8,7,4,3,6,8,11,Hot Para
SULPAN,A,SUL,3,PAN,6,1834,2,2,2,1,1,14,15,16,Hot Safe
SULPAN,A,SUL,12,PAN,3,1894,2,3,2,33,33,1,3,36,Hot Safe
SULPAN,A,SUL,3,PAN,9,1846,2,4,2,10,18,15,27,45,Hot Safe
SULPAN,A,SUL,3,PAN,3,1822,2,5,2,9,12,7,8,20,Hot Safe
SULPAN,A,SUL,3,PAN,12,1858,2,6,2,7,8,36,36,44,Hot Safe
SULPAN,A,SUL,9,PAN,3,1882,2,7,2,19,14,14,4,18,Hot Safe
SULPAN,A,SUL,6,PAN,3,1870,2,8,2,18,19,16,21,40,Hot Safe
SULPAN,B,SUL,9,PAN,3,1874,2,2,5,18,25,1,3,28,Cold Para
SULPAN,B,SUL,3,PAN,3,1814,2,3,5,10,12,0,0,12,Cold Para
SULPAN,B,SUL,6,PAN,3,1862,2,4,5,16,20,1,2,22,Cold Para
SULPAN,B,SUL,3,PAN,12,1850,2,5,5,4,5,0,2,7,Cold Para
SULPAN,B,SUL,3,PAN,6,1826,2,6,5,0,1,0,1,2,Cold Para
SULPAN,B,SUL,3,PAN,9,1838,2,7,5,1,1,2,3,4,Cold Para
SULPAN,B,SUL,12,PAN,3,1886,2,8,5,16,6,4,3,9,Cold Para
SULPAN,B,SUL,12,PAN,3,1889,3,2,1,9,8,3,8,16,Cold Safe
SULPAN,B,SUL,3,PAN,12,1853,3,3,1,6,3,19,19,22,Cold Safe
SULPAN,B,SUL,9,PAN,3,1877,3,4,1,15,21,2,3,24,Cold Safe
SULPAN,B,SUL,3,PAN,9,1841,3,5,1,0,0,9,7,7,Cold Safe
SULPAN,B,SUL,3,PAN,3,1817,3,6,1,0,0,0,3,3,Cold Safe
SULPAN,B,SUL,3,PAN,6,1829,3,7,1,2,1,6,4,5,Cold Safe
SULPAN,B,SUL,6,PAN,3,1865,3,8,1,15,11,3,4,15,Cold Safe
SULPAN,B,SUL,9,PAN,3,1880,3,2,5,22,29,7,4,33,Hot Para
SULPAN,B,SUL,3,PAN,12,1856,3,3,5,10,12,19,15,27,Hot Para
SULPAN,B,SUL,3,PAN,3,1820,3,4,5,6,3,8,5,8,Hot Para
SULPAN,B,SUL,3,PAN,9,1844,3,5,5,16,17,34,19,36,Hot Para
SULPAN,B,SUL,6,PAN,3,1868,3,6,5,28,36,3,4,40,Hot Para
SULPAN,B,SUL,12,PAN,3,1892,3,7,5,41,42,6,7,49,Hot Para
SULPAN,B,SUL,3,PAN,6,1832,3,8,5,27,38,6,7,45,Hot Para
SULPAN,B,SUL,3,PAN,9,1847,2,2,2,11,13,34,31,44,Hot Safe
SULPAN,B,SUL,9,PAN,3,1883,2,3,2,29,28,12,12,40,Hot Safe
SULPAN,B,SUL,3,PAN,6,1835,2,4,2,5,11,29,26,37,Hot Safe
SULPAN,B,SUL,6,PAN,3,1871,2,5,2,34,31,7,7,38,Hot Safe
SULPAN,B,SUL,3,PAN,12,1859,2,6,2,13,19,50,41,60,Hot Safe
SULPAN,B,SUL,3,PAN,3,1823,2,7,2,5,6,22,15,21,Hot Safe
SULPAN,B,SUL,12,PAN,3,1895,2,8,2,44,45,8,8,53,Hot Safe
SULPAN,C,SUL,6,PAN,3,1863,2,2,4,8,7,1,4,11,Cold Para
SULPAN,C,SUL,3,PAN,6,1827,2,3,4,0,0,4,1,1,Cold Para
SULPAN,C,SUL,3,PAN,3,1815,2,4,4,6,3,0,0,3,Cold Para
SULPAN,C,SUL,12,PAN,3,1887,2,5,4,13,7,0,0,7,Cold Para
SULPAN,C,SUL,9,PAN,3,1875,2,6,4,6,10,1,2,12,Cold Para
SULPAN,C,SUL,3,PAN,9,1839,2,7,4,0,1,2,1,2,Cold Para
SULPAN,C,SUL,3,PAN,12,1851,2,8,4,0,0,0,0,0,Cold Para
SULPAN,C,SUL,3,PAN,9,1842,2,2,7,3,2,2,2,4,Cold Safe
SULPAN,C,SUL,9,PAN,3,1878,2,3,7,16,11,1,1,12,Cold Safe
SULPAN,C,SUL,3,PAN,6,1830,2,4,7,4,1,0,0,1,Cold Safe
SULPAN,C,SUL,3,PAN,3,1818,2,5,7,3,1,0,1,2,Cold Safe
SULPAN,C,SUL,6,PAN,3,1866,2,6,7,1,3,1,0,3,Cold Safe
SULPAN,C,SUL,3,PAN,12,1854,2,7,7,4,2,3,4,6,Cold Safe
SULPAN,C,SUL,12,PAN,3,1890,2,8,7,7,0,0,0,0,Cold Safe
SULPAN,C,SUL,3,PAN,6,1833,2,2,6,16,15,18,27,42,Hot Safe
SULPAN,C,SUL,3,PAN,9,1845,2,3,6,10,12,40,35,47,Hot Safe
SULPAN,C,SUL,9,PAN,3,1881,2,4,6,8,17,15,15,32,Hot Safe
SULPAN,C,SUL,6,PAN,3,1869,2,5,6,15,18,21,19,37,Hot Safe
SULPAN,C,SUL,3,PAN,12,1857,2,6,6,14,22,51,43,65,Hot Safe
SULPAN,C,SUL,12,PAN,3,1893,2,7,6,31,42,6,5,47,Hot Safe
SULPAN,C,SUL,3,PAN,3,1821,2,8,6,17,22,18,23,45,Hot Safe
SULPAN,C,SUL,3,PAN,3,1824,3,2,7,8,4,6,6,10,Hot Para
SULPAN,C,SUL,9,PAN,3,1884,3,3,7,24,31,2,1,32,Hot Para
SULPAN,C,SUL,3,PAN,12,1860,3,4,7,10,11,18,22,33,Hot Para
SULPAN,C,SUL,3,PAN,9,1848,3,5,7,10,12,27,24,36,Hot Para
SULPAN,C,SUL,6,PAN,3,1872,3,6,7,15,30,6,6,36,Hot Para
SULPAN,C,SUL,3,PAN,6,1836,3,7,7,13,21,24,25,46,Hot Para
SULPAN,C,SUL,12,PAN,3,1896,3,8,7,14,42,9,5,47,Hot Para
SULPSA,A,SUL,6,PSA,3,1945,2,2,5,0,2,0,0,2,Cold Para
SULPSA,A,SUL,9,PSA,3,1957,2,3,5,1,6,0,0,6,Cold Para
SULPSA,A,SUL,3,PSA,3,1897,2,4,5,0,0,1,0,0,Cold Para
SULPSA,A,SUL,12,PSA,3,1969,2,5,5,1,2,0,1,3,Cold Para
SULPSA,A,SUL,3,PSA,12,1933,2,6,5,1,1,1,1,2,Cold Para
SULPSA,A,SUL,3,PSA,6,1909,2,7,5,0,1,0,0,1,Cold Para
SULPSA,A,SUL,3,PSA,9,1921,2,8,5,0,2,11,5,7,Cold Para
SULPSA,A,SUL,3,PSA,6,1912,3,2,1,5,5,0,2,7,Cold Safe
SULPSA,A,SUL,9,PSA,3,1960,3,3,1,4,7,0,4,11,Cold Safe
SULPSA,A,SUL,12,PSA,3,1972,3,4,1,6,9,3,2,11,Cold Safe
SULPSA,A,SUL,3,PSA,3,1900,3,5,1,1,2,0,1,3,Cold Safe
SULPSA,A,SUL,3,PSA,9,1924,3,6,1,0,1,1,2,3,Cold Safe
SULPSA,A,SUL,3,PSA,12,1936,3,7,1,2,5,3,0,5,Cold Safe
SULPSA,A,SUL,6,PSA,3,1948,3,8,1,20,21,0,0,21,Cold Safe
SULPSA,A,SUL,3,PSA,3,1903,3,2,3,0,3,1,0,3,Hot Para
SULPSA,A,SUL,3,PSA,12,1939,3,3,3,0,1,12,7,8,Hot Para
SULPSA,A,SUL,3,PSA,9,1927,3,4,3,7,5,26,16,21,Hot Para
SULPSA,A,SUL,12,PSA,3,1975,3,5,3,10,8,1,1,9,Hot Para
SULPSA,A,SUL,6,PSA,3,1951,3,6,3,4,7,1,2,9,Hot Para
SULPSA,A,SUL,9,PSA,3,1963,3,7,3,4,9,2,3,12,Hot Para
SULPSA,A,SUL,3,PSA,6,1915,3,8,3,4,4,11,10,14,Hot Para
SULPSA,A,SUL,3,PSA,6,1918,3,2,8,19,25,5,6,31,Hot Safe
SULPSA,A,SUL,3,PSA,3,1906,3,3,8,14,13,6,5,18,Hot Safe
SULPSA,A,SUL,3,PSA,12,1942,3,4,8,7,2,7,8,10,Hot Safe
SULPSA,A,SUL,12,PSA,3,1978,3,5,8,38,53,1,0,53,Hot Safe
SULPSA,A,SUL,9,PSA,3,1966,3,6,8,30,43,2,1,44,Hot Safe
SULPSA,A,SUL,3,PSA,9,1930,3,7,8,7,14,16,12,26,Hot Safe
SULPSA,A,SUL,6,PSA,3,1954,3,8,8,41,27,1,4,31,Hot Safe
SULPSA,B,SUL,3,PSA,6,1910,3,2,6,2,3,8,10,13,Cold Para
SULPSA,B,SUL,6,PSA,3,1946,3,3,6,1,2,3,3,5,Cold Para
SULPSA,B,SUL,3,PSA,3,1898,3,4,6,5,4,15,14,18,Cold Para
SULPSA,B,SUL,3,PSA,12,1934,3,5,6,11,6,10,13,19,Cold Para
SULPSA,B,SUL,12,PSA,3,1970,3,6,6,16,21,8,4,25,Cold Para
SULPSA,B,SUL,3,PSA,9,1922,3,7,6,3,8,27,14,22,Cold Para
SULPSA,B,SUL,9,PSA,3,1958,3,8,6,7,8,20,16,24,Cold Para
SULPSA,B,SUL,3,PSA,3,1901,2,2,8,11,5,2,1,6,Cold Safe
SULPSA,B,SUL,12,PSA,3,1973,2,3,8,25,24,1,4,28,Cold Safe
SULPSA,B,SUL,3,PSA,9,1925,2,4,8,9,15,3,2,17,Cold Safe
SULPSA,B,SUL,9,PSA,3,1961,2,5,8,16,11,0,1,12,Cold Safe
SULPSA,B,SUL,3,PSA,6,1913,2,6,8,6,5,2,1,6,Cold Safe
SULPSA,B,SUL,3,PSA,12,1937,2,7,8,7,7,12,14,21,Cold Safe
SULPSA,B,SUL,6,PSA,3,1949,2,8,8,26,10,2,1,11,Cold Safe
SULPSA,B,SUL,3,PSA,3,1904,2,2,6,0,0,0,1,1,Hot Para
SULPSA,B,SUL,12,PSA,3,1976,2,3,6,24,18,9,16,34,Hot Para
SULPSA,B,SUL,3,PSA,9,1928,2,4,6,4,7,38,64,71,Hot Para
SULPSA,B,SUL,3,PSA,6,1916,2,5,6,3,2,29,37,39,Hot Para
SULPSA,B,SUL,9,PSA,3,1964,2,6,6,20,21,4,8,29,Hot Para
SULPSA,B,SUL,6,PSA,3,1952,2,7,6,31,24,10,9,33,Hot Para
SULPSA,B,SUL,3,PSA,12,1940,2,8,6,17,19,36,41,60,Hot Para
SULPSA,B,SUL,3,PSA,6,1919,2,2,5,3,1,17,21,22,Hot Safe
SULPSA,B,SUL,3,PSA,9,1931,2,3,5,22,30,15,18,48,Hot Safe
SULPSA,B,SUL,6,PSA,3,1955,2,4,5,18,18,1,2,20,Hot Safe
SULPSA,B,SUL,9,PSA,3,1967,2,5,5,50,50,4,5,55,Hot Safe
SULPSA,B,SUL,3,PSA,12,1943,2,6,5,7,9,30,36,45,Hot Safe
SULPSA,B,SUL,12,PSA,3,1979,2,7,5,30,23,8,7,30,Hot Safe
SULPSA,B,SUL,3,PSA,3,1907,2,8,5,18,17,10,12,29,Hot Safe
SULPSA,C,SUL,3,PSA,3,1899,2,2,7,5,3,2,3,6,Cold Para
SULPSA,C,SUL,9,PSA,3,1959,2,3,7,35,30,0,1,31,Cold Para
SULPSA,C,SUL,3,PSA,9,1923,2,4,7,5,4,8,3,7,Cold Para
SULPSA,C,SUL,12,PSA,3,1971,2,5,7,24,19,1,0,19,Cold Para
SULPSA,C,SUL,3,PSA,12,1935,2,6,7,4,4,4,1,5,Cold Para
SULPSA,C,SUL,3,PSA,6,1911,2,7,7,2,0,5,4,4,Cold Para
SULPSA,C,SUL,6,PSA,3,1947,2,8,7,4,6,1,1,7,Cold Para
SULPSA,C,SUL,3,PSA,12,1938,2,2,6,1,0,2,5,5,Cold Safe
SULPSA,C,SUL,9,PSA,3,1962,2,3,6,21,15,0,0,15,Cold Safe
SULPSA,C,SUL,3,PSA,9,1926,2,4,6,2,2,9,5,7,Cold Safe
SULPSA,C,SUL,3,PSA,6,1914,2,5,6,14,6,0,1,7,Cold Safe
SULPSA,C,SUL,3,PSA,3,1902,2,6,6,0,0,0,3,3,Cold Safe
SULPSA,C,SUL,12,PSA,3,1974,2,7,6,3,1,0,0,1,Cold Safe
SULPSA,C,SUL,6,PSA,3,1950,2,8,6,7,6,3,3,9,Cold Safe
SULPSA,C,SUL,3,PSA,6,1917,3,2,7,16,20,15,20,40,Hot Safe
SULPSA,C,SUL,3,PSA,12,1941,3,3,7,18,16,25,25,41,Hot Safe
SULPSA,C,SUL,3,PSA,9,1929,3,4,7,25,25,21,20,45,Hot Safe
SULPSA,C,SUL,9,PSA,3,1965,3,5,7,35,58,2,2,60,Hot Safe
SULPSA,C,SUL,12,PSA,3,1977,3,6,7,21,13,0,0,13,Hot Safe
SULPSA,C,SUL,3,PSA,3,1905,3,7,7,21,17,2,5,22,Hot Safe
SULPSA,C,SUL,6,PSA,3,1953,3,8,7,32,29,1,2,31,Hot Safe
SULPSA,C,SUL,3,PSA,12,1944,2,2,4,32,20,23,24,44,Hot Safe
SULPSA,C,SUL,9,PSA,3,1968,2,3,4,37,48,1,1,49,Hot Safe
SULPSA,C,SUL,6,PSA,3,1956,2,4,4,35,30,3,4,34,Hot Safe
SULPSA,C,SUL,3,PSA,3,1908,2,5,4,26,22,6,6,28,Hot Safe
SULPSA,C,SUL,3,PSA,6,1920,2,6,4,34,30,6,6,36,Hot Safe
SULPSA,C,SUL,3,PSA,9,1932,2,7,4,11,16,23,18,34,Hot Safe
SULPSA,C,SUL,12,PSA,3,1980,2,8,4,35,30,4,4,34,Hot Safe
