tubeID,BIR_Nt,PAL_Nt,PAN_Nt,PSA_Nt,SIM_Nt,SUL_Nt,Type,BIR_0,PAL_0,PAN_0,PSA_0,SIM_0,SUL_0,FocalSpecies,OtherSp,Parasitism,ObsCount_Pairs,i,j,FocalSpeciesStartDens,OtherSpeciesStartDens
130,15,0,0,0,0,0,Sp1,3,0,3,0,0,0,BIR,PAN,Safe,15,1,3,3,3
130,0,0,18,0,0,0,Sp2,3,0,3,0,0,0,PAN,BIR,Safe,18,3,1,3,3
131,3,0,0,0,0,0,Sp1,3,0,3,0,0,0,BIR,PAN,Safe,3,1,3,3,3
131,0,0,8,0,0,0,Sp2,3,0,3,0,0,0,PAN,BIR,Safe,8,3,1,3,3
132,6,0,0,0,0,0,Sp1,3,0,3,0,0,0,BIR,PAN,Safe,6,1,3,3,3
132,0,0,10,0,0,0,Sp2,3,0,3,0,0,0,PAN,BIR,Safe,10,3,1,3,3
142,4,0,0,0,0,0,Sp1,3,0,6,0,0,0,BIR,PAN,Safe,4,1,3,3,6
142,0,0,26,0,0,0,Sp2,3,0,6,0,0,0,PAN,BIR,Safe,26,3,1,6,3
143,3,0,0,0,0,0,Sp1,3,0,6,0,0,0,BIR,PAN,Safe,3,1,3,3,6
143,0,0,11,0,0,0,Sp2,3,0,6,0,0,0,PAN,BIR,Safe,11,3,1,6,3
144,2,0,0,0,0,0,Sp1,3,0,6,0,0,0,BIR,PAN,Safe,2,1,3,3,6
144,0,0,23,0,0,0,Sp2,3,0,6,0,0,0,PAN,BIR,Safe,23,3,1,6,3
154,8,0,0,0,0,0,Sp1,3,0,9,0,0,0,BIR,PAN,Safe,8,1,3,3,9
154,0,0,22,0,0,0,Sp2,3,0,9,0,0,0,PAN,BIR,Safe,22,3,1,9,3
155,7,0,0,0,0,0,Sp1,3,0,9,0,0,0,BIR,PAN,Safe,7,1,3,3,9
155,0,0,33,0,0,0,Sp2,3,0,9,0,0,0,PAN,BIR,Safe,33,3,1,9,3
156,9,0,0,0,0,0,Sp1,3,0,9,0,0,0,BIR,PAN,Safe,9,1,3,3,9
156,0,0,28,0,0,0,Sp2,3,0,9,0,0,0,PAN,BIR,Safe,28,3,1,9,3
166,3,0,0,0,0,0,Sp1,3,0,12,0,0,0,BIR,PAN,Safe,3,1,3,3,12
166,0,0,44,0,0,0,Sp2,3,0,12,0,0,0,PAN,BIR,Safe,44,3,1,12,3
167,2,0,0,0,0,0,Sp1,3,0,12,0,0,0,BIR,PAN,Safe,2,1,3,3,12
167,0,0,55,0,0,0,Sp2,3,0,12,0,0,0,PAN,BIR,Safe,55,3,1,12,3
168,7,0,0,0,0,0,Sp1,3,0,12,0,0,0,BIR,PAN,Safe,7,1,3,3,12
168,0,0,27,0,0,0,Sp2,3,0,12,0,0,0,PAN,BIR,Safe,27,3,1,12,3
178,16,0,0,0,0,0,Sp1,6,0,3,0,0,0,BIR,PAN,Safe,16,1,3,6,3
178,0,0,5,0,0,0,Sp2,6,0,3,0,0,0,PAN,BIR,Safe,5,3,1,3,6
179,16,0,0,0,0,0,Sp1,6,0,3,0,0,0,BIR,PAN,Safe,16,1,3,6,3
179,0,0,22,0,0,0,Sp2,6,0,3,0,0,0,PAN,BIR,Safe,22,3,1,3,6
180,8,0,0,0,0,0,Sp1,6,0,3,0,0,0,BIR,PAN,Safe,8,1,3,6,3
180,0,0,18,0,0,0,Sp2,6,0,3,0,0,0,PAN,BIR,Safe,18,3,1,3,6
190,16,0,0,0,0,0,Sp1,9,0,3,0,0,0,BIR,PAN,Safe,16,1,3,9,3
190,0,0,19,0,0,0,Sp2,9,0,3,0,0,0,PAN,BIR,Safe,19,3,1,3,9
191,40,0,0,0,0,0,Sp1,9,0,3,0,0,0,BIR,PAN,Safe,40,1,3,9,3
191,0,0,9,0,0,0,Sp2,9,0,3,0,0,0,PAN,BIR,Safe,9,3,1,3,9
192,18,0,0,0,0,0,Sp1,9,0,3,0,0,0,BIR,PAN,Safe,18,1,3,9,3
192,0,0,17,0,0,0,Sp2,9,0,3,0,0,0,PAN,BIR,Safe,17,3,1,3,9
202,17,0,0,0,0,0,Sp1,12,0,3,0,0,0,BIR,PAN,Safe,17,1,3,12,3
202,0,0,17,0,0,0,Sp2,12,0,3,0,0,0,PAN,BIR,Safe,17,3,1,3,12
203,12,0,0,0,0,0,Sp1,12,0,3,0,0,0,BIR,PAN,Safe,12,1,3,12,3
203,0,0,2,0,0,0,Sp2,12,0,3,0,0,0,PAN,BIR,Safe,2,3,1,3,12
204,15,0,0,0,0,0,Sp1,12,0,3,0,0,0,BIR,PAN,Safe,15,1,3,12,3
204,0,0,30,0,0,0,Sp2,12,0,3,0,0,0,PAN,BIR,Safe,30,3,1,3,12
213,19,0,0,0,0,0,Sp1,3,0,0,3,0,0,BIR,PSA,Safe,19,1,4,3,3
213,0,0,0,5,0,0,Sp2,3,0,0,3,0,0,PSA,BIR,Safe,5,4,1,3,3
214,11,0,0,0,0,0,Sp1,3,0,0,3,0,0,BIR,PSA,Safe,11,1,4,3,3
214,0,0,0,8,0,0,Sp2,3,0,0,3,0,0,PSA,BIR,Safe,8,4,1,3,3
215,11,0,0,0,0,0,Sp1,3,0,0,3,0,0,BIR,PSA,Safe,11,1,4,3,3
215,0,0,0,12,0,0,Sp2,3,0,0,3,0,0,PSA,BIR,Safe,12,4,1,3,3
216,15,0,0,0,0,0,Sp1,3,0,0,3,0,0,BIR,PSA,Safe,15,1,4,3,3
216,0,0,0,21,0,0,Sp2,3,0,0,3,0,0,PSA,BIR,Safe,21,4,1,3,3
225,1,0,0,0,0,0,Sp1,3,0,0,6,0,0,BIR,PSA,Safe,1,1,4,3,6
225,0,0,0,5,0,0,Sp2,3,0,0,6,0,0,PSA,BIR,Safe,5,4,1,6,3
226,9,0,0,0,0,0,Sp1,3,0,0,6,0,0,BIR,PSA,Safe,9,1,4,3,6
226,0,0,0,21,0,0,Sp2,3,0,0,6,0,0,PSA,BIR,Safe,21,4,1,6,3
227,7,0,0,0,0,0,Sp1,3,0,0,6,0,0,BIR,PSA,Safe,7,1,4,3,6
227,0,0,0,23,0,0,Sp2,3,0,0,6,0,0,PSA,BIR,Safe,23,4,1,6,3
228,10,0,0,0,0,0,Sp1,3,0,0,6,0,0,BIR,PSA,Safe,10,1,4,3,6
228,0,0,0,29,0,0,Sp2,3,0,0,6,0,0,PSA,BIR,Safe,29,4,1,6,3
237,10,0,0,0,0,0,Sp1,3,0,0,9,0,0,BIR,PSA,Safe,10,1,4,3,9
237,0,0,0,11,0,0,Sp2,3,0,0,9,0,0,PSA,BIR,Safe,11,4,1,9,3
238,12,0,0,0,0,0,Sp1,3,0,0,9,0,0,BIR,PSA,Safe,12,1,4,3,9
238,0,0,0,26,0,0,Sp2,3,0,0,9,0,0,PSA,BIR,Safe,26,4,1,9,3
239,18,0,0,0,0,0,Sp1,3,0,0,9,0,0,BIR,PSA,Safe,18,1,4,3,9
239,0,0,0,35,0,0,Sp2,3,0,0,9,0,0,PSA,BIR,Safe,35,4,1,9,3
240,16,0,0,0,0,0,Sp1,3,0,0,9,0,0,BIR,PSA,Safe,16,1,4,3,9
240,0,0,0,28,0,0,Sp2,3,0,0,9,0,0,PSA,BIR,Safe,28,4,1,9,3
249,2,0,0,0,0,0,Sp1,3,0,0,12,0,0,BIR,PSA,Safe,2,1,4,3,12
249,0,0,0,12,0,0,Sp2,3,0,0,12,0,0,PSA,BIR,Safe,12,4,1,12,3
250,9,0,0,0,0,0,Sp1,3,0,0,12,0,0,BIR,PSA,Safe,9,1,4,3,12
250,0,0,0,35,0,0,Sp2,3,0,0,12,0,0,PSA,BIR,Safe,35,4,1,12,3
251,9,0,0,0,0,0,Sp1,3,0,0,12,0,0,BIR,PSA,Safe,9,1,4,3,12
251,0,0,0,33,0,0,Sp2,3,0,0,12,0,0,PSA,BIR,Safe,33,4,1,12,3
252,20,0,0,0,0,0,Sp1,3,0,0,12,0,0,BIR,PSA,Safe,20,1,4,3,12
252,0,0,0,41,0,0,Sp2,3,0,0,12,0,0,PSA,BIR,Safe,41,4,1,12,3
261,11,0,0,0,0,0,Sp1,6,0,0,3,0,0,BIR,PSA,Safe,11,1,4,6,3
261,0,0,0,6,0,0,Sp2,6,0,0,3,0,0,PSA,BIR,Safe,6,4,1,3,6
262,17,0,0,0,0,0,Sp1,6,0,0,3,0,0,BIR,PSA,Safe,17,1,4,6,3
262,0,0,0,12,0,0,Sp2,6,0,0,3,0,0,PSA,BIR,Safe,12,4,1,3,6
263,36,0,0,0,0,0,Sp1,6,0,0,3,0,0,BIR,PSA,Safe,36,1,4,6,3
263,0,0,0,4,0,0,Sp2,6,0,0,3,0,0,PSA,BIR,Safe,4,4,1,3,6
264,25,0,0,0,0,0,Sp1,6,0,0,3,0,0,BIR,PSA,Safe,25,1,4,6,3
264,0,0,0,18,0,0,Sp2,6,0,0,3,0,0,PSA,BIR,Safe,18,4,1,3,6
273,21,0,0,0,0,0,Sp1,9,0,0,3,0,0,BIR,PSA,Safe,21,1,4,9,3
273,0,0,0,0,0,0,Sp2,9,0,0,3,0,0,PSA,BIR,Safe,0,4,1,3,9
274,30,0,0,0,0,0,Sp1,9,0,0,3,0,0,BIR,PSA,Safe,30,1,4,9,3
274,0,0,0,22,0,0,Sp2,9,0,0,3,0,0,PSA,BIR,Safe,22,4,1,3,9
275,35,0,0,0,0,0,Sp1,9,0,0,3,0,0,BIR,PSA,Safe,35,1,4,9,3
275,0,0,0,6,0,0,Sp2,9,0,0,3,0,0,PSA,BIR,Safe,6,4,1,3,9
276,22,0,0,0,0,0,Sp1,9,0,0,3,0,0,BIR,PSA,Safe,22,1,4,9,3
276,0,0,0,12,0,0,Sp2,9,0,0,3,0,0,PSA,BIR,Safe,12,4,1,3,9
285,20,0,0,0,0,0,Sp1,12,0,0,3,0,0,BIR,PSA,Safe,20,1,4,12,3
285,0,0,0,3,0,0,Sp2,12,0,0,3,0,0,PSA,BIR,Safe,3,4,1,3,12
286,35,0,0,0,0,0,Sp1,12,0,0,3,0,0,BIR,PSA,Safe,35,1,4,12,3
286,0,0,0,12,0,0,Sp2,12,0,0,3,0,0,PSA,BIR,Safe,12,4,1,3,12
287,37,0,0,0,0,0,Sp1,12,0,0,3,0,0,BIR,PSA,Safe,37,1,4,12,3
287,0,0,0,21,0,0,Sp2,12,0,0,3,0,0,PSA,BIR,Safe,21,4,1,3,12
288,28,0,0,0,0,0,Sp1,12,0,0,3,0,0,BIR,PSA,Safe,28,1,4,12,3
288,0,0,0,6,0,0,Sp2,12,0,0,3,0,0,PSA,BIR,Safe,6,4,1,3,12
297,4,0,0,0,0,0,Sp1,3,0,0,0,3,0,BIR,SIM,Safe,4,1,5,3,3
297,0,0,0,0,12,0,Sp2,3,0,0,0,3,0,SIM,BIR,Safe,12,5,1,3,3
298,3,0,0,0,0,0,Sp1,3,0,0,0,3,0,BIR,SIM,Safe,3,1,5,3,3
298,0,0,0,0,15,0,Sp2,3,0,0,0,3,0,SIM,BIR,Safe,15,5,1,3,3
299,9,0,0,0,0,0,Sp1,3,0,0,0,3,0,BIR,SIM,Safe,9,1,5,3,3
299,0,0,0,0,23,0,Sp2,3,0,0,0,3,0,SIM,BIR,Safe,23,5,1,3,3
309,5,0,0,0,0,0,Sp1,3,0,0,0,6,0,BIR,SIM,Safe,5,1,5,3,6
309,0,0,0,0,22,0,Sp2,3,0,0,0,6,0,SIM,BIR,Safe,22,5,1,6,3
310,2,0,0,0,0,0,Sp1,3,0,0,0,6,0,BIR,SIM,Safe,2,1,5,3,6
310,0,0,0,0,18,0,Sp2,3,0,0,0,6,0,SIM,BIR,Safe,18,5,1,6,3
311,2,0,0,0,0,0,Sp1,3,0,0,0,6,0,BIR,SIM,Safe,2,1,5,3,6
311,0,0,0,0,35,0,Sp2,3,0,0,0,6,0,SIM,BIR,Safe,35,5,1,6,3
321,3,0,0,0,0,0,Sp1,3,0,0,0,9,0,BIR,SIM,Safe,3,1,5,3,9
321,0,0,0,0,40,0,Sp2,3,0,0,0,9,0,SIM,BIR,Safe,40,5,1,9,3
322,2,0,0,0,0,0,Sp1,3,0,0,0,9,0,BIR,SIM,Safe,2,1,5,3,9
322,0,0,0,0,26,0,Sp2,3,0,0,0,9,0,SIM,BIR,Safe,26,5,1,9,3
323,3,0,0,0,0,0,Sp1,3,0,0,0,9,0,BIR,SIM,Safe,3,1,5,3,9
323,0,0,0,0,48,0,Sp2,3,0,0,0,9,0,SIM,BIR,Safe,48,5,1,9,3
333,3,0,0,0,0,0,Sp1,3,0,0,0,12,0,BIR,SIM,Safe,3,1,5,3,12
333,0,0,0,0,45,0,Sp2,3,0,0,0,12,0,SIM,BIR,Safe,45,5,1,12,3
334,1,0,0,0,0,0,Sp1,3,0,0,0,12,0,BIR,SIM,Safe,1,1,5,3,12
334,0,0,0,0,31,0,Sp2,3,0,0,0,12,0,SIM,BIR,Safe,31,5,1,12,3
335,2,0,0,0,0,0,Sp1,3,0,0,0,12,0,BIR,SIM,Safe,2,1,5,3,12
335,0,0,0,0,48,0,Sp2,3,0,0,0,12,0,SIM,BIR,Safe,48,5,1,12,3
345,14,0,0,0,0,0,Sp1,6,0,0,0,3,0,BIR,SIM,Safe,14,1,5,6,3
345,0,0,0,0,17,0,Sp2,6,0,0,0,3,0,SIM,BIR,Safe,17,5,1,3,6
346,8,0,0,0,0,0,Sp1,6,0,0,0,3,0,BIR,SIM,Safe,8,1,5,6,3
346,0,0,0,0,12,0,Sp2,6,0,0,0,3,0,SIM,BIR,Safe,12,5,1,3,6
347,6,0,0,0,0,0,Sp1,6,0,0,0,3,0,BIR,SIM,Safe,6,1,5,6,3
347,0,0,0,0,23,0,Sp2,6,0,0,0,3,0,SIM,BIR,Safe,23,5,1,3,6
357,8,0,0,0,0,0,Sp1,9,0,0,0,3,0,BIR,SIM,Safe,8,1,5,9,3
357,0,0,0,0,10,0,Sp2,9,0,0,0,3,0,SIM,BIR,Safe,10,5,1,3,9
358,18,0,0,0,0,0,Sp1,9,0,0,0,3,0,BIR,SIM,Safe,18,1,5,9,3
358,0,0,0,0,12,0,Sp2,9,0,0,0,3,0,SIM,BIR,Safe,12,5,1,3,9
359,8,0,0,0,0,0,Sp1,9,0,0,0,3,0,BIR,SIM,Safe,8,1,5,9,3
359,0,0,0,0,13,0,Sp2,9,0,0,0,3,0,SIM,BIR,Safe,13,5,1,3,9
369,14,0,0,0,0,0,Sp1,12,0,0,0,3,0,BIR,SIM,Safe,14,1,5,12,3
369,0,0,0,0,31,0,Sp2,12,0,0,0,3,0,SIM,BIR,Safe,31,5,1,3,12
370,13,0,0,0,0,0,Sp1,12,0,0,0,3,0,BIR,SIM,Safe,13,1,5,12,3
370,0,0,0,0,18,0,Sp2,12,0,0,0,3,0,SIM,BIR,Safe,18,5,1,3,12
371,21,0,0,0,0,0,Sp1,12,0,0,0,3,0,BIR,SIM,Safe,21,1,5,12,3
371,0,0,0,0,15,0,Sp2,12,0,0,0,3,0,SIM,BIR,Safe,15,5,1,3,12
382,7,0,0,0,0,0,Sp1,3,0,0,0,0,3,BIR,SUL,Safe,7,1,6,3,3
382,0,0,0,0,0,0.5,Sp2,3,0,0,0,0,3,SUL,BIR,Safe,0.5,6,1,3,3
383,7,0,0,0,0,0,Sp1,3,0,0,0,0,3,BIR,SUL,Safe,7,1,6,3,3
383,0,0,0,0,0,9,Sp2,3,0,0,0,0,3,SUL,BIR,Safe,9,6,1,3,3
384,7,0,0,0,0,0,Sp1,3,0,0,0,0,3,BIR,SUL,Safe,7,1,6,3,3
384,0,0,0,0,0,20.5,Sp2,3,0,0,0,0,3,SUL,BIR,Safe,20.5,6,1,3,3
394,7,0,0,0,0,0,Sp1,3,0,0,0,0,6,BIR,SUL,Safe,7,1,6,3,6
394,0,0,0,0,0,18.5,Sp2,3,0,0,0,0,6,SUL,BIR,Safe,18.5,6,1,6,3
395,10,0,0,0,0,0,Sp1,3,0,0,0,0,6,BIR,SUL,Safe,10,1,6,3,6
395,0,0,0,0,0,11.5,Sp2,3,0,0,0,0,6,SUL,BIR,Safe,11.5,6,1,6,3
396,1.5,0,0,0,0,0,Sp1,3,0,0,0,0,6,BIR,SUL,Safe,1.5,1,6,3,6
396,0,0,0,0,0,31.5,Sp2,3,0,0,0,0,6,SUL,BIR,Safe,31.5,6,1,6,3
406,9,0,0,0,0,0,Sp1,3,0,0,0,0,9,BIR,SUL,Safe,9,1,6,3,9
406,0,0,0,0,0,16,Sp2,3,0,0,0,0,9,SUL,BIR,Safe,16,6,1,9,3
407,0.5,0,0,0,0,0,Sp1,3,0,0,0,0,9,BIR,SUL,Safe,0.5,1,6,3,9
407,0,0,0,0,0,45.5,Sp2,3,0,0,0,0,9,SUL,BIR,Safe,45.5,6,1,9,3
408,0,0,0,0,0,0,Sp1,3,0,0,0,0,9,BIR,SUL,Safe,0,1,6,3,9
408,0,0,0,0,0,41,Sp2,3,0,0,0,0,9,SUL,BIR,Safe,41,6,1,9,3
418,10.5,0,0,0,0,0,Sp1,3,0,0,0,0,12,BIR,SUL,Safe,10.5,1,6,3,12
418,0,0,0,0,0,24,Sp2,3,0,0,0,0,12,SUL,BIR,Safe,24,6,1,12,3
419,9,0,0,0,0,0,Sp1,3,0,0,0,0,12,BIR,SUL,Safe,9,1,6,3,12
419,0,0,0,0,0,32,Sp2,3,0,0,0,0,12,SUL,BIR,Safe,32,6,1,12,3
420,7,0,0,0,0,0,Sp1,3,0,0,0,0,12,BIR,SUL,Safe,7,1,6,3,12
420,0,0,0,0,0,13,Sp2,3,0,0,0,0,12,SUL,BIR,Safe,13,6,1,12,3
430,7,0,0,0,0,0,Sp1,6,0,0,0,0,3,BIR,SUL,Safe,7,1,6,6,3
430,0,0,0,0,0,15.5,Sp2,6,0,0,0,0,3,SUL,BIR,Safe,15.5,6,1,3,6
431,17,0,0,0,0,0,Sp1,6,0,0,0,0,3,BIR,SUL,Safe,17,1,6,6,3
431,0,0,0,0,0,29.5,Sp2,6,0,0,0,0,3,SUL,BIR,Safe,29.5,6,1,3,6
432,13.5,0,0,0,0,0,Sp1,6,0,0,0,0,3,BIR,SUL,Safe,13.5,1,6,6,3
432,0,0,0,0,0,26.5,Sp2,6,0,0,0,0,3,SUL,BIR,Safe,26.5,6,1,3,6
442,17,0,0,0,0,0,Sp1,9,0,0,0,0,3,BIR,SUL,Safe,17,1,6,9,3
442,0,0,0,0,0,5,Sp2,9,0,0,0,0,3,SUL,BIR,Safe,5,6,1,3,9
443,24,0,0,0,0,0,Sp1,9,0,0,0,0,3,BIR,SUL,Safe,24,1,6,9,3
443,0,0,0,0,0,10.5,Sp2,9,0,0,0,0,3,SUL,BIR,Safe,10.5,6,1,3,9
444,24,0,0,0,0,0,Sp1,9,0,0,0,0,3,BIR,SUL,Safe,24,1,6,9,3
444,0,0,0,0,0,19.5,Sp2,9,0,0,0,0,3,SUL,BIR,Safe,19.5,6,1,3,9
454,17.5,0,0,0,0,0,Sp1,12,0,0,0,0,3,BIR,SUL,Safe,17.5,1,6,12,3
454,0,0,0,0,0,5.5,Sp2,12,0,0,0,0,3,SUL,BIR,Safe,5.5,6,1,3,12
455,45.5,0,0,0,0,0,Sp1,12,0,0,0,0,3,BIR,SUL,Safe,45.5,1,6,12,3
455,0,0,0,0,0,12,Sp2,12,0,0,0,0,3,SUL,BIR,Safe,12,6,1,3,12
456,18.5,0,0,0,0,0,Sp1,12,0,0,0,0,3,BIR,SUL,Safe,18.5,1,6,12,3
456,0,0,0,0,0,4,Sp2,12,0,0,0,0,3,SUL,BIR,Safe,4,6,1,3,12
586,0,17,0,0,0,0,Sp1,3,3,0,0,0,0,PAL,BIR,Safe,17,2,1,3,3
586,5,0,0,0,0,0,Sp2,3,3,0,0,0,0,BIR,PAL,Safe,5,1,2,3,3
587,0,28.5,0,0,0,0,Sp1,3,3,0,0,0,0,PAL,BIR,Safe,28.5,2,1,3,3
587,7,0,0,0,0,0,Sp2,3,3,0,0,0,0,BIR,PAL,Safe,7,1,2,3,3
588,0,20.5,0,0,0,0,Sp1,3,3,0,0,0,0,PAL,BIR,Safe,20.5,2,1,3,3
588,6.5,0,0,0,0,0,Sp2,3,3,0,0,0,0,BIR,PAL,Safe,6.5,1,2,3,3
598,0,18.5,0,0,0,0,Sp1,6,3,0,0,0,0,PAL,BIR,Safe,18.5,2,1,3,6
598,10,0,0,0,0,0,Sp2,6,3,0,0,0,0,BIR,PAL,Safe,10,1,2,6,3
599,0,0,0,0,0,0,Sp1,6,3,0,0,0,0,PAL,BIR,Safe,0,2,1,3,6
599,20.5,0,0,0,0,0,Sp2,6,3,0,0,0,0,BIR,PAL,Safe,20.5,1,2,6,3
600,0,12.5,0,0,0,0,Sp1,6,3,0,0,0,0,PAL,BIR,Safe,12.5,2,1,3,6
600,14.5,0,0,0,0,0,Sp2,6,3,0,0,0,0,BIR,PAL,Safe,14.5,1,2,6,3
610,0,17.5,0,0,0,0,Sp1,9,3,0,0,0,0,PAL,BIR,Safe,17.5,2,1,3,9
610,22,0,0,0,0,0,Sp2,9,3,0,0,0,0,BIR,PAL,Safe,22,1,2,9,3
611,0,16.5,0,0,0,0,Sp1,9,3,0,0,0,0,PAL,BIR,Safe,16.5,2,1,3,9
611,17,0,0,0,0,0,Sp2,9,3,0,0,0,0,BIR,PAL,Safe,17,1,2,9,3
612,0,20,0,0,0,0,Sp1,9,3,0,0,0,0,PAL,BIR,Safe,20,2,1,3,9
612,23.5,0,0,0,0,0,Sp2,9,3,0,0,0,0,BIR,PAL,Safe,23.5,1,2,9,3
622,0,17,0,0,0,0,Sp1,12,3,0,0,0,0,PAL,BIR,Safe,17,2,1,3,12
622,20,0,0,0,0,0,Sp2,12,3,0,0,0,0,BIR,PAL,Safe,20,1,2,12,3
623,0,16,0,0,0,0,Sp1,12,3,0,0,0,0,PAL,BIR,Safe,16,2,1,3,12
623,21,0,0,0,0,0,Sp2,12,3,0,0,0,0,BIR,PAL,Safe,21,1,2,12,3
624,0,16.5,0,0,0,0,Sp1,12,3,0,0,0,0,PAL,BIR,Safe,16.5,2,1,3,12
624,38,0,0,0,0,0,Sp2,12,3,0,0,0,0,BIR,PAL,Safe,38,1,2,12,3
634,0,33,0,0,0,0,Sp1,3,6,0,0,0,0,PAL,BIR,Safe,33,2,1,6,3
634,6.5,0,0,0,0,0,Sp2,3,6,0,0,0,0,BIR,PAL,Safe,6.5,1,2,3,6
635,0,35.5,0,0,0,0,Sp1,3,6,0,0,0,0,PAL,BIR,Safe,35.5,2,1,6,3
635,3,0,0,0,0,0,Sp2,3,6,0,0,0,0,BIR,PAL,Safe,3,1,2,3,6
636,0,27.5,0,0,0,0,Sp1,3,6,0,0,0,0,PAL,BIR,Safe,27.5,2,1,6,3
636,5,0,0,0,0,0,Sp2,3,6,0,0,0,0,BIR,PAL,Safe,5,1,2,3,6
646,0,25.5,0,0,0,0,Sp1,3,9,0,0,0,0,PAL,BIR,Safe,25.5,2,1,9,3
646,1.5,0,0,0,0,0,Sp2,3,9,0,0,0,0,BIR,PAL,Safe,1.5,1,2,3,9
647,0,28,0,0,0,0,Sp1,3,9,0,0,0,0,PAL,BIR,Safe,28,2,1,9,3
647,8.5,0,0,0,0,0,Sp2,3,9,0,0,0,0,BIR,PAL,Safe,8.5,1,2,3,9
648,0,41.5,0,0,0,0,Sp1,3,9,0,0,0,0,PAL,BIR,Safe,41.5,2,1,9,3
648,0.5,0,0,0,0,0,Sp2,3,9,0,0,0,0,BIR,PAL,Safe,0.5,1,2,3,9
658,0,23.5,0,0,0,0,Sp1,3,12,0,0,0,0,PAL,BIR,Safe,23.5,2,1,12,3
658,2.5,0,0,0,0,0,Sp2,3,12,0,0,0,0,BIR,PAL,Safe,2.5,1,2,3,12
659,0,29,0,0,0,0,Sp1,3,12,0,0,0,0,PAL,BIR,Safe,29,2,1,12,3
659,0,0,0,0,0,0,Sp2,3,12,0,0,0,0,BIR,PAL,Safe,0,1,2,3,12
660,0,44.5,0,0,0,0,Sp1,3,12,0,0,0,0,PAL,BIR,Safe,44.5,2,1,12,3
660,3.5,0,0,0,0,0,Sp2,3,12,0,0,0,0,BIR,PAL,Safe,3.5,1,2,3,12
670,0,23,0,0,0,0,Sp1,0,3,3,0,0,0,PAL,PAN,Safe,23,2,3,3,3
670,0,0,12,0,0,0,Sp2,0,3,3,0,0,0,PAN,PAL,Safe,12,3,2,3,3
671,0,16,0,0,0,0,Sp1,0,3,3,0,0,0,PAL,PAN,Safe,16,2,3,3,3
671,0,0,7.5,0,0,0,Sp2,0,3,3,0,0,0,PAN,PAL,Safe,7.5,3,2,3,3
682,0,28.5,0,0,0,0,Sp1,0,3,6,0,0,0,PAL,PAN,Safe,28.5,2,3,3,6
682,0,0,23.5,0,0,0,Sp2,0,3,6,0,0,0,PAN,PAL,Safe,23.5,3,2,6,3
683,0,13,0,0,0,0,Sp1,0,3,6,0,0,0,PAL,PAN,Safe,13,2,3,3,6
683,0,0,8,0,0,0,Sp2,0,3,6,0,0,0,PAN,PAL,Safe,8,3,2,6,3
694,0,5,0,0,0,0,Sp1,0,3,9,0,0,0,PAL,PAN,Safe,5,2,3,3,9
694,0,0,28,0,0,0,Sp2,0,3,9,0,0,0,PAN,PAL,Safe,28,3,2,9,3
695,0,18.5,0,0,0,0,Sp1,0,3,9,0,0,0,PAL,PAN,Safe,18.5,2,3,3,9
695,0,0,25,0,0,0,Sp2,0,3,9,0,0,0,PAN,PAL,Safe,25,3,2,9,3
706,0,6.5,0,0,0,0,Sp1,0,3,12,0,0,0,PAL,PAN,Safe,6.5,2,3,3,12
706,0,0,37.5,0,0,0,Sp2,0,3,12,0,0,0,PAN,PAL,Safe,37.5,3,2,12,3
707,0,22.5,0,0,0,0,Sp1,0,3,12,0,0,0,PAL,PAN,Safe,22.5,2,3,3,12
707,0,0,18.5,0,0,0,Sp2,0,3,12,0,0,0,PAN,PAL,Safe,18.5,3,2,12,3
718,0,30,0,0,0,0,Sp1,0,6,3,0,0,0,PAL,PAN,Safe,30,2,3,6,3
718,0,0,2.5,0,0,0,Sp2,0,6,3,0,0,0,PAN,PAL,Safe,2.5,3,2,3,6
719,0,38,0,0,0,0,Sp1,0,6,3,0,0,0,PAL,PAN,Safe,38,2,3,6,3
719,0,0,0,0,0,0,Sp2,0,6,3,0,0,0,PAN,PAL,Safe,0,3,2,3,6
730,0,39,0,0,0,0,Sp1,0,9,3,0,0,0,PAL,PAN,Safe,39,2,3,9,3
730,0,0,8,0,0,0,Sp2,0,9,3,0,0,0,PAN,PAL,Safe,8,3,2,3,9
731,0,27,0,0,0,0,Sp1,0,9,3,0,0,0,PAL,PAN,Safe,27,2,3,9,3
731,0,0,9,0,0,0,Sp2,0,9,3,0,0,0,PAN,PAL,Safe,9,3,2,3,9
742,0,21.5,0,0,0,0,Sp1,0,12,3,0,0,0,PAL,PAN,Safe,21.5,2,3,12,3
742,0,0,9,0,0,0,Sp2,0,12,3,0,0,0,PAN,PAL,Safe,9,3,2,3,12
743,0,39.5,0,0,0,0,Sp1,0,12,3,0,0,0,PAL,PAN,Safe,39.5,2,3,12,3
743,0,0,6.5,0,0,0,Sp2,0,12,3,0,0,0,PAN,PAL,Safe,6.5,3,2,3,12
754,0,24.5,0,0,0,0,Sp1,0,3,0,3,0,0,PAL,PSA,Safe,24.5,2,4,3,3
754,0,0,0,0,0,0,Sp2,0,3,0,3,0,0,PSA,PAL,Safe,0,4,2,3,3
755,0,18,0,0,0,0,Sp1,0,3,0,3,0,0,PAL,PSA,Safe,18,2,4,3,3
755,0,0,0,9.5,0,0,Sp2,0,3,0,3,0,0,PSA,PAL,Safe,9.5,4,2,3,3
756,0,32,0,0,0,0,Sp1,0,3,0,3,0,0,PAL,PSA,Safe,32,2,4,3,3
756,0,0,0,9.5,0,0,Sp2,0,3,0,3,0,0,PSA,PAL,Safe,9.5,4,2,3,3
766,0,22,0,0,0,0,Sp1,0,3,0,6,0,0,PAL,PSA,Safe,22,2,4,3,6
766,0,0,0,3.5,0,0,Sp2,0,3,0,6,0,0,PSA,PAL,Safe,3.5,4,2,6,3
767,0,11,0,0,0,0,Sp1,0,3,0,6,0,0,PAL,PSA,Safe,11,2,4,3,6
767,0,0,0,15,0,0,Sp2,0,3,0,6,0,0,PSA,PAL,Safe,15,4,2,6,3
768,0,11,0,0,0,0,Sp1,0,3,0,6,0,0,PAL,PSA,Safe,11,2,4,3,6
768,0,0,0,10.5,0,0,Sp2,0,3,0,6,0,0,PSA,PAL,Safe,10.5,4,2,6,3
778,0,13.5,0,0,0,0,Sp1,0,3,0,9,0,0,PAL,PSA,Safe,13.5,2,4,3,9
778,0,0,0,12.5,0,0,Sp2,0,3,0,9,0,0,PSA,PAL,Safe,12.5,4,2,9,3
779,0,26,0,0,0,0,Sp1,0,3,0,9,0,0,PAL,PSA,Safe,26,2,4,3,9
779,0,0,0,4,0,0,Sp2,0,3,0,9,0,0,PSA,PAL,Safe,4,4,2,9,3
780,0,16.5,0,0,0,0,Sp1,0,3,0,9,0,0,PAL,PSA,Safe,16.5,2,4,3,9
780,0,0,0,13.5,0,0,Sp2,0,3,0,9,0,0,PSA,PAL,Safe,13.5,4,2,9,3
790,0,9.5,0,0,0,0,Sp1,0,3,0,12,0,0,PAL,PSA,Safe,9.5,2,4,3,12
790,0,0,0,14.5,0,0,Sp2,0,3,0,12,0,0,PSA,PAL,Safe,14.5,4,2,12,3
791,0,29,0,0,0,0,Sp1,0,3,0,12,0,0,PAL,PSA,Safe,29,2,4,3,12
791,0,0,0,36,0,0,Sp2,0,3,0,12,0,0,PSA,PAL,Safe,36,4,2,12,3
792,0,9,0,0,0,0,Sp1,0,3,0,12,0,0,PAL,PSA,Safe,9,2,4,3,12
792,0,0,0,13,0,0,Sp2,0,3,0,12,0,0,PSA,PAL,Safe,13,4,2,12,3
802,0,19,0,0,0,0,Sp1,0,6,0,3,0,0,PAL,PSA,Safe,19,2,4,6,3
802,0,0,0,8,0,0,Sp2,0,6,0,3,0,0,PSA,PAL,Safe,8,4,2,3,6
803,0,22.5,0,0,0,0,Sp1,0,6,0,3,0,0,PAL,PSA,Safe,22.5,2,4,6,3
803,0,0,0,11,0,0,Sp2,0,6,0,3,0,0,PSA,PAL,Safe,11,4,2,3,6
804,0,37,0,0,0,0,Sp1,0,6,0,3,0,0,PAL,PSA,Safe,37,2,4,6,3
804,0,0,0,4,0,0,Sp2,0,6,0,3,0,0,PSA,PAL,Safe,4,4,2,3,6
814,0,38.5,0,0,0,0,Sp1,0,9,0,3,0,0,PAL,PSA,Safe,38.5,2,4,9,3
814,0,0,0,3,0,0,Sp2,0,9,0,3,0,0,PSA,PAL,Safe,3,4,2,3,9
815,0,57.5,0,0,0,0,Sp1,0,9,0,3,0,0,PAL,PSA,Safe,57.5,2,4,9,3
815,0,0,0,3.5,0,0,Sp2,0,9,0,3,0,0,PSA,PAL,Safe,3.5,4,2,3,9
816,0,33.5,0,0,0,0,Sp1,0,9,0,3,0,0,PAL,PSA,Safe,33.5,2,4,9,3
816,0,0,0,3,0,0,Sp2,0,9,0,3,0,0,PSA,PAL,Safe,3,4,2,3,9
826,0,24.5,0,0,0,0,Sp1,0,12,0,3,0,0,PAL,PSA,Safe,24.5,2,4,12,3
826,0,0,0,6.5,0,0,Sp2,0,12,0,3,0,0,PSA,PAL,Safe,6.5,4,2,3,12
827,0,32,0,0,0,0,Sp1,0,12,0,3,0,0,PAL,PSA,Safe,32,2,4,12,3
827,0,0,0,7.5,0,0,Sp2,0,12,0,3,0,0,PSA,PAL,Safe,7.5,4,2,3,12
828,0,50,0,0,0,0,Sp1,0,12,0,3,0,0,PAL,PSA,Safe,50,2,4,12,3
828,0,0,0,1,0,0,Sp2,0,12,0,3,0,0,PSA,PAL,Safe,1,4,2,3,12
838,0,17.5,0,0,0,0,Sp1,0,3,0,0,3,0,PAL,SIM,Safe,17.5,2,5,3,3
838,0,0,0,0,20.5,0,Sp2,0,3,0,0,3,0,SIM,PAL,Safe,20.5,5,2,3,3
839,0,9.5,0,0,0,0,Sp1,0,3,0,0,3,0,PAL,SIM,Safe,9.5,2,5,3,3
839,0,0,0,0,16.5,0,Sp2,0,3,0,0,3,0,SIM,PAL,Safe,16.5,5,2,3,3
840,0,6,0,0,0,0,Sp1,0,3,0,0,3,0,PAL,SIM,Safe,6,2,5,3,3
840,0,0,0,0,23.5,0,Sp2,0,3,0,0,3,0,SIM,PAL,Safe,23.5,5,2,3,3
850,0,0,0,0,0,0,Sp1,0,3,0,0,6,0,PAL,SIM,Safe,0,2,5,3,6
850,0,0,0,0,0,0,Sp2,0,3,0,0,6,0,SIM,PAL,Safe,0,5,2,6,3
851,0,24,0,0,0,0,Sp1,0,3,0,0,6,0,PAL,SIM,Safe,24,2,5,3,6
851,0,0,0,0,14.5,0,Sp2,0,3,0,0,6,0,SIM,PAL,Safe,14.5,5,2,6,3
852,0,26,0,0,0,0,Sp1,0,3,0,0,6,0,PAL,SIM,Safe,26,2,5,3,6
852,0,0,0,0,31.5,0,Sp2,0,3,0,0,6,0,SIM,PAL,Safe,31.5,5,2,6,3
862,0,17.5,0,0,0,0,Sp1,0,3,0,0,9,0,PAL,SIM,Safe,17.5,2,5,3,9
862,0,0,0,0,23.5,0,Sp2,0,3,0,0,9,0,SIM,PAL,Safe,23.5,5,2,9,3
863,0,12.5,0,0,0,0,Sp1,0,3,0,0,9,0,PAL,SIM,Safe,12.5,2,5,3,9
863,0,0,0,0,46,0,Sp2,0,3,0,0,9,0,SIM,PAL,Safe,46,5,2,9,3
864,0,0,0,0,0,0,Sp1,0,3,0,0,9,0,PAL,SIM,Safe,0,2,5,3,9
864,0,0,0,0,36,0,Sp2,0,3,0,0,9,0,SIM,PAL,Safe,36,5,2,9,3
874,0,5,0,0,0,0,Sp1,0,3,0,0,12,0,PAL,SIM,Safe,5,2,5,3,12
874,0,0,0,0,34,0,Sp2,0,3,0,0,12,0,SIM,PAL,Safe,34,5,2,12,3
875,0,4.5,0,0,0,0,Sp1,0,3,0,0,12,0,PAL,SIM,Safe,4.5,2,5,3,12
875,0,0,0,0,57.5,0,Sp2,0,3,0,0,12,0,SIM,PAL,Safe,57.5,5,2,12,3
876,0,9,0,0,0,0,Sp1,0,3,0,0,12,0,PAL,SIM,Safe,9,2,5,3,12
876,0,0,0,0,69,0,Sp2,0,3,0,0,12,0,SIM,PAL,Safe,69,5,2,12,3
886,0,24,0,0,0,0,Sp1,0,6,0,0,3,0,PAL,SIM,Safe,24,2,5,6,3
886,0,0,0,0,21,0,Sp2,0,6,0,0,3,0,SIM,PAL,Safe,21,5,2,3,6
887,0,23.5,0,0,0,0,Sp1,0,6,0,0,3,0,PAL,SIM,Safe,23.5,2,5,6,3
887,0,0,0,0,12,0,Sp2,0,6,0,0,3,0,SIM,PAL,Safe,12,5,2,3,6
888,0,16.5,0,0,0,0,Sp1,0,6,0,0,3,0,PAL,SIM,Safe,16.5,2,5,6,3
888,0,0,0,0,25,0,Sp2,0,6,0,0,3,0,SIM,PAL,Safe,25,5,2,3,6
898,0,13.5,0,0,0,0,Sp1,0,9,0,0,3,0,PAL,SIM,Safe,13.5,2,5,9,3
898,0,0,0,0,16.5,0,Sp2,0,9,0,0,3,0,SIM,PAL,Safe,16.5,5,2,3,9
899,0,24.5,0,0,0,0,Sp1,0,9,0,0,3,0,PAL,SIM,Safe,24.5,2,5,9,3
899,0,0,0,0,10.5,0,Sp2,0,9,0,0,3,0,SIM,PAL,Safe,10.5,5,2,3,9
900,0,45,0,0,0,0,Sp1,0,9,0,0,3,0,PAL,SIM,Safe,45,2,5,9,3
900,0,0,0,0,30.5,0,Sp2,0,9,0,0,3,0,SIM,PAL,Safe,30.5,5,2,3,9
910,0,22.5,0,0,0,0,Sp1,0,12,0,0,3,0,PAL,SIM,Safe,22.5,2,5,12,3
910,0,0,0,0,21.5,0,Sp2,0,12,0,0,3,0,SIM,PAL,Safe,21.5,5,2,3,12
911,0,31.5,0,0,0,0,Sp1,0,12,0,0,3,0,PAL,SIM,Safe,31.5,2,5,12,3
911,0,0,0,0,23.5,0,Sp2,0,12,0,0,3,0,SIM,PAL,Safe,23.5,5,2,3,12
912,0,10,0,0,0,0,Sp1,0,12,0,0,3,0,PAL,SIM,Safe,10,2,5,12,3
912,0,0,0,0,9,0,Sp2,0,12,0,0,3,0,SIM,PAL,Safe,9,5,2,3,12
921,0,7,0,0,0,0,Sp1,0,3,0,0,0,3,PAL,SUL,Safe,7,2,6,3,3
921,0,0,0,0,0,17,Sp2,0,3,0,0,0,3,SUL,PAL,Safe,17,6,2,3,3
922,0,29,0,0,0,0,Sp1,0,3,0,0,0,3,PAL,SUL,Safe,29,2,6,3,3
922,0,0,0,0,0,6,Sp2,0,3,0,0,0,3,SUL,PAL,Safe,6,6,2,3,3
923,0,5,0,0,0,0,Sp1,0,3,0,0,0,3,PAL,SUL,Safe,5,2,6,3,3
923,0,0,0,0,0,31,Sp2,0,3,0,0,0,3,SUL,PAL,Safe,31,6,2,3,3
933,0,22,0,0,0,0,Sp1,0,3,0,0,0,6,PAL,SUL,Safe,22,2,6,3,6
933,0,0,0,0,0,12,Sp2,0,3,0,0,0,6,SUL,PAL,Safe,12,6,2,6,3
934,0,15,0,0,0,0,Sp1,0,3,0,0,0,6,PAL,SUL,Safe,15,2,6,3,6
934,0,0,0,0,0,18,Sp2,0,3,0,0,0,6,SUL,PAL,Safe,18,6,2,6,3
935,0,11,0,0,0,0,Sp1,0,3,0,0,0,6,PAL,SUL,Safe,11,2,6,3,6
935,0,0,0,0,0,27,Sp2,0,3,0,0,0,6,SUL,PAL,Safe,27,6,2,6,3
945,0,28,0,0,0,0,Sp1,0,3,0,0,0,9,PAL,SUL,Safe,28,2,6,3,9
945,0,0,0,0,0,9,Sp2,0,3,0,0,0,9,SUL,PAL,Safe,9,6,2,9,3
946,0,19,0,0,0,0,Sp1,0,3,0,0,0,9,PAL,SUL,Safe,19,2,6,3,9
946,0,0,0,0,0,18,Sp2,0,3,0,0,0,9,SUL,PAL,Safe,18,6,2,9,3
947,0,0,0,0,0,0,Sp1,0,3,0,0,0,9,PAL,SUL,Safe,0,2,6,3,9
947,0,0,0,0,0,44,Sp2,0,3,0,0,0,9,SUL,PAL,Safe,44,6,2,9,3
957,0,13,0,0,0,0,Sp1,0,3,0,0,0,12,PAL,SUL,Safe,13,2,6,3,12
957,0,0,0,0,0,26,Sp2,0,3,0,0,0,12,SUL,PAL,Safe,26,6,2,12,3
958,0,10,0,0,0,0,Sp1,0,3,0,0,0,12,PAL,SUL,Safe,10,2,6,3,12
958,0,0,0,0,0,31,Sp2,0,3,0,0,0,12,SUL,PAL,Safe,31,6,2,12,3
959,0,0,0,0,0,0,Sp1,0,3,0,0,0,12,PAL,SUL,Safe,0,2,6,3,12
959,0,0,0,0,0,37,Sp2,0,3,0,0,0,12,SUL,PAL,Safe,37,6,2,12,3
969,0,18,0,0,0,0,Sp1,0,6,0,0,0,3,PAL,SUL,Safe,18,2,6,6,3
969,0,0,0,0,0,13,Sp2,0,6,0,0,0,3,SUL,PAL,Safe,13,6,2,3,6
970,0,22,0,0,0,0,Sp1,0,6,0,0,0,3,PAL,SUL,Safe,22,2,6,6,3
970,0,0,0,0,0,5,Sp2,0,6,0,0,0,3,SUL,PAL,Safe,5,6,2,3,6
971,0,22,0,0,0,0,Sp1,0,6,0,0,0,3,PAL,SUL,Safe,22,2,6,6,3
971,0,0,0,0,0,16,Sp2,0,6,0,0,0,3,SUL,PAL,Safe,16,6,2,3,6
981,0,18,0,0,0,0,Sp1,0,9,0,0,0,3,PAL,SUL,Safe,18,2,6,9,3
981,0,0,0,0,0,6,Sp2,0,9,0,0,0,3,SUL,PAL,Safe,6,6,2,3,9
982,0,19,0,0,0,0,Sp1,0,9,0,0,0,3,PAL,SUL,Safe,19,2,6,9,3
982,0,0,0,0,0,13,Sp2,0,9,0,0,0,3,SUL,PAL,Safe,13,6,2,3,9
983,0,29,0,0,0,0,Sp1,0,9,0,0,0,3,PAL,SUL,Safe,29,2,6,9,3
983,0,0,0,0,0,7,Sp2,0,9,0,0,0,3,SUL,PAL,Safe,7,6,2,3,9
993,0,20,0,0,0,0,Sp1,0,12,0,0,0,3,PAL,SUL,Safe,20,2,6,12,3
993,0,0,0,0,0,14,Sp2,0,12,0,0,0,3,SUL,PAL,Safe,14,6,2,3,12
994,0,27,0,0,0,0,Sp1,0,12,0,0,0,3,PAL,SUL,Safe,27,2,6,12,3
994,0,0,0,0,0,3,Sp2,0,12,0,0,0,3,SUL,PAL,Safe,3,6,2,3,12
995,0,40,0,0,0,0,Sp1,0,12,0,0,0,3,PAL,SUL,Safe,40,2,6,12,3
995,0,0,0,0,0,9,Sp2,0,12,0,0,0,3,SUL,PAL,Safe,9,6,2,3,12
1246,0,0,0,0,0,0,Sp1,0,0,3,3,0,0,PSA,PAN,Safe,0,4,3,3,3
1246,0,0,9,0,0,0,Sp2,0,0,3,3,0,0,PAN,PSA,Safe,9,3,4,3,3
1247,0,0,0,18,0,0,Sp1,0,0,3,3,0,0,PSA,PAN,Safe,18,4,3,3,3
1247,0,0,14,0,0,0,Sp2,0,0,3,3,0,0,PAN,PSA,Safe,14,3,4,3,3
1258,0,0,0,2,0,0,Sp1,0,0,6,3,0,0,PSA,PAN,Safe,2,4,3,3,6
1258,0,0,33,0,0,0,Sp2,0,0,6,3,0,0,PAN,PSA,Safe,33,3,4,6,3
1259,0,0,0,18,0,0,Sp1,0,0,6,3,0,0,PSA,PAN,Safe,18,4,3,3,6
1259,0,0,12,0,0,0,Sp2,0,0,6,3,0,0,PAN,PSA,Safe,12,3,4,6,3
1270,0,0,0,12,0,0,Sp1,0,0,9,3,0,0,PSA,PAN,Safe,12,4,3,3,9
1270,0,0,22,0,0,0,Sp2,0,0,9,3,0,0,PAN,PSA,Safe,22,3,4,9,3
1271,0,0,0,10,0,0,Sp1,0,0,9,3,0,0,PSA,PAN,Safe,10,4,3,3,9
1271,0,0,34,0,0,0,Sp2,0,0,9,3,0,0,PAN,PSA,Safe,34,3,4,9,3
1282,0,0,0,4,0,0,Sp1,0,0,12,3,0,0,PSA,PAN,Safe,4,4,3,3,12
1282,0,0,52,0,0,0,Sp2,0,0,12,3,0,0,PAN,PSA,Safe,52,3,4,12,3
1283,0,0,0,19,0,0,Sp1,0,0,12,3,0,0,PSA,PAN,Safe,19,4,3,3,12
1283,0,0,49,0,0,0,Sp2,0,0,12,3,0,0,PAN,PSA,Safe,49,3,4,12,3
1294,0,0,0,10,0,0,Sp1,0,0,3,6,0,0,PSA,PAN,Safe,10,4,3,6,3
1294,0,0,10,0,0,0,Sp2,0,0,3,6,0,0,PAN,PSA,Safe,10,3,4,3,6
1295,0,0,0,16,0,0,Sp1,0,0,3,6,0,0,PSA,PAN,Safe,16,4,3,6,3
1295,0,0,7,0,0,0,Sp2,0,0,3,6,0,0,PAN,PSA,Safe,7,3,4,3,6
1306,0,0,0,23,0,0,Sp1,0,0,3,9,0,0,PSA,PAN,Safe,23,4,3,9,3
1306,0,0,4,0,0,0,Sp2,0,0,3,9,0,0,PAN,PSA,Safe,4,3,4,3,9
1307,0,0,0,18,0,0,Sp1,0,0,3,9,0,0,PSA,PAN,Safe,18,4,3,9,3
1307,0,0,15,0,0,0,Sp2,0,0,3,9,0,0,PAN,PSA,Safe,15,3,4,3,9
1318,0,0,0,15,0,0,Sp1,0,0,3,12,0,0,PSA,PAN,Safe,15,4,3,12,3
1318,0,0,7,0,0,0,Sp2,0,0,3,12,0,0,PAN,PSA,Safe,7,3,4,3,12
1319,0,0,0,41,0,0,Sp1,0,0,3,12,0,0,PSA,PAN,Safe,41,4,3,12,3
1319,0,0,5,0,0,0,Sp2,0,0,3,12,0,0,PAN,PSA,Safe,5,3,4,3,12
1450,0,0,0,0,14.5,0,Sp1,0,0,3,0,3,0,SIM,PAN,Safe,14.5,5,3,3,3
1450,0,0,20.5,0,0,0,Sp2,0,0,3,0,3,0,PAN,SIM,Safe,20.5,3,5,3,3
1451,0,0,0,0,20.5,0,Sp1,0,0,3,0,3,0,SIM,PAN,Safe,20.5,5,3,3,3
1451,0,0,13.5,0,0,0,Sp2,0,0,3,0,3,0,PAN,SIM,Safe,13.5,3,5,3,3
1462,0,0,0,0,15.5,0,Sp1,0,0,6,0,3,0,SIM,PAN,Safe,15.5,5,3,3,6
1462,0,0,21.5,0,0,0,Sp2,0,0,6,0,3,0,PAN,SIM,Safe,21.5,3,5,6,3
1463,0,0,0,0,19.5,0,Sp1,0,0,6,0,3,0,SIM,PAN,Safe,19.5,5,3,3,6
1463,0,0,18.5,0,0,0,Sp2,0,0,6,0,3,0,PAN,SIM,Safe,18.5,3,5,6,3
1474,0,0,0,0,11.5,0,Sp1,0,0,9,0,3,0,SIM,PAN,Safe,11.5,5,3,3,9
1474,0,0,40,0,0,0,Sp2,0,0,9,0,3,0,PAN,SIM,Safe,40,3,5,9,3
1475,0,0,0,0,18.5,0,Sp1,0,0,9,0,3,0,SIM,PAN,Safe,18.5,5,3,3,9
1475,0,0,30.5,0,0,0,Sp2,0,0,9,0,3,0,PAN,SIM,Safe,30.5,3,5,9,3
1486,0,0,0,0,22.5,0,Sp1,0,0,12,0,3,0,SIM,PAN,Safe,22.5,5,3,3,12
1486,0,0,37.5,0,0,0,Sp2,0,0,12,0,3,0,PAN,SIM,Safe,37.5,3,5,12,3
1487,0,0,0,0,18,0,Sp1,0,0,12,0,3,0,SIM,PAN,Safe,18,5,3,3,12
1487,0,0,20.5,0,0,0,Sp2,0,0,12,0,3,0,PAN,SIM,Safe,20.5,3,5,12,3
1498,0,0,0,0,18.5,0,Sp1,0,0,3,0,6,0,SIM,PAN,Safe,18.5,5,3,6,3
1498,0,0,14.5,0,0,0,Sp2,0,0,3,0,6,0,PAN,SIM,Safe,14.5,3,5,3,6
1499,0,0,0,0,44,0,Sp1,0,0,3,0,6,0,SIM,PAN,Safe,44,5,3,6,3
1499,0,0,3.5,0,0,0,Sp2,0,0,3,0,6,0,PAN,SIM,Safe,3.5,3,5,3,6
1510,0,0,0,0,32.5,0,Sp1,0,0,3,0,9,0,SIM,PAN,Safe,32.5,5,3,9,3
1510,0,0,14.5,0,0,0,Sp2,0,0,3,0,9,0,PAN,SIM,Safe,14.5,3,5,3,9
1511,0,0,0,0,61.5,0,Sp1,0,0,3,0,9,0,SIM,PAN,Safe,61.5,5,3,9,3
1511,0,0,15.5,0,0,0,Sp2,0,0,3,0,9,0,PAN,SIM,Safe,15.5,3,5,3,9
1522,0,0,0,0,33,0,Sp1,0,0,3,0,12,0,SIM,PAN,Safe,33,5,3,12,3
1522,0,0,6.5,0,0,0,Sp2,0,0,3,0,12,0,PAN,SIM,Safe,6.5,3,5,3,12
1523,0,0,0,0,61,0,Sp1,0,0,3,0,12,0,SIM,PAN,Safe,61,5,3,12,3
1523,0,0,22.5,0,0,0,Sp2,0,0,3,0,12,0,PAN,SIM,Safe,22.5,3,5,3,12
1533,0,0,0,0,13.5,0,Sp1,0,0,0,3,3,0,SIM,PSA,Safe,13.5,5,4,3,3
1533,0,0,0,0.5,0,0,Sp2,0,0,0,3,3,0,PSA,SIM,Safe,0.5,4,5,3,3
1534,0,0,0,0,17.5,0,Sp1,0,0,0,3,3,0,SIM,PSA,Safe,17.5,5,4,3,3
1534,0,0,0,6,0,0,Sp2,0,0,0,3,3,0,PSA,SIM,Safe,6,4,5,3,3
1535,0,0,0,0,23,0,Sp1,0,0,0,3,3,0,SIM,PSA,Safe,23,5,4,3,3
1535,0,0,0,15.5,0,0,Sp2,0,0,0,3,3,0,PSA,SIM,Safe,15.5,4,5,3,3
1545,0,0,0,0,14,0,Sp1,0,0,0,6,3,0,SIM,PSA,Safe,14,5,4,3,6
1545,0,0,0,9,0,0,Sp2,0,0,0,6,3,0,PSA,SIM,Safe,9,4,5,6,3
1546,0,0,0,0,18,0,Sp1,0,0,0,6,3,0,SIM,PSA,Safe,18,5,4,3,6
1546,0,0,0,11.5,0,0,Sp2,0,0,0,6,3,0,PSA,SIM,Safe,11.5,4,5,6,3
1547,0,0,0,0,19,0,Sp1,0,0,0,6,3,0,SIM,PSA,Safe,19,5,4,3,6
1547,0,0,0,22.5,0,0,Sp2,0,0,0,6,3,0,PSA,SIM,Safe,22.5,4,5,6,3
1557,0,0,0,0,11,0,Sp1,0,0,0,9,3,0,SIM,PSA,Safe,11,5,4,3,9
1557,0,0,0,4.5,0,0,Sp2,0,0,0,9,3,0,PSA,SIM,Safe,4.5,4,5,9,3
1558,0,0,0,0,12,0,Sp1,0,0,0,9,3,0,SIM,PSA,Safe,12,5,4,3,9
1558,0,0,0,19.5,0,0,Sp2,0,0,0,9,3,0,PSA,SIM,Safe,19.5,4,5,9,3
1559,0,0,0,0,14.5,0,Sp1,0,0,0,9,3,0,SIM,PSA,Safe,14.5,5,4,3,9
1559,0,0,0,21,0,0,Sp2,0,0,0,9,3,0,PSA,SIM,Safe,21,4,5,9,3
1569,0,0,0,0,12.5,0,Sp1,0,0,0,12,3,0,SIM,PSA,Safe,12.5,5,4,3,12
1569,0,0,0,14.5,0,0,Sp2,0,0,0,12,3,0,PSA,SIM,Safe,14.5,4,5,12,3
1570,0,0,0,0,17,0,Sp1,0,0,0,12,3,0,SIM,PSA,Safe,17,5,4,3,12
1570,0,0,0,14.5,0,0,Sp2,0,0,0,12,3,0,PSA,SIM,Safe,14.5,4,5,12,3
1571,0,0,0,0,12.5,0,Sp1,0,0,0,12,3,0,SIM,PSA,Safe,12.5,5,4,3,12
1571,0,0,0,45,0,0,Sp2,0,0,0,12,3,0,PSA,SIM,Safe,45,4,5,12,3
1581,0,0,0,0,27.5,0,Sp1,0,0,0,3,6,0,SIM,PSA,Safe,27.5,5,4,6,3
1581,0,0,0,6,0,0,Sp2,0,0,0,3,6,0,PSA,SIM,Safe,6,4,5,3,6
1582,0,0,0,0,19,0,Sp1,0,0,0,3,6,0,SIM,PSA,Safe,19,5,4,6,3
1582,0,0,0,21,0,0,Sp2,0,0,0,3,6,0,PSA,SIM,Safe,21,4,5,3,6
1583,0,0,0,0,20,0,Sp1,0,0,0,3,6,0,SIM,PSA,Safe,20,5,4,6,3
1583,0,0,0,4.5,0,0,Sp2,0,0,0,3,6,0,PSA,SIM,Safe,4.5,4,5,3,6
1593,0,0,0,0,30,0,Sp1,0,0,0,3,9,0,SIM,PSA,Safe,30,5,4,9,3
1593,0,0,0,1,0,0,Sp2,0,0,0,3,9,0,PSA,SIM,Safe,1,4,5,3,9
1594,0,0,0,0,38.5,0,Sp1,0,0,0,3,9,0,SIM,PSA,Safe,38.5,5,4,9,3
1594,0,0,0,5,0,0,Sp2,0,0,0,3,9,0,PSA,SIM,Safe,5,4,5,3,9
1595,0,0,0,0,49,0,Sp1,0,0,0,3,9,0,SIM,PSA,Safe,49,5,4,9,3
1595,0,0,0,13,0,0,Sp2,0,0,0,3,9,0,PSA,SIM,Safe,13,4,5,3,9
1605,0,0,0,0,43.5,0,Sp1,0,0,0,3,12,0,SIM,PSA,Safe,43.5,5,4,12,3
1605,0,0,0,4.5,0,0,Sp2,0,0,0,3,12,0,PSA,SIM,Safe,4.5,4,5,3,12
1606,0,0,0,0,37,0,Sp1,0,0,0,3,12,0,SIM,PSA,Safe,37,5,4,12,3
1606,0,0,0,1.5,0,0,Sp2,0,0,0,3,12,0,PSA,SIM,Safe,1.5,4,5,3,12
1607,0,0,0,0,50,0,Sp1,0,0,0,3,12,0,SIM,PSA,Safe,50,5,4,12,3
1607,0,0,0,1,0,0,Sp2,0,0,0,3,12,0,PSA,SIM,Safe,1,4,5,3,12
1617,0,0,0,0,17,0,Sp1,0,0,0,0,3,3,SIM,SUL,Safe,17,5,6,3,3
1617,0,0,0,0,0,20,Sp2,0,0,0,0,3,3,SUL,SIM,Safe,20,6,5,3,3
1618,0,0,0,0,20,0,Sp1,0,0,0,0,3,3,SIM,SUL,Safe,20,5,6,3,3
1618,0,0,0,0,0,7.5,Sp2,0,0,0,0,3,3,SUL,SIM,Safe,7.5,6,5,3,3
1619,0,0,0,0,16,0,Sp1,0,0,0,0,3,3,SIM,SUL,Safe,16,5,6,3,3
1619,0,0,0,0,0,2.5,Sp2,0,0,0,0,3,3,SUL,SIM,Safe,2.5,6,5,3,3
1629,0,0,0,0,14,0,Sp1,0,0,0,0,3,6,SIM,SUL,Safe,14,5,6,3,6
1629,0,0,0,0,0,28,Sp2,0,0,0,0,3,6,SUL,SIM,Safe,28,6,5,6,3
1630,0,0,0,0,16.5,0,Sp1,0,0,0,0,3,6,SIM,SUL,Safe,16.5,5,6,3,6
1630,0,0,0,0,0,17,Sp2,0,0,0,0,3,6,SUL,SIM,Safe,17,6,5,6,3
1631,0,0,0,0,22,0,Sp1,0,0,0,0,3,6,SIM,SUL,Safe,22,5,6,3,6
1631,0,0,0,0,0,24.5,Sp2,0,0,0,0,3,6,SUL,SIM,Safe,24.5,6,5,6,3
1641,0,0,0,0,7,0,Sp1,0,0,0,0,3,9,SIM,SUL,Safe,7,5,6,3,9
1641,0,0,0,0,0,36.5,Sp2,0,0,0,0,3,9,SUL,SIM,Safe,36.5,6,5,9,3
1642,0,0,0,0,13,0,Sp1,0,0,0,0,3,9,SIM,SUL,Safe,13,5,6,3,9
1642,0,0,0,0,0,37,Sp2,0,0,0,0,3,9,SUL,SIM,Safe,37,6,5,9,3
1643,0,0,0,0,12.5,0,Sp1,0,0,0,0,3,9,SIM,SUL,Safe,12.5,5,6,3,9
1643,0,0,0,0,0,22,Sp2,0,0,0,0,3,9,SUL,SIM,Safe,22,6,5,9,3
1653,0,0,0,0,8,0,Sp1,0,0,0,0,3,12,SIM,SUL,Safe,8,5,6,3,12
1653,0,0,0,0,0,29,Sp2,0,0,0,0,3,12,SUL,SIM,Safe,29,6,5,12,3
1654,0,0,0,0,14.5,0,Sp1,0,0,0,0,3,12,SIM,SUL,Safe,14.5,5,6,3,12
1654,0,0,0,0,0,25.5,Sp2,0,0,0,0,3,12,SUL,SIM,Safe,25.5,6,5,12,3
1655,0,0,0,0,11,0,Sp1,0,0,0,0,3,12,SIM,SUL,Safe,11,5,6,3,12
1655,0,0,0,0,0,43,Sp2,0,0,0,0,3,12,SUL,SIM,Safe,43,6,5,12,3
1665,0,0,0,0,33.5,0,Sp1,0,0,0,0,6,3,SIM,SUL,Safe,33.5,5,6,6,3
1665,0,0,0,0,0,27.5,Sp2,0,0,0,0,6,3,SUL,SIM,Safe,27.5,6,5,3,6
1666,0,0,0,0,34.5,0,Sp1,0,0,0,0,6,3,SIM,SUL,Safe,34.5,5,6,6,3
1666,0,0,0,0,0,2,Sp2,0,0,0,0,6,3,SUL,SIM,Safe,2,6,5,3,6
1667,0,0,0,0,21.5,0,Sp1,0,0,0,0,6,3,SIM,SUL,Safe,21.5,5,6,6,3
1667,0,0,0,0,0,21.5,Sp2,0,0,0,0,6,3,SUL,SIM,Safe,21.5,6,5,3,6
1677,0,0,0,0,32.5,0,Sp1,0,0,0,0,9,3,SIM,SUL,Safe,32.5,5,6,9,3
1677,0,0,0,0,0,30.5,Sp2,0,0,0,0,9,3,SUL,SIM,Safe,30.5,6,5,3,9
1678,0,0,0,0,45,0,Sp1,0,0,0,0,9,3,SIM,SUL,Safe,45,5,6,9,3
1678,0,0,0,0,0,1,Sp2,0,0,0,0,9,3,SUL,SIM,Safe,1,6,5,3,9
1679,0,0,0,0,33.5,0,Sp1,0,0,0,0,9,3,SIM,SUL,Safe,33.5,5,6,9,3
1679,0,0,0,0,0,14,Sp2,0,0,0,0,9,3,SUL,SIM,Safe,14,6,5,3,9
1689,0,0,0,0,36.5,0,Sp1,0,0,0,0,12,3,SIM,SUL,Safe,36.5,5,6,12,3
1689,0,0,0,0,0,16,Sp2,0,0,0,0,12,3,SUL,SIM,Safe,16,6,5,3,12
1690,0,0,0,0,36.5,0,Sp1,0,0,0,0,12,3,SIM,SUL,Safe,36.5,5,6,12,3
1690,0,0,0,0,0,16.5,Sp2,0,0,0,0,12,3,SUL,SIM,Safe,16.5,6,5,3,12
1691,0,0,0,0,50.5,0,Sp1,0,0,0,0,12,3,SIM,SUL,Safe,50.5,5,6,12,3
1691,0,0,0,0,0,4,Sp2,0,0,0,0,12,3,SUL,SIM,Safe,4,6,5,3,12
1821,0,0,0,0,0,19.5,Sp1,0,0,3,0,0,3,SUL,PAN,Safe,19.5,6,3,3,3
1821,0,0,20.5,0,0,0,Sp2,0,0,3,0,0,3,PAN,SUL,Safe,20.5,3,6,3,3
1822,0,0,0,0,0,10.5,Sp1,0,0,3,0,0,3,SUL,PAN,Safe,10.5,6,3,3,3
1822,0,0,7.5,0,0,0,Sp2,0,0,3,0,0,3,PAN,SUL,Safe,7.5,3,6,3,3
1823,0,0,0,0,0,5.5,Sp1,0,0,3,0,0,3,SUL,PAN,Safe,5.5,6,3,3,3
1823,0,0,18.5,0,0,0,Sp2,0,0,3,0,0,3,PAN,SUL,Safe,18.5,3,6,3,3
1833,0,0,0,0,0,15.5,Sp1,0,0,6,0,0,3,SUL,PAN,Safe,15.5,6,3,3,6
1833,0,0,22.5,0,0,0,Sp2,0,0,6,0,0,3,PAN,SUL,Safe,22.5,3,6,6,3
1834,0,0,0,0,0,1,Sp1,0,0,6,0,0,3,SUL,PAN,Safe,1,6,3,3,6
1834,0,0,14.5,0,0,0,Sp2,0,0,6,0,0,3,PAN,SUL,Safe,14.5,3,6,6,3
1835,0,0,0,0,0,8,Sp1,0,0,6,0,0,3,SUL,PAN,Safe,8,6,3,3,6
1835,0,0,27.5,0,0,0,Sp2,0,0,6,0,0,3,PAN,SUL,Safe,27.5,3,6,6,3
1845,0,0,0,0,0,11,Sp1,0,0,9,0,0,3,SUL,PAN,Safe,11,6,3,3,9
1845,0,0,37.5,0,0,0,Sp2,0,0,9,0,0,3,PAN,SUL,Safe,37.5,3,6,9,3
1846,0,0,0,0,0,14,Sp1,0,0,9,0,0,3,SUL,PAN,Safe,14,6,3,3,9
1846,0,0,21,0,0,0,Sp2,0,0,9,0,0,3,PAN,SUL,Safe,21,3,6,9,3
1847,0,0,0,0,0,12,Sp1,0,0,9,0,0,3,SUL,PAN,Safe,12,6,3,3,9
1847,0,0,32.5,0,0,0,Sp2,0,0,9,0,0,3,PAN,SUL,Safe,32.5,3,6,9,3
1857,0,0,0,0,0,18,Sp1,0,0,12,0,0,3,SUL,PAN,Safe,18,6,3,3,12
1857,0,0,47,0,0,0,Sp2,0,0,12,0,0,3,PAN,SUL,Safe,47,3,6,12,3
1858,0,0,0,0,0,7.5,Sp1,0,0,12,0,0,3,SUL,PAN,Safe,7.5,6,3,3,12
1858,0,0,36,0,0,0,Sp2,0,0,12,0,0,3,PAN,SUL,Safe,36,3,6,12,3
1859,0,0,0,0,0,16,Sp1,0,0,12,0,0,3,SUL,PAN,Safe,16,6,3,3,12
1859,0,0,45.5,0,0,0,Sp2,0,0,12,0,0,3,PAN,SUL,Safe,45.5,3,6,12,3
1869,0,0,0,0,0,16.5,Sp1,0,0,3,0,0,6,SUL,PAN,Safe,16.5,6,3,6,3
1869,0,0,20,0,0,0,Sp2,0,0,3,0,0,6,PAN,SUL,Safe,20,3,6,3,6
1870,0,0,0,0,0,18.5,Sp1,0,0,3,0,0,6,SUL,PAN,Safe,18.5,6,3,6,3
1870,0,0,18.5,0,0,0,Sp2,0,0,3,0,0,6,PAN,SUL,Safe,18.5,3,6,3,6
1871,0,0,0,0,0,32.5,Sp1,0,0,3,0,0,6,SUL,PAN,Safe,32.5,6,3,6,3
1871,0,0,7,0,0,0,Sp2,0,0,3,0,0,6,PAN,SUL,Safe,7,3,6,3,6
1881,0,0,0,0,0,12.5,Sp1,0,0,3,0,0,9,SUL,PAN,Safe,12.5,6,3,9,3
1881,0,0,15,0,0,0,Sp2,0,0,3,0,0,9,PAN,SUL,Safe,15,3,6,3,9
1882,0,0,0,0,0,16.5,Sp1,0,0,3,0,0,9,SUL,PAN,Safe,16.5,6,3,9,3
1882,0,0,9,0,0,0,Sp2,0,0,3,0,0,9,PAN,SUL,Safe,9,3,6,3,9
1883,0,0,0,0,0,28.5,Sp1,0,0,3,0,0,9,SUL,PAN,Safe,28.5,6,3,9,3
1883,0,0,12,0,0,0,Sp2,0,0,3,0,0,9,PAN,SUL,Safe,12,3,6,3,9
1893,0,0,0,0,0,36.5,Sp1,0,0,3,0,0,12,SUL,PAN,Safe,36.5,6,3,12,3
1893,0,0,5.5,0,0,0,Sp2,0,0,3,0,0,12,PAN,SUL,Safe,5.5,3,6,3,12
1894,0,0,0,0,0,33,Sp1,0,0,3,0,0,12,SUL,PAN,Safe,33,6,3,12,3
1894,0,0,2,0,0,0,Sp2,0,0,3,0,0,12,PAN,SUL,Safe,2,3,6,3,12
1895,0,0,0,0,0,44.5,Sp1,0,0,3,0,0,12,SUL,PAN,Safe,44.5,6,3,12,3
1895,0,0,8,0,0,0,Sp2,0,0,3,0,0,12,PAN,SUL,Safe,8,3,6,3,12
1905,0,0,0,0,0,19,Sp1,0,0,0,3,0,3,SUL,PSA,Safe,19,6,4,3,3
1905,0,0,0,3.5,0,0,Sp2,0,0,0,3,0,3,PSA,SUL,Safe,3.5,4,6,3,3
1906,0,0,0,0,0,13.5,Sp1,0,0,0,3,0,3,SUL,PSA,Safe,13.5,6,4,3,3
1906,0,0,0,5.5,0,0,Sp2,0,0,0,3,0,3,PSA,SUL,Safe,5.5,4,6,3,3
1907,0,0,0,0,0,17.5,Sp1,0,0,0,3,0,3,SUL,PSA,Safe,17.5,6,4,3,3
1907,0,0,0,11,0,0,Sp2,0,0,0,3,0,3,PSA,SUL,Safe,11,4,6,3,3
1908,0,0,0,0,0,24,Sp1,0,0,0,3,0,3,SUL,PSA,Safe,24,6,4,3,3
1908,0,0,0,6,0,0,Sp2,0,0,0,3,0,3,PSA,SUL,Safe,6,4,6,3,3
1917,0,0,0,0,0,18,Sp1,0,0,0,6,0,3,SUL,PSA,Safe,18,6,4,3,6
1917,0,0,0,17.5,0,0,Sp2,0,0,0,6,0,3,PSA,SUL,Safe,17.5,4,6,6,3
1918,0,0,0,0,0,22,Sp1,0,0,0,6,0,3,SUL,PSA,Safe,22,6,4,3,6
1918,0,0,0,5.5,0,0,Sp2,0,0,0,6,0,3,PSA,SUL,Safe,5.5,4,6,6,3
1919,0,0,0,0,0,2,Sp1,0,0,0,6,0,3,SUL,PSA,Safe,2,6,4,3,6
1919,0,0,0,19,0,0,Sp2,0,0,0,6,0,3,PSA,SUL,Safe,19,4,6,6,3
1920,0,0,0,0,0,32,Sp1,0,0,0,6,0,3,SUL,PSA,Safe,32,6,4,3,6
1920,0,0,0,6,0,0,Sp2,0,0,0,6,0,3,PSA,SUL,Safe,6,4,6,6,3
1929,0,0,0,0,0,25,Sp1,0,0,0,9,0,3,SUL,PSA,Safe,25,6,4,3,9
1929,0,0,0,20.5,0,0,Sp2,0,0,0,9,0,3,PSA,SUL,Safe,20.5,4,6,9,3
1930,0,0,0,0,0,10.5,Sp1,0,0,0,9,0,3,SUL,PSA,Safe,10.5,6,4,3,9
1930,0,0,0,14,0,0,Sp2,0,0,0,9,0,3,PSA,SUL,Safe,14,4,6,9,3
1931,0,0,0,0,0,26,Sp1,0,0,0,9,0,3,SUL,PSA,Safe,26,6,4,3,9
1931,0,0,0,16.5,0,0,Sp2,0,0,0,9,0,3,PSA,SUL,Safe,16.5,4,6,9,3
1932,0,0,0,0,0,13.5,Sp1,0,0,0,9,0,3,SUL,PSA,Safe,13.5,6,4,3,9
1932,0,0,0,20.5,0,0,Sp2,0,0,0,9,0,3,PSA,SUL,Safe,20.5,4,6,9,3
1941,0,0,0,0,0,17,Sp1,0,0,0,12,0,3,SUL,PSA,Safe,17,6,4,3,12
1941,0,0,0,25,0,0,Sp2,0,0,0,12,0,3,PSA,SUL,Safe,25,4,6,12,3
1942,0,0,0,0,0,4.5,Sp1,0,0,0,12,0,3,SUL,PSA,Safe,4.5,6,4,3,12
1942,0,0,0,7.5,0,0,Sp2,0,0,0,12,0,3,PSA,SUL,Safe,7.5,4,6,12,3
1943,0,0,0,0,0,8,Sp1,0,0,0,12,0,3,SUL,PSA,Safe,8,6,4,3,12
1943,0,0,0,33,0,0,Sp2,0,0,0,12,0,3,PSA,SUL,Safe,33,4,6,12,3
1944,0,0,0,0,0,26,Sp1,0,0,0,12,0,3,SUL,PSA,Safe,26,6,4,3,12
1944,0,0,0,23.5,0,0,Sp2,0,0,0,12,0,3,PSA,SUL,Safe,23.5,4,6,12,3
1953,0,0,0,0,0,30.5,Sp1,0,0,0,3,0,6,SUL,PSA,Safe,30.5,6,4,6,3
1953,0,0,0,1.5,0,0,Sp2,0,0,0,3,0,6,PSA,SUL,Safe,1.5,4,6,3,6
1954,0,0,0,0,0,34,Sp1,0,0,0,3,0,6,SUL,PSA,Safe,34,6,4,6,3
1954,0,0,0,2.5,0,0,Sp2,0,0,0,3,0,6,PSA,SUL,Safe,2.5,4,6,3,6
1955,0,0,0,0,0,18,Sp1,0,0,0,3,0,6,SUL,PSA,Safe,18,6,4,6,3
1955,0,0,0,1.5,0,0,Sp2,0,0,0,3,0,6,PSA,SUL,Safe,1.5,4,6,3,6
1956,0,0,0,0,0,32.5,Sp1,0,0,0,3,0,6,SUL,PSA,Safe,32.5,6,4,6,3
1956,0,0,0,3.5,0,0,Sp2,0,0,0,3,0,6,PSA,SUL,Safe,3.5,4,6,3,6
1965,0,0,0,0,0,46.5,Sp1,0,0,0,3,0,9,SUL,PSA,Safe,46.5,6,4,9,3
1965,0,0,0,2,0,0,Sp2,0,0,0,3,0,9,PSA,SUL,Safe,2,4,6,3,9
1966,0,0,0,0,0,36.5,Sp1,0,0,0,3,0,9,SUL,PSA,Safe,36.5,6,4,9,3
1966,0,0,0,1.5,0,0,Sp2,0,0,0,3,0,9,PSA,SUL,Safe,1.5,4,6,3,9
1967,0,0,0,0,0,50,Sp1,0,0,0,3,0,9,SUL,PSA,Safe,50,6,4,9,3
1967,0,0,0,4.5,0,0,Sp2,0,0,0,3,0,9,PSA,SUL,Safe,4.5,4,6,3,9
1968,0,0,0,0,0,42.5,Sp1,0,0,0,3,0,9,SUL,PSA,Safe,42.5,6,4,9,3
1968,0,0,0,1,0,0,Sp2,0,0,0,3,0,9,PSA,SUL,Safe,1,4,6,3,9
1977,0,0,0,0,0,17,Sp1,0,0,0,3,0,12,SUL,PSA,Safe,17,6,4,12,3
1977,0,0,0,0,0,0,Sp2,0,0,0,3,0,12,PSA,SUL,Safe,0,4,6,3,12
1978,0,0,0,0,0,45.5,Sp1,0,0,0,3,0,12,SUL,PSA,Safe,45.5,6,4,12,3
1978,0,0,0,0.5,0,0,Sp2,0,0,0,3,0,12,PSA,SUL,Safe,0.5,4,6,3,12
1979,0,0,0,0,0,26.5,Sp1,0,0,0,3,0,12,SUL,PSA,Safe,26.5,6,4,12,3
1979,0,0,0,7.5,0,0,Sp2,0,0,0,3,0,12,PSA,SUL,Safe,7.5,4,6,3,12
1980,0,0,0,0,0,32.5,Sp1,0,0,0,3,0,12,SUL,PSA,Safe,32.5,6,4,12,3
1980,0,0,0,4,0,0,Sp2,0,0,0,3,0,12,PSA,SUL,Safe,4,4,6,3,12
94,13,NA,NA,NA,NA,NA,Intra,9,0,0,0,0,0,BIR,NA,Safe,13,1,7,9,NA
118,24,NA,NA,NA,NA,NA,Intra,15,0,0,0,0,0,BIR,NA,Safe,24,1,7,15,NA
115,24.5,NA,NA,NA,NA,NA,Intra,15,0,0,0,0,0,BIR,NA,Safe,24.5,1,7,15,NA
67,8,NA,NA,NA,NA,NA,Intra,3,0,0,0,0,0,BIR,NA,Safe,8,1,7,3,NA
547,NA,26,NA,NA,NA,NA,Intra,0,9,0,0,0,0,PAL,NA,Safe,26,2,7,9,NA
526,NA,14.5,NA,NA,NA,NA,Intra,0,3,0,0,0,0,PAL,NA,Safe,14.5,2,7,3,NA
523,NA,13,NA,NA,NA,NA,Intra,0,3,0,0,0,0,PAL,NA,Safe,13,2,7,3,NA
571,NA,41,NA,NA,NA,NA,Intra,0,15,0,0,0,0,PAL,NA,Safe,41,2,7,15,NA
1234,NA,NA,NA,30,NA,NA,Intra,0,0,0,15,0,0,PSA,NA,Safe,30,4,7,15,NA
1186,NA,NA,NA,3.5,NA,NA,Intra,0,0,0,3,0,0,PSA,NA,Safe,3.5,4,7,3,NA
1207,NA,NA,NA,29,NA,NA,Intra,0,0,0,9,0,0,PSA,NA,Safe,29,4,7,9,NA
1438,NA,NA,NA,NA,55,NA,Intra,0,0,0,0,15,0,SIM,NA,Safe,55,5,7,15,NA
1411,NA,NA,NA,NA,42.5,NA,Intra,0,0,0,0,9,0,SIM,NA,Safe,42.5,5,7,9,NA
1414,NA,NA,NA,NA,42.5,NA,Intra,0,0,0,0,9,0,SIM,NA,Safe,42.5,5,7,9,NA
1387,NA,NA,NA,NA,19.5,NA,Intra,0,0,0,0,3,0,SIM,NA,Safe,19.5,5,7,3,NA
1759,NA,NA,NA,NA,NA,12.5,Intra,0,0,0,0,0,3,SUL,NA,Safe,12.5,6,7,3,NA
1786,NA,NA,NA,NA,NA,22,Intra,0,0,0,0,0,9,SUL,NA,Safe,22,6,7,9,NA
1762,NA,NA,NA,NA,NA,18,Intra,0,0,0,0,0,3,SUL,NA,Safe,18,6,7,3,NA
1810,NA,NA,NA,NA,NA,41.5,Intra,0,0,0,0,0,15,SUL,NA,Safe,41.5,6,7,15,NA
1783,NA,NA,NA,NA,NA,41.5,Intra,0,0,0,0,0,9,SUL,NA,Safe,41.5,6,7,9,NA
1807,NA,NA,NA,NA,NA,33.5,Intra,0,0,0,0,0,15,SUL,NA,Safe,33.5,6,7,15,NA
1066,NA,NA,4.5,NA,NA,NA,Intra,0,0,3,0,0,0,PAN,NA,Safe,4.5,3,7,3,NA
1090,NA,NA,19,NA,NA,NA,Intra,0,0,9,0,0,0,PAN,NA,Safe,19,3,7,9,NA
1063,NA,NA,3,NA,NA,NA,Intra,0,0,3,0,0,0,PAN,NA,Safe,3,3,7,3,NA
1114,NA,NA,53,NA,NA,NA,Intra,0,0,15,0,0,0,PAN,NA,Safe,53,3,7,15,NA
91,18.5,NA,NA,NA,NA,NA,Intra,9,0,0,0,0,0,BIR,NA,Safe,18.5,1,7,9,NA
70,12.5,NA,NA,NA,NA,NA,Intra,3,0,0,0,0,0,BIR,NA,Safe,12.5,1,7,3,NA
1390,NA,NA,NA,NA,27,NA,Intra,0,0,0,0,3,0,SIM,NA,Safe,27,5,7,3,NA
1435,NA,NA,NA,NA,52,NA,Intra,0,0,0,0,15,0,SIM,NA,Safe,52,5,7,15,NA
1231,NA,NA,NA,34.5,NA,NA,Intra,0,0,0,15,0,0,PSA,NA,Safe,34.5,4,7,15,NA
1210,NA,NA,NA,23,NA,NA,Intra,0,0,0,9,0,0,PSA,NA,Safe,23,4,7,9,NA
1183,NA,NA,NA,4,NA,NA,Intra,0,0,0,3,0,0,PSA,NA,Safe,4,4,7,3,NA
574,NA,50,NA,NA,NA,NA,Intra,0,15,0,0,0,0,PAL,NA,Safe,50,2,7,15,NA
550,NA,48,NA,NA,NA,NA,Intra,0,9,0,0,0,0,PAL,NA,Safe,48,2,7,9,NA
1111,NA,NA,30,NA,NA,NA,Intra,0,0,15,0,0,0,PAN,NA,Safe,30,3,7,15,NA
1087,NA,NA,13,NA,NA,NA,Intra,0,0,9,0,0,0,PAN,NA,Safe,13,3,7,9,NA
1787,NA,NA,NA,NA,NA,20,Intra,0,0,0,0,0,9,SUL,NA,Safe,20,6,7,9,NA
1811,NA,NA,NA,NA,NA,25,Intra,0,0,0,0,0,15,SUL,NA,Safe,25,6,7,15,NA
1808,NA,NA,NA,NA,NA,14.5,Intra,0,0,0,0,0,15,SUL,NA,Safe,14.5,6,7,15,NA
1064,NA,NA,6.5,NA,NA,NA,Intra,0,0,3,0,0,0,PAN,NA,Safe,6.5,3,7,3,NA
1088,NA,NA,21,NA,NA,NA,Intra,0,0,9,0,0,0,PAN,NA,Safe,21,3,7,9,NA
1112,NA,NA,52.5,NA,NA,NA,Intra,0,0,15,0,0,0,PAN,NA,Safe,52.5,3,7,15,NA
1067,NA,NA,6.5,NA,NA,NA,Intra,0,0,3,0,0,0,PAN,NA,Safe,6.5,3,7,3,NA
1115,NA,NA,34,NA,NA,NA,Intra,0,0,15,0,0,0,PAN,NA,Safe,34,3,7,15,NA
1091,NA,NA,20,NA,NA,NA,Intra,0,0,9,0,0,0,PAN,NA,Safe,20,3,7,9,NA
71,16.5,NA,NA,NA,NA,NA,Intra,3,0,0,0,0,0,BIR,NA,Safe,16.5,1,7,3,NA
116,33.5,NA,NA,NA,NA,NA,Intra,15,0,0,0,0,0,BIR,NA,Safe,33.5,1,7,15,NA
68,18,NA,NA,NA,NA,NA,Intra,3,0,0,0,0,0,BIR,NA,Safe,18,1,7,3,NA
119,39.5,NA,NA,NA,NA,NA,Intra,15,0,0,0,0,0,BIR,NA,Safe,39.5,1,7,15,NA
1436,NA,NA,NA,NA,30,NA,Intra,0,0,0,0,15,0,SIM,NA,Safe,30,5,7,15,NA
1391,NA,NA,NA,NA,21,NA,Intra,0,0,0,0,3,0,SIM,NA,Safe,21,5,7,3,NA
1187,NA,NA,NA,1.5,NA,NA,Intra,0,0,0,3,0,0,PSA,NA,Safe,1.5,4,7,3,NA
1184,NA,NA,NA,2.5,NA,NA,Intra,0,0,0,3,0,0,PSA,NA,Safe,2.5,4,7,3,NA
1235,NA,NA,NA,42,NA,NA,Intra,0,0,0,15,0,0,PSA,NA,Safe,42,4,7,15,NA
1232,NA,NA,NA,49,NA,NA,Intra,0,0,0,15,0,0,PSA,NA,Safe,49,4,7,15,NA
548,NA,37,NA,NA,NA,NA,Intra,0,9,0,0,0,0,PAL,NA,Safe,37,2,7,9,NA
524,NA,8.5,NA,NA,NA,NA,Intra,0,3,0,0,0,0,PAL,NA,Safe,8.5,2,7,3,NA
527,NA,8.5,NA,NA,NA,NA,Intra,0,3,0,0,0,0,PAL,NA,Safe,8.5,2,7,3,NA
551,NA,52,NA,NA,NA,NA,Intra,0,9,0,0,0,0,PAL,NA,Safe,52,2,7,9,NA
572,NA,51.5,NA,NA,NA,NA,Intra,0,15,0,0,0,0,PAL,NA,Safe,51.5,2,7,15,NA
575,NA,41.5,NA,NA,NA,NA,Intra,0,15,0,0,0,0,PAL,NA,Safe,41.5,2,7,15,NA
92,37.5,NA,NA,NA,NA,NA,Intra,9,0,0,0,0,0,BIR,NA,Safe,37.5,1,7,9,NA
95,39,NA,NA,NA,NA,NA,Intra,9,0,0,0,0,0,BIR,NA,Safe,39,1,7,9,NA
1784,NA,NA,NA,NA,NA,32,Intra,0,0,0,0,0,9,SUL,NA,Safe,32,6,7,9,NA
1760,NA,NA,NA,NA,NA,30,Intra,0,0,0,0,0,3,SUL,NA,Safe,30,6,7,3,NA
1763,NA,NA,NA,NA,NA,12,Intra,0,0,0,0,0,3,SUL,NA,Safe,12,6,7,3,NA
1211,NA,NA,NA,8.5,NA,NA,Intra,0,0,0,9,0,0,PSA,NA,Safe,8.5,4,7,9,NA
1208,NA,NA,NA,22.5,NA,NA,Intra,0,0,0,9,0,0,PSA,NA,Safe,22.5,4,7,9,NA
1415,NA,NA,NA,NA,25.5,NA,Intra,0,0,0,0,9,0,SIM,NA,Safe,25.5,5,7,9,NA
1412,NA,NA,NA,NA,12.5,NA,Intra,0,0,0,0,9,0,SIM,NA,Safe,12.5,5,7,9,NA
1439,NA,NA,NA,NA,32.5,NA,Intra,0,0,0,0,15,0,SIM,NA,Safe,32.5,5,7,15,NA
1388,NA,NA,NA,NA,5,NA,Intra,0,0,0,0,3,0,SIM,NA,Safe,5,5,7,3,NA
87,12.5,NA,NA,NA,NA,NA,Intra,9,0,0,0,0,0,BIR,NA,Safe,12.5,1,7,9,NA
63,2.5,NA,NA,NA,NA,NA,Intra,3,0,0,0,0,0,BIR,NA,Safe,2.5,1,7,3,NA
111,21.5,NA,NA,NA,NA,NA,Intra,15,0,0,0,0,0,BIR,NA,Safe,21.5,1,7,15,NA
90,23,NA,NA,NA,NA,NA,Intra,9,0,0,0,0,0,BIR,NA,Safe,23,1,7,9,NA
1227,NA,NA,NA,33,NA,NA,Intra,0,0,0,15,0,0,PSA,NA,Safe,33,4,7,15,NA
1206,NA,NA,NA,7.5,NA,NA,Intra,0,0,0,9,0,0,PSA,NA,Safe,7.5,4,7,9,NA
1230,NA,NA,NA,28.5,NA,NA,Intra,0,0,0,15,0,0,PSA,NA,Safe,28.5,4,7,15,NA
570,NA,9.5,NA,NA,NA,NA,Intra,0,15,0,0,0,0,PAL,NA,Safe,9.5,2,7,15,NA
567,NA,40.5,NA,NA,NA,NA,Intra,0,15,0,0,0,0,PAL,NA,Safe,40.5,2,7,15,NA
546,NA,39,NA,NA,NA,NA,Intra,0,9,0,0,0,0,PAL,NA,Safe,39,2,7,9,NA
1062,NA,NA,14.5,NA,NA,NA,Intra,0,0,3,0,0,0,PAN,NA,Safe,14.5,3,7,3,NA
1086,NA,NA,23.5,NA,NA,NA,Intra,0,0,9,0,0,0,PAN,NA,Safe,23.5,3,7,9,NA
1110,NA,NA,47,NA,NA,NA,Intra,0,0,15,0,0,0,PAN,NA,Safe,47,3,7,15,NA
1779,NA,NA,NA,NA,NA,33.5,Intra,0,0,0,0,0,9,SUL,NA,Safe,33.5,6,7,9,NA
1782,NA,NA,NA,NA,NA,30.5,Intra,0,0,0,0,0,9,SUL,NA,Safe,30.5,6,7,9,NA
1386,NA,NA,NA,NA,33.5,NA,Intra,0,0,0,0,3,0,SIM,NA,Safe,33.5,5,7,3,NA
1410,NA,NA,NA,NA,42,NA,Intra,0,0,0,0,9,0,SIM,NA,Safe,42,5,7,9,NA
1383,NA,NA,NA,NA,24,NA,Intra,0,0,0,0,3,0,SIM,NA,Safe,24,5,7,3,NA
1389,NA,NA,NA,NA,30,NA,Intra,0,0,0,0,3,0,SIM,NA,Safe,30,5,7,3,NA
1416,NA,NA,NA,NA,54.5,NA,Intra,0,0,0,0,9,0,SIM,NA,Safe,54.5,5,7,9,NA
1440,NA,NA,NA,NA,80.5,NA,Intra,0,0,0,0,15,0,SIM,NA,Safe,80.5,5,7,15,NA
1437,NA,NA,NA,NA,88,NA,Intra,0,0,0,0,15,0,SIM,NA,Safe,88,5,7,15,NA
1392,NA,NA,NA,NA,31,NA,Intra,0,0,0,0,3,0,SIM,NA,Safe,31,5,7,3,NA
552,NA,30,NA,NA,NA,NA,Intra,0,9,0,0,0,0,PAL,NA,Safe,30,2,7,9,NA
525,NA,6.5,NA,NA,NA,NA,Intra,0,3,0,0,0,0,PAL,NA,Safe,6.5,2,7,3,NA
573,NA,50,NA,NA,NA,NA,Intra,0,15,0,0,0,0,PAL,NA,Safe,50,2,7,15,NA
72,4,NA,NA,NA,NA,NA,Intra,3,0,0,0,0,0,BIR,NA,Safe,4,1,7,3,NA
69,4,NA,NA,NA,NA,NA,Intra,3,0,0,0,0,0,BIR,NA,Safe,4,1,7,3,NA
93,14,NA,NA,NA,NA,NA,Intra,9,0,0,0,0,0,BIR,NA,Safe,14,1,7,9,NA
1788,NA,NA,NA,NA,NA,43,Intra,0,0,0,0,0,9,SUL,NA,Safe,43,6,7,9,NA
1785,NA,NA,NA,NA,NA,45.5,Intra,0,0,0,0,0,9,SUL,NA,Safe,45.5,6,7,9,NA
1185,NA,NA,NA,27.5,NA,NA,Intra,0,0,0,3,0,0,PSA,NA,Safe,27.5,4,7,3,NA
1212,NA,NA,NA,41,NA,NA,Intra,0,0,0,9,0,0,PSA,NA,Safe,41,4,7,9,NA
1188,NA,NA,NA,32,NA,NA,Intra,0,0,0,3,0,0,PSA,NA,Safe,32,4,7,3,NA
1233,NA,NA,NA,66.5,NA,NA,Intra,0,0,0,15,0,0,PSA,NA,Safe,66.5,4,7,15,NA
1068,NA,NA,20,NA,NA,NA,Intra,0,0,3,0,0,0,PAN,NA,Safe,20,3,7,3,NA
1065,NA,NA,13,NA,NA,NA,Intra,0,0,3,0,0,0,PAN,NA,Safe,13,3,7,3,NA
1113,NA,NA,52.5,NA,NA,NA,Intra,0,0,15,0,0,0,PAN,NA,Safe,52.5,3,7,15,NA
1116,NA,NA,69.5,NA,NA,NA,Intra,0,0,15,0,0,0,PAN,NA,Safe,69.5,3,7,15,NA
127,8,0,0,0,0,0,Sp1,3,0,3,0,0,0,BIR,PAN,Para,8,1,3,3,3
127,0,0,10,0,0,0,Sp2,3,0,3,0,0,0,PAN,BIR,Para,10,3,1,3,3
128,10,0,0,0,0,0,Sp1,3,0,3,0,0,0,BIR,PAN,Para,10,1,3,3,3
128,0,0,19,0,0,0,Sp2,3,0,3,0,0,0,PAN,BIR,Para,19,3,1,3,3
129,6,0,0,0,0,0,Sp1,3,0,3,0,0,0,BIR,PAN,Para,6,1,3,3,3
129,0,0,23,0,0,0,Sp2,3,0,3,0,0,0,PAN,BIR,Para,23,3,1,3,3
139,1,0,0,0,0,0,Sp1,3,0,6,0,0,0,BIR,PAN,Para,1,1,3,3,6
139,0,0,8,0,0,0,Sp2,3,0,6,0,0,0,PAN,BIR,Para,8,3,1,6,3
140,5,0,0,0,0,0,Sp1,3,0,6,0,0,0,BIR,PAN,Para,5,1,3,3,6
140,0,0,9,0,0,0,Sp2,3,0,6,0,0,0,PAN,BIR,Para,9,3,1,6,3
141,4,0,0,0,0,0,Sp1,3,0,6,0,0,0,BIR,PAN,Para,4,1,3,3,6
141,0,0,29,0,0,0,Sp2,3,0,6,0,0,0,PAN,BIR,Para,29,3,1,6,3
151,1,0,0,0,0,0,Sp1,3,0,9,0,0,0,BIR,PAN,Para,1,1,3,3,9
151,0,0,17,0,0,0,Sp2,3,0,9,0,0,0,PAN,BIR,Para,17,3,1,9,3
152,9,0,0,0,0,0,Sp1,3,0,9,0,0,0,BIR,PAN,Para,9,1,3,3,9
152,0,0,48,0,0,0,Sp2,3,0,9,0,0,0,PAN,BIR,Para,48,3,1,9,3
153,3,0,0,0,0,0,Sp1,3,0,9,0,0,0,BIR,PAN,Para,3,1,3,3,9
153,0,0,44,0,0,0,Sp2,3,0,9,0,0,0,PAN,BIR,Para,44,3,1,9,3
163,5,0,0,0,0,0,Sp1,3,0,12,0,0,0,BIR,PAN,Para,5,1,3,3,12
163,0,0,42,0,0,0,Sp2,3,0,12,0,0,0,PAN,BIR,Para,42,3,1,12,3
164,7,0,0,0,0,0,Sp1,3,0,12,0,0,0,BIR,PAN,Para,7,1,3,3,12
164,0,0,18,0,0,0,Sp2,3,0,12,0,0,0,PAN,BIR,Para,18,3,1,12,3
165,5,0,0,0,0,0,Sp1,3,0,12,0,0,0,BIR,PAN,Para,5,1,3,3,12
165,0,0,62,0,0,0,Sp2,3,0,12,0,0,0,PAN,BIR,Para,62,3,1,12,3
175,3,0,0,0,0,0,Sp1,6,0,3,0,0,0,BIR,PAN,Para,3,1,3,6,3
175,0,0,8,0,0,0,Sp2,6,0,3,0,0,0,PAN,BIR,Para,8,3,1,3,6
176,17,0,0,0,0,0,Sp1,6,0,3,0,0,0,BIR,PAN,Para,17,1,3,6,3
176,0,0,3,0,0,0,Sp2,6,0,3,0,0,0,PAN,BIR,Para,3,3,1,3,6
177,13,0,0,0,0,0,Sp1,6,0,3,0,0,0,BIR,PAN,Para,13,1,3,6,3
177,0,0,24,0,0,0,Sp2,6,0,3,0,0,0,PAN,BIR,Para,24,3,1,3,6
187,17,0,0,0,0,0,Sp1,9,0,3,0,0,0,BIR,PAN,Para,17,1,3,9,3
187,0,0,10,0,0,0,Sp2,9,0,3,0,0,0,PAN,BIR,Para,10,3,1,3,9
188,20,0,0,0,0,0,Sp1,9,0,3,0,0,0,BIR,PAN,Para,20,1,3,9,3
188,0,0,2,0,0,0,Sp2,9,0,3,0,0,0,PAN,BIR,Para,2,3,1,3,9
189,12,0,0,0,0,0,Sp1,9,0,3,0,0,0,BIR,PAN,Para,12,1,3,9,3
189,0,0,7,0,0,0,Sp2,9,0,3,0,0,0,PAN,BIR,Para,7,3,1,3,9
199,24,0,0,0,0,0,Sp1,12,0,3,0,0,0,BIR,PAN,Para,24,1,3,12,3
199,0,0,4,0,0,0,Sp2,12,0,3,0,0,0,PAN,BIR,Para,4,3,1,3,12
200,29,0,0,0,0,0,Sp1,12,0,3,0,0,0,BIR,PAN,Para,29,1,3,12,3
200,0,0,6,0,0,0,Sp2,12,0,3,0,0,0,PAN,BIR,Para,6,3,1,3,12
201,31,0,0,0,0,0,Sp1,12,0,3,0,0,0,BIR,PAN,Para,31,1,3,12,3
201,0,0,19,0,0,0,Sp2,12,0,3,0,0,0,PAN,BIR,Para,19,3,1,3,12
211,2,0,0,0,0,0,Sp1,3,0,0,3,0,0,BIR,PSA,Para,2,1,4,3,3
211,0,0,0,6,0,0,Sp2,3,0,0,3,0,0,PSA,BIR,Para,6,4,1,3,3
212,11,0,0,0,0,0,Sp1,3,0,0,3,0,0,BIR,PSA,Para,11,1,4,3,3
212,0,0,0,17,0,0,Sp2,3,0,0,3,0,0,PSA,BIR,Para,17,4,1,3,3
223,2,0,0,0,0,0,Sp1,3,0,0,6,0,0,BIR,PSA,Para,2,1,4,3,6
223,0,0,0,13,0,0,Sp2,3,0,0,6,0,0,PSA,BIR,Para,13,4,1,6,3
224,9,0,0,0,0,0,Sp1,3,0,0,6,0,0,BIR,PSA,Para,9,1,4,3,6
224,0,0,0,25,0,0,Sp2,3,0,0,6,0,0,PSA,BIR,Para,25,4,1,6,3
235,0,0,0,0,0,0,Sp1,3,0,0,9,0,0,BIR,PSA,Para,0,1,4,3,9
235,0,0,0,12,0,0,Sp2,3,0,0,9,0,0,PSA,BIR,Para,12,4,1,9,3
236,7,0,0,0,0,0,Sp1,3,0,0,9,0,0,BIR,PSA,Para,7,1,4,3,9
236,0,0,0,22,0,0,Sp2,3,0,0,9,0,0,PSA,BIR,Para,22,4,1,9,3
247,3,0,0,0,0,0,Sp1,3,0,0,12,0,0,BIR,PSA,Para,3,1,4,3,12
247,0,0,0,7,0,0,Sp2,3,0,0,12,0,0,PSA,BIR,Para,7,4,1,12,3
248,23,0,0,0,0,0,Sp1,3,0,0,12,0,0,BIR,PSA,Para,23,1,4,3,12
248,0,0,0,37,0,0,Sp2,3,0,0,12,0,0,PSA,BIR,Para,37,4,1,12,3
259,6,0,0,0,0,0,Sp1,6,0,0,3,0,0,BIR,PSA,Para,6,1,4,6,3
259,0,0,0,6,0,0,Sp2,6,0,0,3,0,0,PSA,BIR,Para,6,4,1,3,6
260,22,0,0,0,0,0,Sp1,6,0,0,3,0,0,BIR,PSA,Para,22,1,4,6,3
260,0,0,0,14,0,0,Sp2,6,0,0,3,0,0,PSA,BIR,Para,14,4,1,3,6
271,3,0,0,0,0,0,Sp1,9,0,0,3,0,0,BIR,PSA,Para,3,1,4,9,3
271,0,0,0,1,0,0,Sp2,9,0,0,3,0,0,PSA,BIR,Para,1,4,1,3,9
272,37,0,0,0,0,0,Sp1,9,0,0,3,0,0,BIR,PSA,Para,37,1,4,9,3
272,0,0,0,6,0,0,Sp2,9,0,0,3,0,0,PSA,BIR,Para,6,4,1,3,9
283,6,0,0,0,0,0,Sp1,12,0,0,3,0,0,BIR,PSA,Para,6,1,4,12,3
283,0,0,0,6,0,0,Sp2,12,0,0,3,0,0,PSA,BIR,Para,6,4,1,3,12
284,40,0,0,0,0,0,Sp1,12,0,0,3,0,0,BIR,PSA,Para,40,1,4,12,3
284,0,0,0,15,0,0,Sp2,12,0,0,3,0,0,PSA,BIR,Para,15,4,1,3,12
295,1,0,0,0,0,0,Sp1,3,0,0,0,3,0,BIR,SIM,Para,1,1,5,3,3
295,0,0,0,0,6,0,Sp2,3,0,0,0,3,0,SIM,BIR,Para,6,5,1,3,3
296,11,0,0,0,0,0,Sp1,3,0,0,0,3,0,BIR,SIM,Para,11,1,5,3,3
296,0,0,0,0,9,0,Sp2,3,0,0,0,3,0,SIM,BIR,Para,9,5,1,3,3
300,8,0,0,0,0,0,Sp1,3,0,0,0,3,0,BIR,SIM,Para,8,1,5,3,3
300,0,0,0,0,19,0,Sp2,3,0,0,0,3,0,SIM,BIR,Para,19,5,1,3,3
307,5,0,0,0,0,0,Sp1,3,0,0,0,6,0,BIR,SIM,Para,5,1,5,3,6
307,0,0,0,0,17,0,Sp2,3,0,0,0,6,0,SIM,BIR,Para,17,5,1,6,3
308,8,0,0,0,0,0,Sp1,3,0,0,0,6,0,BIR,SIM,Para,8,1,5,3,6
308,0,0,0,0,19,0,Sp2,3,0,0,0,6,0,SIM,BIR,Para,19,5,1,6,3
312,2,0,0,0,0,0,Sp1,3,0,0,0,6,0,BIR,SIM,Para,2,1,5,3,6
312,0,0,0,0,40,0,Sp2,3,0,0,0,6,0,SIM,BIR,Para,40,5,1,6,3
319,5,0,0,0,0,0,Sp1,3,0,0,0,9,0,BIR,SIM,Para,5,1,5,3,9
319,0,0,0,0,26,0,Sp2,3,0,0,0,9,0,SIM,BIR,Para,26,5,1,9,3
320,7,0,0,0,0,0,Sp1,3,0,0,0,9,0,BIR,SIM,Para,7,1,5,3,9
320,0,0,0,0,21,0,Sp2,3,0,0,0,9,0,SIM,BIR,Para,21,5,1,9,3
324,3,0,0,0,0,0,Sp1,3,0,0,0,9,0,BIR,SIM,Para,3,1,5,3,9
324,0,0,0,0,52,0,Sp2,3,0,0,0,9,0,SIM,BIR,Para,52,5,1,9,3
331,1,0,0,0,0,0,Sp1,3,0,0,0,12,0,BIR,SIM,Para,1,1,5,3,12
331,0,0,0,0,17,0,Sp2,3,0,0,0,12,0,SIM,BIR,Para,17,5,1,12,3
332,12,0,0,0,0,0,Sp1,3,0,0,0,12,0,BIR,SIM,Para,12,1,5,3,12
332,0,0,0,0,24,0,Sp2,3,0,0,0,12,0,SIM,BIR,Para,24,5,1,12,3
336,6,0,0,0,0,0,Sp1,3,0,0,0,12,0,BIR,SIM,Para,6,1,5,3,12
336,0,0,0,0,28,0,Sp2,3,0,0,0,12,0,SIM,BIR,Para,28,5,1,12,3
343,7,0,0,0,0,0,Sp1,6,0,0,0,3,0,BIR,SIM,Para,7,1,5,6,3
343,0,0,0,0,10,0,Sp2,6,0,0,0,3,0,SIM,BIR,Para,10,5,1,3,6
344,19,0,0,0,0,0,Sp1,6,0,0,0,3,0,BIR,SIM,Para,19,1,5,6,3
344,0,0,0,0,7,0,Sp2,6,0,0,0,3,0,SIM,BIR,Para,7,5,1,3,6
348,7,0,0,0,0,0,Sp1,6,0,0,0,3,0,BIR,SIM,Para,7,1,5,6,3
348,0,0,0,0,16,0,Sp2,6,0,0,0,3,0,SIM,BIR,Para,16,5,1,3,6
355,9,0,0,0,0,0,Sp1,9,0,0,0,3,0,BIR,SIM,Para,9,1,5,9,3
355,0,0,0,0,4,0,Sp2,9,0,0,0,3,0,SIM,BIR,Para,4,5,1,3,9
356,38,0,0,0,0,0,Sp1,9,0,0,0,3,0,BIR,SIM,Para,38,1,5,9,3
356,0,0,0,0,14,0,Sp2,9,0,0,0,3,0,SIM,BIR,Para,14,5,1,3,9
360,9,0,0,0,0,0,Sp1,9,0,0,0,3,0,BIR,SIM,Para,9,1,5,9,3
360,0,0,0,0,12,0,Sp2,9,0,0,0,3,0,SIM,BIR,Para,12,5,1,3,9
367,13,0,0,0,0,0,Sp1,12,0,0,0,3,0,BIR,SIM,Para,13,1,5,12,3
367,0,0,0,0,4,0,Sp2,12,0,0,0,3,0,SIM,BIR,Para,4,5,1,3,12
368,37,0,0,0,0,0,Sp1,12,0,0,0,3,0,BIR,SIM,Para,37,1,5,12,3
368,0,0,0,0,12,0,Sp2,12,0,0,0,3,0,SIM,BIR,Para,12,5,1,3,12
372,17,0,0,0,0,0,Sp1,12,0,0,0,3,0,BIR,SIM,Para,17,1,5,12,3
372,0,0,0,0,29,0,Sp2,12,0,0,0,3,0,SIM,BIR,Para,29,5,1,3,12
379,3,0,0,0,0,0,Sp1,3,0,0,0,0,3,BIR,SUL,Para,3,1,6,3,3
379,0,0,0,0,0,7.5,Sp2,3,0,0,0,0,3,SUL,BIR,Para,7.5,6,1,3,3
380,10,0,0,0,0,0,Sp1,3,0,0,0,0,3,BIR,SUL,Para,10,1,6,3,3
380,0,0,0,0,0,3,Sp2,3,0,0,0,0,3,SUL,BIR,Para,3,6,1,3,3
381,6,0,0,0,0,0,Sp1,3,0,0,0,0,3,BIR,SUL,Para,6,1,6,3,3
381,0,0,0,0,0,21,Sp2,3,0,0,0,0,3,SUL,BIR,Para,21,6,1,3,3
391,4,0,0,0,0,0,Sp1,3,0,0,0,0,6,BIR,SUL,Para,4,1,6,3,6
391,0,0,0,0,0,1.5,Sp2,3,0,0,0,0,6,SUL,BIR,Para,1.5,6,1,6,3
392,11.5,0,0,0,0,0,Sp1,3,0,0,0,0,6,BIR,SUL,Para,11.5,1,6,3,6
392,0,0,0,0,0,5,Sp2,3,0,0,0,0,6,SUL,BIR,Para,5,6,1,6,3
393,1,0,0,0,0,0,Sp1,3,0,0,0,0,6,BIR,SUL,Para,1,1,6,3,6
393,0,0,0,0,0,19,Sp2,3,0,0,0,0,6,SUL,BIR,Para,19,6,1,6,3
403,1.5,0,0,0,0,0,Sp1,3,0,0,0,0,9,BIR,SUL,Para,1.5,1,6,3,9
403,0,0,0,0,0,16.5,Sp2,3,0,0,0,0,9,SUL,BIR,Para,16.5,6,1,9,3
404,9.5,0,0,0,0,0,Sp1,3,0,0,0,0,9,BIR,SUL,Para,9.5,1,6,3,9
404,0,0,0,0,0,23.5,Sp2,3,0,0,0,0,9,SUL,BIR,Para,23.5,6,1,9,3
405,0.5,0,0,0,0,0,Sp1,3,0,0,0,0,9,BIR,SUL,Para,0.5,1,6,3,9
405,0,0,0,0,0,23,Sp2,3,0,0,0,0,9,SUL,BIR,Para,23,6,1,9,3
415,2.5,0,0,0,0,0,Sp1,3,0,0,0,0,12,BIR,SUL,Para,2.5,1,6,3,12
415,0,0,0,0,0,25.5,Sp2,3,0,0,0,0,12,SUL,BIR,Para,25.5,6,1,12,3
416,4,0,0,0,0,0,Sp1,3,0,0,0,0,12,BIR,SUL,Para,4,1,6,3,12
416,0,0,0,0,0,29,Sp2,3,0,0,0,0,12,SUL,BIR,Para,29,6,1,12,3
417,0,0,0,0,0,0,Sp1,3,0,0,0,0,12,BIR,SUL,Para,0,1,6,3,12
417,0,0,0,0,0,39.5,Sp2,3,0,0,0,0,12,SUL,BIR,Para,39.5,6,1,12,3
427,11,0,0,0,0,0,Sp1,6,0,0,0,0,3,BIR,SUL,Para,11,1,6,6,3
427,0,0,0,0,0,7,Sp2,6,0,0,0,0,3,SUL,BIR,Para,7,6,1,3,6
428,25,0,0,0,0,0,Sp1,6,0,0,0,0,3,BIR,SUL,Para,25,1,6,6,3
428,0,0,0,0,0,8,Sp2,6,0,0,0,0,3,SUL,BIR,Para,8,6,1,3,6
429,6.5,0,0,0,0,0,Sp1,6,0,0,0,0,3,BIR,SUL,Para,6.5,1,6,6,3
429,0,0,0,0,0,22,Sp2,6,0,0,0,0,3,SUL,BIR,Para,22,6,1,3,6
439,13.5,0,0,0,0,0,Sp1,9,0,0,0,0,3,BIR,SUL,Para,13.5,1,6,9,3
439,0,0,0,0,0,4.5,Sp2,9,0,0,0,0,3,SUL,BIR,Para,4.5,6,1,3,9
440,31.5,0,0,0,0,0,Sp1,9,0,0,0,0,3,BIR,SUL,Para,31.5,1,6,9,3
440,0,0,0,0,0,5,Sp2,9,0,0,0,0,3,SUL,BIR,Para,5,6,1,3,9
441,1.5,0,0,0,0,0,Sp1,9,0,0,0,0,3,BIR,SUL,Para,1.5,1,6,9,3
441,0,0,0,0,0,19.5,Sp2,9,0,0,0,0,3,SUL,BIR,Para,19.5,6,1,3,9
451,14.5,0,0,0,0,0,Sp1,12,0,0,0,0,3,BIR,SUL,Para,14.5,1,6,12,3
451,0,0,0,0,0,4.5,Sp2,12,0,0,0,0,3,SUL,BIR,Para,4.5,6,1,3,12
452,34.5,0,0,0,0,0,Sp1,12,0,0,0,0,3,BIR,SUL,Para,34.5,1,6,12,3
452,0,0,0,0,0,3,Sp2,12,0,0,0,0,3,SUL,BIR,Para,3,6,1,3,12
453,2,0,0,0,0,0,Sp1,12,0,0,0,0,3,BIR,SUL,Para,2,1,6,12,3
453,0,0,0,0,0,26,Sp2,12,0,0,0,0,3,SUL,BIR,Para,26,6,1,3,12
583,0,13.5,0,0,0,0,Sp1,3,3,0,0,0,0,PAL,BIR,Para,13.5,2,1,3,3
583,5,0,0,0,0,0,Sp2,3,3,0,0,0,0,BIR,PAL,Para,5,1,2,3,3
584,0,4.5,0,0,0,0,Sp1,3,3,0,0,0,0,PAL,BIR,Para,4.5,2,1,3,3
584,11.5,0,0,0,0,0,Sp2,3,3,0,0,0,0,BIR,PAL,Para,11.5,1,2,3,3
585,0,12.5,0,0,0,0,Sp1,3,3,0,0,0,0,PAL,BIR,Para,12.5,2,1,3,3
585,5,0,0,0,0,0,Sp2,3,3,0,0,0,0,BIR,PAL,Para,5,1,2,3,3
595,0,2,0,0,0,0,Sp1,6,3,0,0,0,0,PAL,BIR,Para,2,2,1,3,6
595,8.5,0,0,0,0,0,Sp2,6,3,0,0,0,0,BIR,PAL,Para,8.5,1,2,6,3
596,0,25,0,0,0,0,Sp1,6,3,0,0,0,0,PAL,BIR,Para,25,2,1,3,6
596,3,0,0,0,0,0,Sp2,6,3,0,0,0,0,BIR,PAL,Para,3,1,2,6,3
597,0,1,0,0,0,0,Sp1,6,3,0,0,0,0,PAL,BIR,Para,1,2,1,3,6
597,11.5,0,0,0,0,0,Sp2,6,3,0,0,0,0,BIR,PAL,Para,11.5,1,2,6,3
607,0,6.5,0,0,0,0,Sp1,9,3,0,0,0,0,PAL,BIR,Para,6.5,2,1,3,9
607,13.5,0,0,0,0,0,Sp2,9,3,0,0,0,0,BIR,PAL,Para,13.5,1,2,9,3
608,0,8,0,0,0,0,Sp1,9,3,0,0,0,0,PAL,BIR,Para,8,2,1,3,9
608,25,0,0,0,0,0,Sp2,9,3,0,0,0,0,BIR,PAL,Para,25,1,2,9,3
609,0,5.5,0,0,0,0,Sp1,9,3,0,0,0,0,PAL,BIR,Para,5.5,2,1,3,9
609,21.5,0,0,0,0,0,Sp2,9,3,0,0,0,0,BIR,PAL,Para,21.5,1,2,9,3
619,0,13,0,0,0,0,Sp1,12,3,0,0,0,0,PAL,BIR,Para,13,2,1,3,12
619,12.5,0,0,0,0,0,Sp2,12,3,0,0,0,0,BIR,PAL,Para,12.5,1,2,12,3
620,0,16,0,0,0,0,Sp1,12,3,0,0,0,0,PAL,BIR,Para,16,2,1,3,12
620,4,0,0,0,0,0,Sp2,12,3,0,0,0,0,BIR,PAL,Para,4,1,2,12,3
621,0,4,0,0,0,0,Sp1,12,3,0,0,0,0,PAL,BIR,Para,4,2,1,3,12
621,18.5,0,0,0,0,0,Sp2,12,3,0,0,0,0,BIR,PAL,Para,18.5,1,2,12,3
631,0,17.5,0,0,0,0,Sp1,3,6,0,0,0,0,PAL,BIR,Para,17.5,2,1,6,3
631,3.5,0,0,0,0,0,Sp2,3,6,0,0,0,0,BIR,PAL,Para,3.5,1,2,3,6
632,0,22.5,0,0,0,0,Sp1,3,6,0,0,0,0,PAL,BIR,Para,22.5,2,1,6,3
632,5,0,0,0,0,0,Sp2,3,6,0,0,0,0,BIR,PAL,Para,5,1,2,3,6
633,0,9,0,0,0,0,Sp1,3,6,0,0,0,0,PAL,BIR,Para,9,2,1,6,3
633,0.5,0,0,0,0,0,Sp2,3,6,0,0,0,0,BIR,PAL,Para,0.5,1,2,3,6
643,0,27,0,0,0,0,Sp1,3,9,0,0,0,0,PAL,BIR,Para,27,2,1,9,3
643,7,0,0,0,0,0,Sp2,3,9,0,0,0,0,BIR,PAL,Para,7,1,2,3,9
644,0,27,0,0,0,0,Sp1,3,9,0,0,0,0,PAL,BIR,Para,27,2,1,9,3
644,3,0,0,0,0,0,Sp2,3,9,0,0,0,0,BIR,PAL,Para,3,1,2,3,9
645,0,33,0,0,0,0,Sp1,3,9,0,0,0,0,PAL,BIR,Para,33,2,1,9,3
645,0.5,0,0,0,0,0,Sp2,3,9,0,0,0,0,BIR,PAL,Para,0.5,1,2,3,9
655,0,24,0,0,0,0,Sp1,3,12,0,0,0,0,PAL,BIR,Para,24,2,1,12,3
655,1.5,0,0,0,0,0,Sp2,3,12,0,0,0,0,BIR,PAL,Para,1.5,1,2,3,12
656,0,27.5,0,0,0,0,Sp1,3,12,0,0,0,0,PAL,BIR,Para,27.5,2,1,12,3
656,0.5,0,0,0,0,0,Sp2,3,12,0,0,0,0,BIR,PAL,Para,0.5,1,2,3,12
657,0,19,0,0,0,0,Sp1,3,12,0,0,0,0,PAL,BIR,Para,19,2,1,12,3
657,1,0,0,0,0,0,Sp2,3,12,0,0,0,0,BIR,PAL,Para,1,1,2,3,12
667,0,12,0,0,0,0,Sp1,0,3,3,0,0,0,PAL,PAN,Para,12,2,3,3,3
667,0,0,5,0,0,0,Sp2,0,3,3,0,0,0,PAN,PAL,Para,5,3,2,3,3
668,0,38.5,0,0,0,0,Sp1,0,3,3,0,0,0,PAL,PAN,Para,38.5,2,3,3,3
668,0,0,3.5,0,0,0,Sp2,0,3,3,0,0,0,PAN,PAL,Para,3.5,3,2,3,3
669,0,13.5,0,0,0,0,Sp1,0,3,3,0,0,0,PAL,PAN,Para,13.5,2,3,3,3
669,0,0,21.5,0,0,0,Sp2,0,3,3,0,0,0,PAN,PAL,Para,21.5,3,2,3,3
672,0,3,0,0,0,0,Sp1,0,3,3,0,0,0,PAL,PAN,Para,3,2,3,3,3
672,0,0,6.5,0,0,0,Sp2,0,3,3,0,0,0,PAN,PAL,Para,6.5,3,2,3,3
679,0,20,0,0,0,0,Sp1,0,3,6,0,0,0,PAL,PAN,Para,20,2,3,3,6
679,0,0,20,0,0,0,Sp2,0,3,6,0,0,0,PAN,PAL,Para,20,3,2,6,3
680,0,7.5,0,0,0,0,Sp1,0,3,6,0,0,0,PAL,PAN,Para,7.5,2,3,3,6
680,0,0,11,0,0,0,Sp2,0,3,6,0,0,0,PAN,PAL,Para,11,3,2,6,3
681,0,4,0,0,0,0,Sp1,0,3,6,0,0,0,PAL,PAN,Para,4,2,3,3,6
681,0,0,8.5,0,0,0,Sp2,0,3,6,0,0,0,PAN,PAL,Para,8.5,3,2,6,3
684,0,3,0,0,0,0,Sp1,0,3,6,0,0,0,PAL,PAN,Para,3,2,3,3,6
684,0,0,14.5,0,0,0,Sp2,0,3,6,0,0,0,PAN,PAL,Para,14.5,3,2,6,3
691,0,19.5,0,0,0,0,Sp1,0,3,9,0,0,0,PAL,PAN,Para,19.5,2,3,3,9
691,0,0,22.5,0,0,0,Sp2,0,3,9,0,0,0,PAN,PAL,Para,22.5,3,2,9,3
692,0,12,0,0,0,0,Sp1,0,3,9,0,0,0,PAL,PAN,Para,12,2,3,3,9
692,0,0,18.5,0,0,0,Sp2,0,3,9,0,0,0,PAN,PAL,Para,18.5,3,2,9,3
693,0,10.5,0,0,0,0,Sp1,0,3,9,0,0,0,PAL,PAN,Para,10.5,2,3,3,9
693,0,0,27,0,0,0,Sp2,0,3,9,0,0,0,PAN,PAL,Para,27,3,2,9,3
696,0,5,0,0,0,0,Sp1,0,3,9,0,0,0,PAL,PAN,Para,5,2,3,3,9
696,0,0,44.5,0,0,0,Sp2,0,3,9,0,0,0,PAN,PAL,Para,44.5,3,2,9,3
703,0,11.5,0,0,0,0,Sp1,0,3,12,0,0,0,PAL,PAN,Para,11.5,2,3,3,12
703,0,0,21.5,0,0,0,Sp2,0,3,12,0,0,0,PAN,PAL,Para,21.5,3,2,12,3
704,0,10.5,0,0,0,0,Sp1,0,3,12,0,0,0,PAL,PAN,Para,10.5,2,3,3,12
704,0,0,15,0,0,0,Sp2,0,3,12,0,0,0,PAN,PAL,Para,15,3,2,12,3
705,0,5,0,0,0,0,Sp1,0,3,12,0,0,0,PAL,PAN,Para,5,2,3,3,12
705,0,0,35,0,0,0,Sp2,0,3,12,0,0,0,PAN,PAL,Para,35,3,2,12,3
708,0,9.5,0,0,0,0,Sp1,0,3,12,0,0,0,PAL,PAN,Para,9.5,2,3,3,12
708,0,0,49,0,0,0,Sp2,0,3,12,0,0,0,PAN,PAL,Para,49,3,2,12,3
715,0,21.5,0,0,0,0,Sp1,0,6,3,0,0,0,PAL,PAN,Para,21.5,2,3,6,3
715,0,0,7.5,0,0,0,Sp2,0,6,3,0,0,0,PAN,PAL,Para,7.5,3,2,3,6
716,0,28,0,0,0,0,Sp1,0,6,3,0,0,0,PAL,PAN,Para,28,2,3,6,3
716,0,0,3.5,0,0,0,Sp2,0,6,3,0,0,0,PAN,PAL,Para,3.5,3,2,3,6
717,0,15,0,0,0,0,Sp1,0,6,3,0,0,0,PAL,PAN,Para,15,2,3,6,3
717,0,0,16.5,0,0,0,Sp2,0,6,3,0,0,0,PAN,PAL,Para,16.5,3,2,3,6
720,0,24,0,0,0,0,Sp1,0,6,3,0,0,0,PAL,PAN,Para,24,2,3,6,3
720,0,0,15,0,0,0,Sp2,0,6,3,0,0,0,PAN,PAL,Para,15,3,2,3,6
727,0,21,0,0,0,0,Sp1,0,9,3,0,0,0,PAL,PAN,Para,21,2,3,9,3
727,0,0,5.5,0,0,0,Sp2,0,9,3,0,0,0,PAN,PAL,Para,5.5,3,2,3,9
728,0,25.5,0,0,0,0,Sp1,0,9,3,0,0,0,PAL,PAN,Para,25.5,2,3,9,3
728,0,0,9.5,0,0,0,Sp2,0,9,3,0,0,0,PAN,PAL,Para,9.5,3,2,3,9
729,0,37,0,0,0,0,Sp1,0,9,3,0,0,0,PAL,PAN,Para,37,2,3,9,3
729,0,0,10.5,0,0,0,Sp2,0,9,3,0,0,0,PAN,PAL,Para,10.5,3,2,3,9
732,0,9.5,0,0,0,0,Sp1,0,9,3,0,0,0,PAL,PAN,Para,9.5,2,3,9,3
732,0,0,11.5,0,0,0,Sp2,0,9,3,0,0,0,PAN,PAL,Para,11.5,3,2,3,9
739,0,32,0,0,0,0,Sp1,0,12,3,0,0,0,PAL,PAN,Para,32,2,3,12,3
739,0,0,3.5,0,0,0,Sp2,0,12,3,0,0,0,PAN,PAL,Para,3.5,3,2,3,12
740,0,41.5,0,0,0,0,Sp1,0,12,3,0,0,0,PAL,PAN,Para,41.5,2,3,12,3
740,0,0,1.5,0,0,0,Sp2,0,12,3,0,0,0,PAN,PAL,Para,1.5,3,2,3,12
741,0,35.5,0,0,0,0,Sp1,0,12,3,0,0,0,PAL,PAN,Para,35.5,2,3,12,3
741,0,0,7.5,0,0,0,Sp2,0,12,3,0,0,0,PAN,PAL,Para,7.5,3,2,3,12
744,0,23,0,0,0,0,Sp1,0,12,3,0,0,0,PAL,PAN,Para,23,2,3,12,3
744,0,0,7,0,0,0,Sp2,0,12,3,0,0,0,PAN,PAL,Para,7,3,2,3,12
751,0,4,0,0,0,0,Sp1,0,3,0,3,0,0,PAL,PSA,Para,4,2,4,3,3
751,0,0,0,2,0,0,Sp2,0,3,0,3,0,0,PSA,PAL,Para,2,4,2,3,3
752,0,32.5,0,0,0,0,Sp1,0,3,0,3,0,0,PAL,PSA,Para,32.5,2,4,3,3
752,0,0,0,8.5,0,0,Sp2,0,3,0,3,0,0,PSA,PAL,Para,8.5,4,2,3,3
753,0,11,0,0,0,0,Sp1,0,3,0,3,0,0,PAL,PSA,Para,11,2,4,3,3
753,0,0,0,0,0,0,Sp2,0,3,0,3,0,0,PSA,PAL,Para,0,4,2,3,3
763,0,7.5,0,0,0,0,Sp1,0,3,0,6,0,0,PAL,PSA,Para,7.5,2,4,3,6
763,0,0,0,1,0,0,Sp2,0,3,0,6,0,0,PSA,PAL,Para,1,4,2,6,3
764,0,14,0,0,0,0,Sp1,0,3,0,6,0,0,PAL,PSA,Para,14,2,4,3,6
764,0,0,0,9,0,0,Sp2,0,3,0,6,0,0,PSA,PAL,Para,9,4,2,6,3
765,0,2,0,0,0,0,Sp1,0,3,0,6,0,0,PAL,PSA,Para,2,2,4,3,6
765,0,0,0,6,0,0,Sp2,0,3,0,6,0,0,PSA,PAL,Para,6,4,2,6,3
775,0,13.5,0,0,0,0,Sp1,0,3,0,9,0,0,PAL,PSA,Para,13.5,2,4,3,9
775,0,0,0,14,0,0,Sp2,0,3,0,9,0,0,PSA,PAL,Para,14,4,2,9,3
776,0,11.5,0,0,0,0,Sp1,0,3,0,9,0,0,PAL,PSA,Para,11.5,2,4,3,9
776,0,0,0,15,0,0,Sp2,0,3,0,9,0,0,PSA,PAL,Para,15,4,2,9,3
777,0,18.5,0,0,0,0,Sp1,0,3,0,9,0,0,PAL,PSA,Para,18.5,2,4,3,9
777,0,0,0,9.5,0,0,Sp2,0,3,0,9,0,0,PSA,PAL,Para,9.5,4,2,9,3
787,0,2.5,0,0,0,0,Sp1,0,3,0,12,0,0,PAL,PSA,Para,2.5,2,4,3,12
787,0,0,0,6.5,0,0,Sp2,0,3,0,12,0,0,PSA,PAL,Para,6.5,4,2,12,3
788,0,23,0,0,0,0,Sp1,0,3,0,12,0,0,PAL,PSA,Para,23,2,4,3,12
788,0,0,0,6.5,0,0,Sp2,0,3,0,12,0,0,PSA,PAL,Para,6.5,4,2,12,3
789,0,8.5,0,0,0,0,Sp1,0,3,0,12,0,0,PAL,PSA,Para,8.5,2,4,3,12
789,0,0,0,12.5,0,0,Sp2,0,3,0,12,0,0,PSA,PAL,Para,12.5,4,2,12,3
799,0,13.5,0,0,0,0,Sp1,0,6,0,3,0,0,PAL,PSA,Para,13.5,2,4,6,3
799,0,0,0,1,0,0,Sp2,0,6,0,3,0,0,PSA,PAL,Para,1,4,2,3,6
800,0,12.5,0,0,0,0,Sp1,0,6,0,3,0,0,PAL,PSA,Para,12.5,2,4,6,3
800,0,0,0,7.5,0,0,Sp2,0,6,0,3,0,0,PSA,PAL,Para,7.5,4,2,3,6
801,0,19.5,0,0,0,0,Sp1,0,6,0,3,0,0,PAL,PSA,Para,19.5,2,4,6,3
801,0,0,0,3.5,0,0,Sp2,0,6,0,3,0,0,PSA,PAL,Para,3.5,4,2,3,6
811,0,34.5,0,0,0,0,Sp1,0,9,0,3,0,0,PAL,PSA,Para,34.5,2,4,9,3
811,0,0,0,4.5,0,0,Sp2,0,9,0,3,0,0,PSA,PAL,Para,4.5,4,2,3,9
812,0,20.5,0,0,0,0,Sp1,0,9,0,3,0,0,PAL,PSA,Para,20.5,2,4,9,3
812,0,0,0,4,0,0,Sp2,0,9,0,3,0,0,PSA,PAL,Para,4,4,2,3,9
813,0,29,0,0,0,0,Sp1,0,9,0,3,0,0,PAL,PSA,Para,29,2,4,9,3
813,0,0,0,1.5,0,0,Sp2,0,9,0,3,0,0,PSA,PAL,Para,1.5,4,2,3,9
823,0,33.5,0,0,0,0,Sp1,0,12,0,3,0,0,PAL,PSA,Para,33.5,2,4,12,3
823,0,0,0,2.5,0,0,Sp2,0,12,0,3,0,0,PSA,PAL,Para,2.5,4,2,3,12
824,0,48,0,0,0,0,Sp1,0,12,0,3,0,0,PAL,PSA,Para,48,2,4,12,3
824,0,0,0,4.5,0,0,Sp2,0,12,0,3,0,0,PSA,PAL,Para,4.5,4,2,3,12
825,0,25,0,0,0,0,Sp1,0,12,0,3,0,0,PAL,PSA,Para,25,2,4,12,3
825,0,0,0,1,0,0,Sp2,0,12,0,3,0,0,PSA,PAL,Para,1,4,2,3,12
835,0,5,0,0,0,0,Sp1,0,3,0,0,3,0,PAL,SIM,Para,5,2,5,3,3
835,0,0,0,0,11.5,0,Sp2,0,3,0,0,3,0,SIM,PAL,Para,11.5,5,2,3,3
836,0,10,0,0,0,0,Sp1,0,3,0,0,3,0,PAL,SIM,Para,10,2,5,3,3
836,0,0,0,0,14.5,0,Sp2,0,3,0,0,3,0,SIM,PAL,Para,14.5,5,2,3,3
837,0,22,0,0,0,0,Sp1,0,3,0,0,3,0,PAL,SIM,Para,22,2,5,3,3
837,0,0,0,0,27,0,Sp2,0,3,0,0,3,0,SIM,PAL,Para,27,5,2,3,3
847,0,5,0,0,0,0,Sp1,0,3,0,0,6,0,PAL,SIM,Para,5,2,5,3,6
847,0,0,0,0,16.5,0,Sp2,0,3,0,0,6,0,SIM,PAL,Para,16.5,5,2,6,3
848,0,11.5,0,0,0,0,Sp1,0,3,0,0,6,0,PAL,SIM,Para,11.5,2,5,3,6
848,0,0,0,0,20,0,Sp2,0,3,0,0,6,0,SIM,PAL,Para,20,5,2,6,3
849,0,22,0,0,0,0,Sp1,0,3,0,0,6,0,PAL,SIM,Para,22,2,5,3,6
849,0,0,0,0,42.5,0,Sp2,0,3,0,0,6,0,SIM,PAL,Para,42.5,5,2,6,3
859,0,4.5,0,0,0,0,Sp1,0,3,0,0,9,0,PAL,SIM,Para,4.5,2,5,3,9
859,0,0,0,0,33,0,Sp2,0,3,0,0,9,0,SIM,PAL,Para,33,5,2,9,3
860,0,9.5,0,0,0,0,Sp1,0,3,0,0,9,0,PAL,SIM,Para,9.5,2,5,3,9
860,0,0,0,0,27,0,Sp2,0,3,0,0,9,0,SIM,PAL,Para,27,5,2,9,3
861,0,13.5,0,0,0,0,Sp1,0,3,0,0,9,0,PAL,SIM,Para,13.5,2,5,3,9
861,0,0,0,0,39.5,0,Sp2,0,3,0,0,9,0,SIM,PAL,Para,39.5,5,2,9,3
871,0,10.5,0,0,0,0,Sp1,0,3,0,0,12,0,PAL,SIM,Para,10.5,2,5,3,12
871,0,0,0,0,31.5,0,Sp2,0,3,0,0,12,0,SIM,PAL,Para,31.5,5,2,12,3
872,0,17.5,0,0,0,0,Sp1,0,3,0,0,12,0,PAL,SIM,Para,17.5,2,5,3,12
872,0,0,0,0,31.5,0,Sp2,0,3,0,0,12,0,SIM,PAL,Para,31.5,5,2,12,3
873,0,10,0,0,0,0,Sp1,0,3,0,0,12,0,PAL,SIM,Para,10,2,5,3,12
873,0,0,0,0,69.5,0,Sp2,0,3,0,0,12,0,SIM,PAL,Para,69.5,5,2,12,3
883,0,16,0,0,0,0,Sp1,0,6,0,0,3,0,PAL,SIM,Para,16,2,5,6,3
883,0,0,0,0,9,0,Sp2,0,6,0,0,3,0,SIM,PAL,Para,9,5,2,3,6
884,0,9.5,0,0,0,0,Sp1,0,6,0,0,3,0,PAL,SIM,Para,9.5,2,5,6,3
884,0,0,0,0,13,0,Sp2,0,6,0,0,3,0,SIM,PAL,Para,13,5,2,3,6
885,0,24.5,0,0,0,0,Sp1,0,6,0,0,3,0,PAL,SIM,Para,24.5,2,5,6,3
885,0,0,0,0,21.5,0,Sp2,0,6,0,0,3,0,SIM,PAL,Para,21.5,5,2,3,6
895,0,25.5,0,0,0,0,Sp1,0,9,0,0,3,0,PAL,SIM,Para,25.5,2,5,9,3
895,0,0,0,0,8.5,0,Sp2,0,9,0,0,3,0,SIM,PAL,Para,8.5,5,2,3,9
896,0,19.5,0,0,0,0,Sp1,0,9,0,0,3,0,PAL,SIM,Para,19.5,2,5,9,3
896,0,0,0,0,13.5,0,Sp2,0,9,0,0,3,0,SIM,PAL,Para,13.5,5,2,3,9
897,0,34,0,0,0,0,Sp1,0,9,0,0,3,0,PAL,SIM,Para,34,2,5,9,3
897,0,0,0,0,12,0,Sp2,0,9,0,0,3,0,SIM,PAL,Para,12,5,2,3,9
907,0,27.5,0,0,0,0,Sp1,0,12,0,0,3,0,PAL,SIM,Para,27.5,2,5,12,3
907,0,0,0,0,8,0,Sp2,0,12,0,0,3,0,SIM,PAL,Para,8,5,2,3,12
908,0,10,0,0,0,0,Sp1,0,12,0,0,3,0,PAL,SIM,Para,10,2,5,12,3
908,0,0,0,0,9,0,Sp2,0,12,0,0,3,0,SIM,PAL,Para,9,5,2,3,12
909,0,47.5,0,0,0,0,Sp1,0,12,0,0,3,0,PAL,SIM,Para,47.5,2,5,12,3
909,0,0,0,0,25.5,0,Sp2,0,12,0,0,3,0,SIM,PAL,Para,25.5,5,2,3,12
919,0,24,0,0,0,0,Sp1,0,3,0,0,0,3,PAL,SUL,Para,24,2,6,3,3
919,0,0,0,0,0,5,Sp2,0,3,0,0,0,3,SUL,PAL,Para,5,6,2,3,3
920,0,17,0,0,0,0,Sp1,0,3,0,0,0,3,PAL,SUL,Para,17,2,6,3,3
920,0,0,0,0,0,8,Sp2,0,3,0,0,0,3,SUL,PAL,Para,8,6,2,3,3
924,0,14,0,0,0,0,Sp1,0,3,0,0,0,3,PAL,SUL,Para,14,2,6,3,3
924,0,0,0,0,0,6,Sp2,0,3,0,0,0,3,SUL,PAL,Para,6,6,2,3,3
931,0,2,0,0,0,0,Sp1,0,3,0,0,0,6,PAL,SUL,Para,2,2,6,3,6
931,0,0,0,0,0,1,Sp2,0,3,0,0,0,6,SUL,PAL,Para,1,6,2,6,3
932,0,22,0,0,0,0,Sp1,0,3,0,0,0,6,PAL,SUL,Para,22,2,6,3,6
932,0,0,0,0,0,17,Sp2,0,3,0,0,0,6,SUL,PAL,Para,17,6,2,6,3
936,0,8,0,0,0,0,Sp1,0,3,0,0,0,6,PAL,SUL,Para,8,2,6,3,6
936,0,0,0,0,0,3,Sp2,0,3,0,0,0,6,SUL,PAL,Para,3,6,2,6,3
943,0,13,0,0,0,0,Sp1,0,3,0,0,0,9,PAL,SUL,Para,13,2,6,3,9
943,0,0,0,0,0,6,Sp2,0,3,0,0,0,9,SUL,PAL,Para,6,6,2,9,3
944,0,1,0,0,0,0,Sp1,0,3,0,0,0,9,PAL,SUL,Para,1,2,6,3,9
944,0,0,0,0,0,18,Sp2,0,3,0,0,0,9,SUL,PAL,Para,18,6,2,9,3
948,0,3,0,0,0,0,Sp1,0,3,0,0,0,9,PAL,SUL,Para,3,2,6,3,9
948,0,0,0,0,0,27,Sp2,0,3,0,0,0,9,SUL,PAL,Para,27,6,2,9,3
955,0,11,0,0,0,0,Sp1,0,3,0,0,0,12,PAL,SUL,Para,11,2,6,3,12
955,0,0,0,0,0,8,Sp2,0,3,0,0,0,12,SUL,PAL,Para,8,6,2,12,3
956,0,5,0,0,0,0,Sp1,0,3,0,0,0,12,PAL,SUL,Para,5,2,6,3,12
956,0,0,0,0,0,15,Sp2,0,3,0,0,0,12,SUL,PAL,Para,15,6,2,12,3
960,0,10,0,0,0,0,Sp1,0,3,0,0,0,12,PAL,SUL,Para,10,2,6,3,12
960,0,0,0,0,0,19,Sp2,0,3,0,0,0,12,SUL,PAL,Para,19,6,2,12,3
967,0,17,0,0,0,0,Sp1,0,6,0,0,0,3,PAL,SUL,Para,17,2,6,6,3
967,0,0,0,0,0,2,Sp2,0,6,0,0,0,3,SUL,PAL,Para,2,6,2,3,6
968,0,20,0,0,0,0,Sp1,0,6,0,0,0,3,PAL,SUL,Para,20,2,6,6,3
968,0,0,0,0,0,4,Sp2,0,6,0,0,0,3,SUL,PAL,Para,4,6,2,3,6
972,0,13,0,0,0,0,Sp1,0,6,0,0,0,3,PAL,SUL,Para,13,2,6,6,3
972,0,0,0,0,0,8,Sp2,0,6,0,0,0,3,SUL,PAL,Para,8,6,2,3,6
979,0,17,0,0,0,0,Sp1,0,9,0,0,0,3,PAL,SUL,Para,17,2,6,9,3
979,0,0,0,0,0,1,Sp2,0,9,0,0,0,3,SUL,PAL,Para,1,6,2,3,9
980,0,25,0,0,0,0,Sp1,0,9,0,0,0,3,PAL,SUL,Para,25,2,6,9,3
980,0,0,0,0,0,0,Sp2,0,9,0,0,0,3,SUL,PAL,Para,0,6,2,3,9
984,0,16,0,0,0,0,Sp1,0,9,0,0,0,3,PAL,SUL,Para,16,2,6,9,3
984,0,0,0,0,0,14,Sp2,0,9,0,0,0,3,SUL,PAL,Para,14,6,2,3,9
991,0,26,0,0,0,0,Sp1,0,12,0,0,0,3,PAL,SUL,Para,26,2,6,12,3
991,0,0,0,0,0,2,Sp2,0,12,0,0,0,3,SUL,PAL,Para,2,6,2,3,12
992,0,21,0,0,0,0,Sp1,0,12,0,0,0,3,PAL,SUL,Para,21,2,6,12,3
992,0,0,0,0,0,5,Sp2,0,12,0,0,0,3,SUL,PAL,Para,5,6,2,3,12
996,0,17,0,0,0,0,Sp1,0,12,0,0,0,3,PAL,SUL,Para,17,2,6,12,3
996,0,0,0,0,0,16,Sp2,0,12,0,0,0,3,SUL,PAL,Para,16,6,2,3,12
1243,0,0,0,2,0,0,Sp1,0,0,3,3,0,0,PSA,PAN,Para,2,4,3,3,3
1243,0,0,0,0,0,0,Sp2,0,0,3,3,0,0,PAN,PSA,Para,0,3,4,3,3
1244,0,0,0,10,0,0,Sp1,0,0,3,3,0,0,PSA,PAN,Para,10,4,3,3,3
1244,0,0,2,0,0,0,Sp2,0,0,3,3,0,0,PAN,PSA,Para,2,3,4,3,3
1245,0,0,0,4,0,0,Sp1,0,0,3,3,0,0,PSA,PAN,Para,4,4,3,3,3
1245,0,0,4,0,0,0,Sp2,0,0,3,3,0,0,PAN,PSA,Para,4,3,4,3,3
1248,0,0,0,14,0,0,Sp1,0,0,3,3,0,0,PSA,PAN,Para,14,4,3,3,3
1248,0,0,4,0,0,0,Sp2,0,0,3,3,0,0,PAN,PSA,Para,4,3,4,3,3
1255,0,0,0,7,0,0,Sp1,0,0,6,3,0,0,PSA,PAN,Para,7,4,3,3,6
1255,0,0,17,0,0,0,Sp2,0,0,6,3,0,0,PAN,PSA,Para,17,3,4,6,3
1256,0,0,0,3,0,0,Sp1,0,0,6,3,0,0,PSA,PAN,Para,3,4,3,3,6
1256,0,0,16,0,0,0,Sp2,0,0,6,3,0,0,PAN,PSA,Para,16,3,4,6,3
1257,0,0,0,8,0,0,Sp1,0,0,6,3,0,0,PSA,PAN,Para,8,4,3,3,6
1257,0,0,30,0,0,0,Sp2,0,0,6,3,0,0,PAN,PSA,Para,30,3,4,6,3
1260,0,0,0,1,0,0,Sp1,0,0,6,3,0,0,PSA,PAN,Para,1,4,3,3,6
1260,0,0,19,0,0,0,Sp2,0,0,6,3,0,0,PAN,PSA,Para,19,3,4,6,3
1267,0,0,0,3,0,0,Sp1,0,0,9,3,0,0,PSA,PAN,Para,3,4,3,3,9
1267,0,0,17,0,0,0,Sp2,0,0,9,3,0,0,PAN,PSA,Para,17,3,4,9,3
1268,0,0,0,12,0,0,Sp1,0,0,9,3,0,0,PSA,PAN,Para,12,4,3,3,9
1268,0,0,24,0,0,0,Sp2,0,0,9,3,0,0,PAN,PSA,Para,24,3,4,9,3
1269,0,0,0,1,0,0,Sp1,0,0,9,3,0,0,PSA,PAN,Para,1,4,3,3,9
1269,0,0,54,0,0,0,Sp2,0,0,9,3,0,0,PAN,PSA,Para,54,3,4,9,3
1272,0,0,0,4,0,0,Sp1,0,0,9,3,0,0,PSA,PAN,Para,4,4,3,3,9
1272,0,0,37,0,0,0,Sp2,0,0,9,3,0,0,PAN,PSA,Para,37,3,4,9,3
1279,0,0,0,4,0,0,Sp1,0,0,12,3,0,0,PSA,PAN,Para,4,4,3,3,12
1279,0,0,20,0,0,0,Sp2,0,0,12,3,0,0,PAN,PSA,Para,20,3,4,12,3
1280,0,0,0,2,0,0,Sp1,0,0,12,3,0,0,PSA,PAN,Para,2,4,3,3,12
1280,0,0,29,0,0,0,Sp2,0,0,12,3,0,0,PAN,PSA,Para,29,3,4,12,3
1281,0,0,0,0,0,0,Sp1,0,0,12,3,0,0,PSA,PAN,Para,0,4,3,3,12
1281,0,0,17,0,0,0,Sp2,0,0,12,3,0,0,PAN,PSA,Para,17,3,4,12,3
1284,0,0,0,5,0,0,Sp1,0,0,12,3,0,0,PSA,PAN,Para,5,4,3,3,12
1284,0,0,18,0,0,0,Sp2,0,0,12,3,0,0,PAN,PSA,Para,18,3,4,12,3
1291,0,0,0,8,0,0,Sp1,0,0,3,6,0,0,PSA,PAN,Para,8,4,3,6,3
1291,0,0,1,0,0,0,Sp2,0,0,3,6,0,0,PAN,PSA,Para,1,3,4,3,6
1292,0,0,0,16,0,0,Sp1,0,0,3,6,0,0,PSA,PAN,Para,16,4,3,6,3
1292,0,0,6,0,0,0,Sp2,0,0,3,6,0,0,PAN,PSA,Para,6,3,4,3,6
1293,0,0,0,17,0,0,Sp1,0,0,3,6,0,0,PSA,PAN,Para,17,4,3,6,3
1293,0,0,8,0,0,0,Sp2,0,0,3,6,0,0,PAN,PSA,Para,8,3,4,3,6
1296,0,0,0,48,0,0,Sp1,0,0,3,6,0,0,PSA,PAN,Para,48,4,3,6,3
1296,0,0,9,0,0,0,Sp2,0,0,3,6,0,0,PAN,PSA,Para,9,3,4,3,6
1303,0,0,0,15,0,0,Sp1,0,0,3,9,0,0,PSA,PAN,Para,15,4,3,9,3
1303,0,0,4,0,0,0,Sp2,0,0,3,9,0,0,PAN,PSA,Para,4,3,4,3,9
1304,0,0,0,24,0,0,Sp1,0,0,3,9,0,0,PSA,PAN,Para,24,4,3,9,3
1304,0,0,0,0,0,0,Sp2,0,0,3,9,0,0,PAN,PSA,Para,0,3,4,3,9
1305,0,0,0,7,0,0,Sp1,0,0,3,9,0,0,PSA,PAN,Para,7,4,3,9,3
1305,0,0,13,0,0,0,Sp2,0,0,3,9,0,0,PAN,PSA,Para,13,3,4,3,9
1308,0,0,0,19,0,0,Sp1,0,0,3,9,0,0,PSA,PAN,Para,19,4,3,9,3
1308,0,0,13,0,0,0,Sp2,0,0,3,9,0,0,PAN,PSA,Para,13,3,4,3,9
1315,0,0,0,13,0,0,Sp1,0,0,3,12,0,0,PSA,PAN,Para,13,4,3,12,3
1315,0,0,6,0,0,0,Sp2,0,0,3,12,0,0,PAN,PSA,Para,6,3,4,3,12
1316,0,0,0,26,0,0,Sp1,0,0,3,12,0,0,PSA,PAN,Para,26,4,3,12,3
1316,0,0,2,0,0,0,Sp2,0,0,3,12,0,0,PAN,PSA,Para,2,3,4,3,12
1317,0,0,0,14,0,0,Sp1,0,0,3,12,0,0,PSA,PAN,Para,14,4,3,12,3
1317,0,0,0,0,0,0,Sp2,0,0,3,12,0,0,PAN,PSA,Para,0,3,4,3,12
1320,0,0,0,18,0,0,Sp1,0,0,3,12,0,0,PSA,PAN,Para,18,4,3,12,3
1320,0,0,20,0,0,0,Sp2,0,0,3,12,0,0,PAN,PSA,Para,20,3,4,3,12
1447,0,0,0,0,8.5,0,Sp1,0,0,3,0,3,0,SIM,PAN,Para,8.5,5,3,3,3
1447,0,0,9,0,0,0,Sp2,0,0,3,0,3,0,PAN,SIM,Para,9,3,5,3,3
1448,0,0,0,0,13.5,0,Sp1,0,0,3,0,3,0,SIM,PAN,Para,13.5,5,3,3,3
1448,0,0,9,0,0,0,Sp2,0,0,3,0,3,0,PAN,SIM,Para,9,3,5,3,3
1449,0,0,0,0,18.5,0,Sp1,0,0,3,0,3,0,SIM,PAN,Para,18.5,5,3,3,3
1449,0,0,3,0,0,0,Sp2,0,0,3,0,3,0,PAN,SIM,Para,3,3,5,3,3
1452,0,0,0,0,22.5,0,Sp1,0,0,3,0,3,0,SIM,PAN,Para,22.5,5,3,3,3
1452,0,0,4,0,0,0,Sp2,0,0,3,0,3,0,PAN,SIM,Para,4,3,5,3,3
1459,0,0,0,0,14.5,0,Sp1,0,0,6,0,3,0,SIM,PAN,Para,14.5,5,3,3,6
1459,0,0,20,0,0,0,Sp2,0,0,6,0,3,0,PAN,SIM,Para,20,3,5,6,3
1460,0,0,0,0,7,0,Sp1,0,0,6,0,3,0,SIM,PAN,Para,7,5,3,3,6
1460,0,0,5,0,0,0,Sp2,0,0,6,0,3,0,PAN,SIM,Para,5,3,5,6,3
1461,0,0,0,0,16.5,0,Sp1,0,0,6,0,3,0,SIM,PAN,Para,16.5,5,3,3,6
1461,0,0,27,0,0,0,Sp2,0,0,6,0,3,0,PAN,SIM,Para,27,3,5,6,3
1464,0,0,0,0,25,0,Sp1,0,0,6,0,3,0,SIM,PAN,Para,25,5,3,3,6
1464,0,0,12,0,0,0,Sp2,0,0,6,0,3,0,PAN,SIM,Para,12,3,5,6,3
1471,0,0,0,0,12.5,0,Sp1,0,0,9,0,3,0,SIM,PAN,Para,12.5,5,3,3,9
1471,0,0,25,0,0,0,Sp2,0,0,9,0,3,0,PAN,SIM,Para,25,3,5,9,3
1472,0,0,0,0,17,0,Sp1,0,0,9,0,3,0,SIM,PAN,Para,17,5,3,3,9
1472,0,0,14,0,0,0,Sp2,0,0,9,0,3,0,PAN,SIM,Para,14,3,5,9,3
1473,0,0,0,0,16.5,0,Sp1,0,0,9,0,3,0,SIM,PAN,Para,16.5,5,3,3,9
1473,0,0,22,0,0,0,Sp2,0,0,9,0,3,0,PAN,SIM,Para,22,3,5,9,3
1476,0,0,0,0,27,0,Sp1,0,0,9,0,3,0,SIM,PAN,Para,27,5,3,3,9
1476,0,0,25,0,0,0,Sp2,0,0,9,0,3,0,PAN,SIM,Para,25,3,5,9,3
1483,0,0,0,0,13,0,Sp1,0,0,12,0,3,0,SIM,PAN,Para,13,5,3,3,12
1483,0,0,19,0,0,0,Sp2,0,0,12,0,3,0,PAN,SIM,Para,19,3,5,12,3
1484,0,0,0,0,11,0,Sp1,0,0,12,0,3,0,SIM,PAN,Para,11,5,3,3,12
1484,0,0,22,0,0,0,Sp2,0,0,12,0,3,0,PAN,SIM,Para,22,3,5,12,3
1485,0,0,0,0,21,0,Sp1,0,0,12,0,3,0,SIM,PAN,Para,21,5,3,3,12
1485,0,0,18.5,0,0,0,Sp2,0,0,12,0,3,0,PAN,SIM,Para,18.5,3,5,12,3
1488,0,0,0,0,19.5,0,Sp1,0,0,12,0,3,0,SIM,PAN,Para,19.5,5,3,3,12
1488,0,0,15,0,0,0,Sp2,0,0,12,0,3,0,PAN,SIM,Para,15,3,5,12,3
1495,0,0,0,0,27.5,0,Sp1,0,0,3,0,6,0,SIM,PAN,Para,27.5,5,3,6,3
1495,0,0,12,0,0,0,Sp2,0,0,3,0,6,0,PAN,SIM,Para,12,3,5,3,6
1496,0,0,0,0,16.5,0,Sp1,0,0,3,0,6,0,SIM,PAN,Para,16.5,5,3,6,3
1496,0,0,13.5,0,0,0,Sp2,0,0,3,0,6,0,PAN,SIM,Para,13.5,3,5,3,6
1497,0,0,0,0,26.5,0,Sp1,0,0,3,0,6,0,SIM,PAN,Para,26.5,5,3,6,3
1497,0,0,2,0,0,0,Sp2,0,0,3,0,6,0,PAN,SIM,Para,2,3,5,3,6
1500,0,0,0,0,14,0,Sp1,0,0,3,0,6,0,SIM,PAN,Para,14,5,3,6,3
1500,0,0,1,0,0,0,Sp2,0,0,3,0,6,0,PAN,SIM,Para,1,3,5,3,6
1507,0,0,0,0,17.5,0,Sp1,0,0,3,0,9,0,SIM,PAN,Para,17.5,5,3,9,3
1507,0,0,5,0,0,0,Sp2,0,0,3,0,9,0,PAN,SIM,Para,5,3,5,3,9
1508,0,0,0,0,39,0,Sp1,0,0,3,0,9,0,SIM,PAN,Para,39,5,3,9,3
1508,0,0,10.5,0,0,0,Sp2,0,0,3,0,9,0,PAN,SIM,Para,10.5,3,5,3,9
1509,0,0,0,0,45.5,0,Sp1,0,0,3,0,9,0,SIM,PAN,Para,45.5,5,3,9,3
1509,0,0,10,0,0,0,Sp2,0,0,3,0,9,0,PAN,SIM,Para,10,3,5,3,9
1512,0,0,0,0,67,0,Sp1,0,0,3,0,9,0,SIM,PAN,Para,67,5,3,9,3
1512,0,0,13,0,0,0,Sp2,0,0,3,0,9,0,PAN,SIM,Para,13,3,5,3,9
1519,0,0,0,0,23.5,0,Sp1,0,0,3,0,12,0,SIM,PAN,Para,23.5,5,3,12,3
1519,0,0,10.5,0,0,0,Sp2,0,0,3,0,12,0,PAN,SIM,Para,10.5,3,5,3,12
1520,0,0,0,0,30,0,Sp1,0,0,3,0,12,0,SIM,PAN,Para,30,5,3,12,3
1520,0,0,6,0,0,0,Sp2,0,0,3,0,12,0,PAN,SIM,Para,6,3,5,3,12
1521,0,0,0,0,53.5,0,Sp1,0,0,3,0,12,0,SIM,PAN,Para,53.5,5,3,12,3
1521,0,0,5.5,0,0,0,Sp2,0,0,3,0,12,0,PAN,SIM,Para,5.5,3,5,3,12
1524,0,0,0,0,54.5,0,Sp1,0,0,3,0,12,0,SIM,PAN,Para,54.5,5,3,12,3
1524,0,0,13.5,0,0,0,Sp2,0,0,3,0,12,0,PAN,SIM,Para,13.5,3,5,3,12
1531,0,0,0,0,23.5,0,Sp1,0,0,0,3,3,0,SIM,PSA,Para,23.5,5,4,3,3
1531,0,0,0,8.5,0,0,Sp2,0,0,0,3,3,0,PSA,SIM,Para,8.5,4,5,3,3
1532,0,0,0,0,17,0,Sp1,0,0,0,3,3,0,SIM,PSA,Para,17,5,4,3,3
1532,0,0,0,9.5,0,0,Sp2,0,0,0,3,3,0,PSA,SIM,Para,9.5,4,5,3,3
1536,0,0,0,0,26,0,Sp1,0,0,0,3,3,0,SIM,PSA,Para,26,5,4,3,3
1536,0,0,0,3.5,0,0,Sp2,0,0,0,3,3,0,PSA,SIM,Para,3.5,4,5,3,3
1543,0,0,0,0,7.5,0,Sp1,0,0,0,6,3,0,SIM,PSA,Para,7.5,5,4,3,6
1543,0,0,0,14.5,0,0,Sp2,0,0,0,6,3,0,PSA,SIM,Para,14.5,4,5,6,3
1544,0,0,0,0,29,0,Sp1,0,0,0,6,3,0,SIM,PSA,Para,29,5,4,3,6
1544,0,0,0,26,0,0,Sp2,0,0,0,6,3,0,PSA,SIM,Para,26,4,5,6,3
1548,0,0,0,0,9,0,Sp1,0,0,0,6,3,0,SIM,PSA,Para,9,5,4,3,6
1548,0,0,0,1.5,0,0,Sp2,0,0,0,6,3,0,PSA,SIM,Para,1.5,4,5,6,3
1555,0,0,0,0,8.5,0,Sp1,0,0,0,9,3,0,SIM,PSA,Para,8.5,5,4,3,9
1555,0,0,0,12.5,0,0,Sp2,0,0,0,9,3,0,PSA,SIM,Para,12.5,4,5,9,3
1556,0,0,0,0,6.5,0,Sp1,0,0,0,9,3,0,SIM,PSA,Para,6.5,5,4,3,9
1556,0,0,0,8,0,0,Sp2,0,0,0,9,3,0,PSA,SIM,Para,8,4,5,9,3
1560,0,0,0,0,27,0,Sp1,0,0,0,9,3,0,SIM,PSA,Para,27,5,4,3,9
1560,0,0,0,6,0,0,Sp2,0,0,0,9,3,0,PSA,SIM,Para,6,4,5,9,3
1567,0,0,0,0,7.5,0,Sp1,0,0,0,12,3,0,SIM,PSA,Para,7.5,5,4,3,12
1567,0,0,0,16,0,0,Sp2,0,0,0,12,3,0,PSA,SIM,Para,16,4,5,12,3
1568,0,0,0,0,12,0,Sp1,0,0,0,12,3,0,SIM,PSA,Para,12,5,4,3,12
1568,0,0,0,32.5,0,0,Sp2,0,0,0,12,3,0,PSA,SIM,Para,32.5,4,5,12,3
1572,0,0,0,0,14,0,Sp1,0,0,0,12,3,0,SIM,PSA,Para,14,5,4,3,12
1572,0,0,0,12,0,0,Sp2,0,0,0,12,3,0,PSA,SIM,Para,12,4,5,12,3
1579,0,0,0,0,12,0,Sp1,0,0,0,3,6,0,SIM,PSA,Para,12,5,4,6,3
1579,0,0,0,1,0,0,Sp2,0,0,0,3,6,0,PSA,SIM,Para,1,4,5,3,6
1580,0,0,0,0,38,0,Sp1,0,0,0,3,6,0,SIM,PSA,Para,38,5,4,6,3
1580,0,0,0,10,0,0,Sp2,0,0,0,3,6,0,PSA,SIM,Para,10,4,5,3,6
1584,0,0,0,0,39,0,Sp1,0,0,0,3,6,0,SIM,PSA,Para,39,5,4,6,3
1584,0,0,0,0.5,0,0,Sp2,0,0,0,3,6,0,PSA,SIM,Para,0.5,4,5,3,6
1591,0,0,0,0,19.5,0,Sp1,0,0,0,3,9,0,SIM,PSA,Para,19.5,5,4,9,3
1591,0,0,0,4,0,0,Sp2,0,0,0,3,9,0,PSA,SIM,Para,4,4,5,3,9
1592,0,0,0,0,45,0,Sp1,0,0,0,3,9,0,SIM,PSA,Para,45,5,4,9,3
1592,0,0,0,3,0,0,Sp2,0,0,0,3,9,0,PSA,SIM,Para,3,4,5,3,9
1596,0,0,0,0,64,0,Sp1,0,0,0,3,9,0,SIM,PSA,Para,64,5,4,9,3
1596,0,0,0,6.5,0,0,Sp2,0,0,0,3,9,0,PSA,SIM,Para,6.5,4,5,3,9
1603,0,0,0,0,16,0,Sp1,0,0,0,3,12,0,SIM,PSA,Para,16,5,4,12,3
1603,0,0,0,6,0,0,Sp2,0,0,0,3,12,0,PSA,SIM,Para,6,4,5,3,12
1604,0,0,0,0,43,0,Sp1,0,0,0,3,12,0,SIM,PSA,Para,43,5,4,12,3
1604,0,0,0,8.5,0,0,Sp2,0,0,0,3,12,0,PSA,SIM,Para,8.5,4,5,3,12
1608,0,0,0,0,76,0,Sp1,0,0,0,3,12,0,SIM,PSA,Para,76,5,4,12,3
1608,0,0,0,9.5,0,0,Sp2,0,0,0,3,12,0,PSA,SIM,Para,9.5,4,5,3,12
1615,0,0,0,0,13.5,0,Sp1,0,0,0,0,3,3,SIM,SUL,Para,13.5,5,6,3,3
1615,0,0,0,0,0,4,Sp2,0,0,0,0,3,3,SUL,SIM,Para,4,6,5,3,3
1616,0,0,0,0,25.5,0,Sp1,0,0,0,0,3,3,SIM,SUL,Para,25.5,5,6,3,3
1616,0,0,0,0,0,12,Sp2,0,0,0,0,3,3,SUL,SIM,Para,12,6,5,3,3
1620,0,0,0,0,31,0,Sp1,0,0,0,0,3,3,SIM,SUL,Para,31,5,6,3,3
1620,0,0,0,0,0,21,Sp2,0,0,0,0,3,3,SUL,SIM,Para,21,6,5,3,3
1627,0,0,0,0,8.5,0,Sp1,0,0,0,0,3,6,SIM,SUL,Para,8.5,5,6,3,6
1627,0,0,0,0,0,9,Sp2,0,0,0,0,3,6,SUL,SIM,Para,9,6,5,6,3
1628,0,0,0,0,16,0,Sp1,0,0,0,0,3,6,SIM,SUL,Para,16,5,6,3,6
1628,0,0,0,0,0,5,Sp2,0,0,0,0,3,6,SUL,SIM,Para,5,6,5,6,3
1632,0,0,0,0,23.5,0,Sp1,0,0,0,0,3,6,SIM,SUL,Para,23.5,5,6,3,6
1632,0,0,0,0,0,10,Sp2,0,0,0,0,3,6,SUL,SIM,Para,10,6,5,6,3
1639,0,0,0,0,16,0,Sp1,0,0,0,0,3,9,SIM,SUL,Para,16,5,6,3,9
1639,0,0,0,0,0,4,Sp2,0,0,0,0,3,9,SUL,SIM,Para,4,6,5,9,3
1640,0,0,0,0,9,0,Sp1,0,0,0,0,3,9,SIM,SUL,Para,9,5,6,3,9
1640,0,0,0,0,0,32.5,Sp2,0,0,0,0,3,9,SUL,SIM,Para,32.5,6,5,9,3
1644,0,0,0,0,23.5,0,Sp1,0,0,0,0,3,9,SIM,SUL,Para,23.5,5,6,3,9
1644,0,0,0,0,0,32,Sp2,0,0,0,0,3,9,SUL,SIM,Para,32,6,5,9,3
1651,0,0,0,0,11,0,Sp1,0,0,0,0,3,12,SIM,SUL,Para,11,5,6,3,12
1651,0,0,0,0,0,5,Sp2,0,0,0,0,3,12,SUL,SIM,Para,5,6,5,12,3
1652,0,0,0,0,5.5,0,Sp1,0,0,0,0,3,12,SIM,SUL,Para,5.5,5,6,3,12
1652,0,0,0,0,0,17.5,Sp2,0,0,0,0,3,12,SUL,SIM,Para,17.5,6,5,12,3
1656,0,0,0,0,8,0,Sp1,0,0,0,0,3,12,SIM,SUL,Para,8,5,6,3,12
1656,0,0,0,0,0,41,Sp2,0,0,0,0,3,12,SUL,SIM,Para,41,6,5,12,3
1663,0,0,0,0,14.5,0,Sp1,0,0,0,0,6,3,SIM,SUL,Para,14.5,5,6,6,3
1663,0,0,0,0,0,2.5,Sp2,0,0,0,0,6,3,SUL,SIM,Para,2.5,6,5,3,6
1664,0,0,0,0,15,0,Sp1,0,0,0,0,6,3,SIM,SUL,Para,15,5,6,6,3
1664,0,0,0,0,0,16.5,Sp2,0,0,0,0,6,3,SUL,SIM,Para,16.5,6,5,3,6
1668,0,0,0,0,31,0,Sp1,0,0,0,0,6,3,SIM,SUL,Para,31,5,6,6,3
1668,0,0,0,0,0,4.5,Sp2,0,0,0,0,6,3,SUL,SIM,Para,4.5,6,5,3,6
1675,0,0,0,0,26,0,Sp1,0,0,0,0,9,3,SIM,SUL,Para,26,5,6,9,3
1675,0,0,0,0,0,7,Sp2,0,0,0,0,9,3,SUL,SIM,Para,7,6,5,3,9
1676,0,0,0,0,27,0,Sp1,0,0,0,0,9,3,SIM,SUL,Para,27,5,6,9,3
1676,0,0,0,0,0,11.5,Sp2,0,0,0,0,9,3,SUL,SIM,Para,11.5,6,5,3,9
1680,0,0,0,0,47,0,Sp1,0,0,0,0,9,3,SIM,SUL,Para,47,5,6,9,3
1680,0,0,0,0,0,13.5,Sp2,0,0,0,0,9,3,SUL,SIM,Para,13.5,6,5,3,9
1687,0,0,0,0,11,0,Sp1,0,0,0,0,12,3,SIM,SUL,Para,11,5,6,12,3
1687,0,0,0,0,0,0,Sp2,0,0,0,0,12,3,SUL,SIM,Para,0,6,5,3,12
1688,0,0,0,0,35.5,0,Sp1,0,0,0,0,12,3,SIM,SUL,Para,35.5,5,6,12,3
1688,0,0,0,0,0,21.5,Sp2,0,0,0,0,12,3,SUL,SIM,Para,21.5,6,5,3,12
1692,0,0,0,0,55.5,0,Sp1,0,0,0,0,12,3,SIM,SUL,Para,55.5,5,6,12,3
1692,0,0,0,0,0,18,Sp2,0,0,0,0,12,3,SUL,SIM,Para,18,6,5,3,12
1819,0,0,0,0,0,3,Sp1,0,0,3,0,0,3,SUL,PAN,Para,3,6,3,3,3
1819,0,0,5,0,0,0,Sp2,0,0,3,0,0,3,PAN,SUL,Para,5,3,6,3,3
1820,0,0,0,0,0,4.5,Sp1,0,0,3,0,0,3,SUL,PAN,Para,4.5,6,3,3,3
1820,0,0,6.5,0,0,0,Sp2,0,0,3,0,0,3,PAN,SUL,Para,6.5,3,6,3,3
1824,0,0,0,0,0,6,Sp1,0,0,3,0,0,3,SUL,PAN,Para,6,6,3,3,3
1824,0,0,6,0,0,0,Sp2,0,0,3,0,0,3,PAN,SUL,Para,6,3,6,3,3
1831,0,0,0,0,0,2.5,Sp1,0,0,6,0,0,3,SUL,PAN,Para,2.5,6,3,3,6
1831,0,0,9.5,0,0,0,Sp2,0,0,6,0,0,3,PAN,SUL,Para,9.5,3,6,6,3
1832,0,0,0,0,0,32.5,Sp1,0,0,6,0,0,3,SUL,PAN,Para,32.5,6,3,3,6
1832,0,0,6.5,0,0,0,Sp2,0,0,6,0,0,3,PAN,SUL,Para,6.5,3,6,6,3
1836,0,0,0,0,0,17,Sp1,0,0,6,0,0,3,SUL,PAN,Para,17,6,3,3,6
1836,0,0,24.5,0,0,0,Sp2,0,0,6,0,0,3,PAN,SUL,Para,24.5,3,6,6,3
1843,0,0,0,0,0,3.5,Sp1,0,0,9,0,0,3,SUL,PAN,Para,3.5,6,3,3,9
1843,0,0,9,0,0,0,Sp2,0,0,9,0,0,3,PAN,SUL,Para,9,3,6,9,3
1844,0,0,0,0,0,16.5,Sp1,0,0,9,0,0,3,SUL,PAN,Para,16.5,6,3,3,9
1844,0,0,26.5,0,0,0,Sp2,0,0,9,0,0,3,PAN,SUL,Para,26.5,3,6,9,3
1848,0,0,0,0,0,11,Sp1,0,0,9,0,0,3,SUL,PAN,Para,11,6,3,3,9
1848,0,0,25.5,0,0,0,Sp2,0,0,9,0,0,3,PAN,SUL,Para,25.5,3,6,9,3
1855,0,0,0,0,0,5.5,Sp1,0,0,12,0,0,3,SUL,PAN,Para,5.5,6,3,3,12
1855,0,0,16,0,0,0,Sp2,0,0,12,0,0,3,PAN,SUL,Para,16,3,6,12,3
1856,0,0,0,0,0,11,Sp1,0,0,12,0,0,3,SUL,PAN,Para,11,6,3,3,12
1856,0,0,17,0,0,0,Sp2,0,0,12,0,0,3,PAN,SUL,Para,17,3,6,12,3
1860,0,0,0,0,0,10.5,Sp1,0,0,12,0,0,3,SUL,PAN,Para,10.5,6,3,3,12
1860,0,0,20,0,0,0,Sp2,0,0,12,0,0,3,PAN,SUL,Para,20,3,6,12,3
1867,0,0,0,0,0,7.5,Sp1,0,0,3,0,0,6,SUL,PAN,Para,7.5,6,3,6,3
1867,0,0,9.5,0,0,0,Sp2,0,0,3,0,0,6,PAN,SUL,Para,9.5,3,6,3,6
1868,0,0,0,0,0,32,Sp1,0,0,3,0,0,6,SUL,PAN,Para,32,6,3,6,3
1868,0,0,3.5,0,0,0,Sp2,0,0,3,0,0,6,PAN,SUL,Para,3.5,3,6,3,6
1872,0,0,0,0,0,22.5,Sp1,0,0,3,0,0,6,SUL,PAN,Para,22.5,6,3,6,3
1872,0,0,6,0,0,0,Sp2,0,0,3,0,0,6,PAN,SUL,Para,6,3,6,3,6
1879,0,0,0,0,0,3.5,Sp1,0,0,3,0,0,9,SUL,PAN,Para,3.5,6,3,9,3
1879,0,0,7,0,0,0,Sp2,0,0,3,0,0,9,PAN,SUL,Para,7,3,6,3,9
1880,0,0,0,0,0,25.5,Sp1,0,0,3,0,0,9,SUL,PAN,Para,25.5,6,3,9,3
1880,0,0,5.5,0,0,0,Sp2,0,0,3,0,0,9,PAN,SUL,Para,5.5,3,6,3,9
1884,0,0,0,0,0,27.5,Sp1,0,0,3,0,0,9,SUL,PAN,Para,27.5,6,3,9,3
1884,0,0,1.5,0,0,0,Sp2,0,0,3,0,0,9,PAN,SUL,Para,1.5,3,6,3,9
1891,0,0,0,0,0,14.5,Sp1,0,0,3,0,0,12,SUL,PAN,Para,14.5,6,3,12,3
1891,0,0,3,0,0,0,Sp2,0,0,3,0,0,12,PAN,SUL,Para,3,3,6,3,12
1892,0,0,0,0,0,41.5,Sp1,0,0,3,0,0,12,SUL,PAN,Para,41.5,6,3,12,3
1892,0,0,6.5,0,0,0,Sp2,0,0,3,0,0,12,PAN,SUL,Para,6.5,3,6,3,12
1896,0,0,0,0,0,28,Sp1,0,0,3,0,0,12,SUL,PAN,Para,28,6,3,12,3
1896,0,0,7,0,0,0,Sp2,0,0,3,0,0,12,PAN,SUL,Para,7,3,6,3,12
1903,0,0,0,0,0,1.5,Sp1,0,0,0,3,0,3,SUL,PSA,Para,1.5,6,4,3,3
1903,0,0,0,0.5,0,0,Sp2,0,0,0,3,0,3,PSA,SUL,Para,0.5,4,6,3,3
1904,0,0,0,0,0,0,Sp1,0,0,0,3,0,3,SUL,PSA,Para,0,6,4,3,3
1904,0,0,0,0.5,0,0,Sp2,0,0,0,3,0,3,PSA,SUL,Para,0.5,4,6,3,3
1915,0,0,0,0,0,4,Sp1,0,0,0,6,0,3,SUL,PSA,Para,4,6,4,3,6
1915,0,0,0,10.5,0,0,Sp2,0,0,0,6,0,3,PSA,SUL,Para,10.5,4,6,6,3
1916,0,0,0,0,0,2.5,Sp1,0,0,0,6,0,3,SUL,PSA,Para,2.5,6,4,3,6
1916,0,0,0,33,0,0,Sp2,0,0,0,6,0,3,PSA,SUL,Para,33,4,6,6,3
1927,0,0,0,0,0,6,Sp1,0,0,0,9,0,3,SUL,PSA,Para,6,6,4,3,9
1927,0,0,0,21,0,0,Sp2,0,0,0,9,0,3,PSA,SUL,Para,21,4,6,9,3
1928,0,0,0,0,0,5.5,Sp1,0,0,0,9,0,3,SUL,PSA,Para,5.5,6,4,3,9
1928,0,0,0,51,0,0,Sp2,0,0,0,9,0,3,PSA,SUL,Para,51,4,6,9,3
1939,0,0,0,0,0,0.5,Sp1,0,0,0,12,0,3,SUL,PSA,Para,0.5,6,4,3,12
1939,0,0,0,9.5,0,0,Sp2,0,0,0,12,0,3,PSA,SUL,Para,9.5,4,6,12,3
1940,0,0,0,0,0,18,Sp1,0,0,0,12,0,3,SUL,PSA,Para,18,6,4,3,12
1940,0,0,0,38.5,0,0,Sp2,0,0,0,12,0,3,PSA,SUL,Para,38.5,4,6,12,3
1951,0,0,0,0,0,5.5,Sp1,0,0,0,3,0,6,SUL,PSA,Para,5.5,6,4,6,3
1951,0,0,0,1.5,0,0,Sp2,0,0,0,3,0,6,PSA,SUL,Para,1.5,4,6,3,6
1952,0,0,0,0,0,27.5,Sp1,0,0,0,3,0,6,SUL,PSA,Para,27.5,6,4,6,3
1952,0,0,0,9.5,0,0,Sp2,0,0,0,3,0,6,PSA,SUL,Para,9.5,4,6,3,6
1963,0,0,0,0,0,6.5,Sp1,0,0,0,3,0,9,SUL,PSA,Para,6.5,6,4,9,3
1963,0,0,0,2.5,0,0,Sp2,0,0,0,3,0,9,PSA,SUL,Para,2.5,4,6,3,9
1964,0,0,0,0,0,20.5,Sp1,0,0,0,3,0,9,SUL,PSA,Para,20.5,6,4,9,3
1964,0,0,0,6,0,0,Sp2,0,0,0,3,0,9,PSA,SUL,Para,6,4,6,3,9
1975,0,0,0,0,0,9,Sp1,0,0,0,3,0,12,SUL,PSA,Para,9,6,4,12,3
1975,0,0,0,1,0,0,Sp2,0,0,0,3,0,12,PSA,SUL,Para,1,4,6,3,12
1976,0,0,0,0,0,21,Sp1,0,0,0,3,0,12,SUL,PSA,Para,21,6,4,12,3
1976,0,0,0,12.5,0,0,Sp2,0,0,0,3,0,12,PSA,SUL,Para,12.5,4,6,3,12
1105,NA,NA,16.5,NA,NA,NA,Intra,0,0,15,0,0,0,PAN,NA,Para,16.5,3,7,15,NA
1108,NA,NA,25.5,NA,NA,NA,Intra,0,0,15,0,0,0,PAN,NA,Para,25.5,3,7,15,NA
1084,NA,NA,6.5,NA,NA,NA,Intra,0,0,9,0,0,0,PAN,NA,Para,6.5,3,7,9,NA
1057,NA,NA,2.5,NA,NA,NA,Intra,0,0,3,0,0,0,PAN,NA,Para,2.5,3,7,3,NA
1081,NA,NA,8,NA,NA,NA,Intra,0,0,9,0,0,0,PAN,NA,Para,8,3,7,9,NA
1060,NA,NA,0.5,NA,NA,NA,Intra,0,0,3,0,0,0,PAN,NA,Para,0.5,3,7,3,NA
568,NA,29,NA,NA,NA,NA,Intra,0,15,0,0,0,0,PAL,NA,Para,29,2,7,15,NA
565,NA,28,NA,NA,NA,NA,Intra,0,15,0,0,0,0,PAL,NA,Para,28,2,7,15,NA
520,NA,0.5,NA,NA,NA,NA,Intra,0,3,0,0,0,0,PAL,NA,Para,0.5,2,7,3,NA
541,NA,18,NA,NA,NA,NA,Intra,0,9,0,0,0,0,PAL,NA,Para,18,2,7,9,NA
544,NA,15.5,NA,NA,NA,NA,Intra,0,9,0,0,0,0,PAL,NA,Para,15.5,2,7,9,NA
517,NA,0.5,NA,NA,NA,NA,Intra,0,3,0,0,0,0,PAL,NA,Para,0.5,2,7,3,NA
1804,NA,NA,NA,NA,NA,1.5,Intra,0,0,0,0,0,15,SUL,NA,Para,1.5,6,7,15,NA
1780,NA,NA,NA,NA,NA,9.5,Intra,0,0,0,0,0,9,SUL,NA,Para,9.5,6,7,9,NA
1429,NA,NA,NA,NA,36,NA,Intra,0,0,0,0,15,0,SIM,NA,Para,36,5,7,15,NA
1408,NA,NA,NA,NA,21,NA,Intra,0,0,0,0,9,0,SIM,NA,Para,21,5,7,9,NA
1432,NA,NA,NA,NA,39.5,NA,Intra,0,0,0,0,15,0,SIM,NA,Para,39.5,5,7,15,NA
1405,NA,NA,NA,NA,41.5,NA,Intra,0,0,0,0,9,0,SIM,NA,Para,41.5,5,7,9,NA
85,14,NA,NA,NA,NA,NA,Intra,9,0,0,0,0,0,BIR,NA,Para,14,1,7,9,NA
112,26,NA,NA,NA,NA,NA,Intra,15,0,0,0,0,0,BIR,NA,Para,26,1,7,15,NA
1756,NA,NA,NA,NA,NA,10.5,Intra,0,0,0,0,0,3,SUL,NA,Para,10.5,6,7,3,NA
1753,NA,NA,NA,NA,NA,2.5,Intra,0,0,0,0,0,3,SUL,NA,Para,2.5,6,7,3,NA
1777,NA,NA,NA,NA,NA,31,Intra,0,0,0,0,0,9,SUL,NA,Para,31,6,7,9,NA
1801,NA,NA,NA,NA,NA,20.5,Intra,0,0,0,0,0,15,SUL,NA,Para,20.5,6,7,15,NA
1384,NA,NA,NA,NA,9.5,NA,Intra,0,0,0,0,3,0,SIM,NA,Para,9.5,5,7,3,NA
1381,NA,NA,NA,NA,7,NA,Intra,0,0,0,0,3,0,SIM,NA,Para,7,5,7,3,NA
1228,NA,NA,NA,13.5,NA,NA,Intra,0,0,0,15,0,0,PSA,NA,Para,13.5,4,7,15,NA
1201,NA,NA,NA,23.5,NA,NA,Intra,0,0,0,9,0,0,PSA,NA,Para,23.5,4,7,9,NA
1180,NA,NA,NA,6.5,NA,NA,Intra,0,0,0,3,0,0,PSA,NA,Para,6.5,4,7,3,NA
1204,NA,NA,NA,5,NA,NA,Intra,0,0,0,9,0,0,PSA,NA,Para,5,4,7,9,NA
1177,NA,NA,NA,0,NA,NA,Intra,0,0,0,3,0,0,PSA,NA,Para,0,4,7,3,NA
1225,NA,NA,NA,17,NA,NA,Intra,0,0,0,15,0,0,PSA,NA,Para,17,4,7,15,NA
109,11,NA,NA,NA,NA,NA,Intra,15,0,0,0,0,0,BIR,NA,Para,11,1,7,15,NA
61,2,NA,NA,NA,NA,NA,Intra,3,0,0,0,0,0,BIR,NA,Para,2,1,7,3,NA
64,2.5,NA,NA,NA,NA,NA,Intra,3,0,0,0,0,0,BIR,NA,Para,2.5,1,7,3,NA
88,7,NA,NA,NA,NA,NA,Intra,9,0,0,0,0,0,BIR,NA,Para,7,1,7,9,NA
89,29.5,NA,NA,NA,NA,NA,Intra,9,0,0,0,0,0,BIR,NA,Para,29.5,1,7,9,NA
113,9,NA,NA,NA,NA,NA,Intra,15,0,0,0,0,0,BIR,NA,Para,9,1,7,15,NA
110,40,NA,NA,NA,NA,NA,Intra,15,0,0,0,0,0,BIR,NA,Para,40,1,7,15,NA
1106,NA,NA,19,NA,NA,NA,Intra,0,0,15,0,0,0,PAN,NA,Para,19,3,7,15,NA
1061,NA,NA,0,NA,NA,NA,Intra,0,0,3,0,0,0,PAN,NA,Para,0,3,7,3,NA
1058,NA,NA,0,NA,NA,NA,Intra,0,0,3,0,0,0,PAN,NA,Para,0,3,7,3,NA
1082,NA,NA,5,NA,NA,NA,Intra,0,0,9,0,0,0,PAN,NA,Para,5,3,7,9,NA
1781,NA,NA,NA,NA,NA,2.5,Intra,0,0,0,0,0,9,SUL,NA,Para,2.5,6,7,9,NA
1757,NA,NA,NA,NA,NA,1,Intra,0,0,0,0,0,3,SUL,NA,Para,1,6,7,3,NA
1754,NA,NA,NA,NA,NA,0,Intra,0,0,0,0,0,3,SUL,NA,Para,0,6,7,3,NA
1778,NA,NA,NA,NA,NA,0.5,Intra,0,0,0,0,0,9,SUL,NA,Para,0.5,6,7,9,NA
62,17.5,NA,NA,NA,NA,NA,Intra,3,0,0,0,0,0,BIR,NA,Para,17.5,1,7,3,NA
65,14,NA,NA,NA,NA,NA,Intra,3,0,0,0,0,0,BIR,NA,Para,14,1,7,3,NA
86,41.5,NA,NA,NA,NA,NA,Intra,9,0,0,0,0,0,BIR,NA,Para,41.5,1,7,9,NA
1109,NA,NA,18.5,NA,NA,NA,Intra,0,0,15,0,0,0,PAN,NA,Para,18.5,3,7,15,NA
1085,NA,NA,15,NA,NA,NA,Intra,0,0,9,0,0,0,PAN,NA,Para,15,3,7,9,NA
1385,NA,NA,NA,NA,10,NA,Intra,0,0,0,0,3,0,SIM,NA,Para,10,5,7,3,NA
1430,NA,NA,NA,NA,35,NA,Intra,0,0,0,0,15,0,SIM,NA,Para,35,5,7,15,NA
1406,NA,NA,NA,NA,29.5,NA,Intra,0,0,0,0,9,0,SIM,NA,Para,29.5,5,7,9,NA
1382,NA,NA,NA,NA,17,NA,Intra,0,0,0,0,3,0,SIM,NA,Para,17,5,7,3,NA
1433,NA,NA,NA,NA,32,NA,Intra,0,0,0,0,15,0,SIM,NA,Para,32,5,7,15,NA
1409,NA,NA,NA,NA,35,NA,Intra,0,0,0,0,9,0,SIM,NA,Para,35,5,7,9,NA
1205,NA,NA,NA,19,NA,NA,Intra,0,0,0,9,0,0,PSA,NA,Para,19,4,7,9,NA
1202,NA,NA,NA,3.5,NA,NA,Intra,0,0,0,9,0,0,PSA,NA,Para,3.5,4,7,9,NA
1229,NA,NA,NA,18.5,NA,NA,Intra,0,0,0,15,0,0,PSA,NA,Para,18.5,4,7,15,NA
518,NA,3,NA,NA,NA,NA,Intra,0,3,0,0,0,0,PAL,NA,Para,3,2,7,3,NA
545,NA,24,NA,NA,NA,NA,Intra,0,9,0,0,0,0,PAL,NA,Para,24,2,7,9,NA
542,NA,27.5,NA,NA,NA,NA,Intra,0,9,0,0,0,0,PAL,NA,Para,27.5,2,7,9,NA
1805,NA,NA,NA,NA,NA,24.5,Intra,0,0,0,0,0,15,SUL,NA,Para,24.5,6,7,15,NA
1802,NA,NA,NA,NA,NA,14,Intra,0,0,0,0,0,15,SUL,NA,Para,14,6,7,15,NA
1178,NA,NA,NA,0,NA,NA,Intra,0,0,0,3,0,0,PSA,NA,Para,0,4,7,3,NA
1226,NA,NA,NA,27.5,NA,NA,Intra,0,0,0,15,0,0,PSA,NA,Para,27.5,4,7,15,NA
1181,NA,NA,NA,1.5,NA,NA,Intra,0,0,0,3,0,0,PSA,NA,Para,1.5,4,7,3,NA
569,NA,43,NA,NA,NA,NA,Intra,0,15,0,0,0,0,PAL,NA,Para,43,2,7,15,NA
566,NA,25,NA,NA,NA,NA,Intra,0,15,0,0,0,0,PAL,NA,Para,25,2,7,15,NA
521,NA,0,NA,NA,NA,NA,Intra,0,3,0,0,0,0,PAL,NA,Para,0,2,7,3,NA
1407,NA,NA,NA,NA,33,NA,Intra,0,0,0,0,9,0,SIM,NA,Para,33,5,7,9,NA
1434,NA,NA,NA,NA,36.5,NA,Intra,0,0,0,0,15,0,SIM,NA,Para,36.5,5,7,15,NA
1431,NA,NA,NA,NA,97.5,NA,Intra,0,0,0,0,15,0,SIM,NA,Para,97.5,5,7,15,NA
114,12.5,NA,NA,NA,NA,NA,Intra,15,0,0,0,0,0,BIR,NA,Para,12.5,1,7,15,NA
66,5,NA,NA,NA,NA,NA,Intra,3,0,0,0,0,0,BIR,NA,Para,5,1,7,3,NA
1179,NA,NA,NA,0,NA,NA,Intra,0,0,0,3,0,0,PSA,NA,Para,0,4,7,3,NA
1182,NA,NA,NA,5,NA,NA,Intra,0,0,0,3,0,0,PSA,NA,Para,5,4,7,3,NA
1203,NA,NA,NA,22.5,NA,NA,Intra,0,0,0,9,0,0,PSA,NA,Para,22.5,4,7,9,NA
1083,NA,NA,31.5,NA,NA,NA,Intra,0,0,9,0,0,0,PAN,NA,Para,31.5,3,7,9,NA
1107,NA,NA,44,NA,NA,NA,Intra,0,0,15,0,0,0,PAN,NA,Para,44,3,7,15,NA
1059,NA,NA,8,NA,NA,NA,Intra,0,0,3,0,0,0,PAN,NA,Para,8,3,7,3,NA
1803,NA,NA,NA,NA,NA,30.5,Intra,0,0,0,0,0,15,SUL,NA,Para,30.5,6,7,15,NA
1758,NA,NA,NA,NA,NA,14,Intra,0,0,0,0,0,3,SUL,NA,Para,14,6,7,3,NA
1806,NA,NA,NA,NA,NA,9,Intra,0,0,0,0,0,15,SUL,NA,Para,9,6,7,15,NA
1755,NA,NA,NA,NA,NA,0,Intra,0,0,0,0,0,3,SUL,NA,Para,0,6,7,3,NA
522,NA,5,NA,NA,NA,NA,Intra,0,3,0,0,0,0,PAL,NA,Para,5,2,7,3,NA
519,NA,7.5,NA,NA,NA,NA,Intra,0,3,0,0,0,0,PAL,NA,Para,7.5,2,7,3,NA
543,NA,19,NA,NA,NA,NA,Intra,0,9,0,0,0,0,PAL,NA,Para,19,2,7,9,NA
1209,NA,NA,NA,29.5,NA,NA,Intra,0,0,0,9,0,0,PSA,NA,Para,29.5,4,7,9,NA
1236,NA,NA,NA,44.5,NA,NA,Intra,0,0,0,15,0,0,PSA,NA,Para,44.5,4,7,15,NA
1809,NA,NA,NA,NA,NA,35,Intra,0,0,0,0,0,15,SUL,NA,Para,35,6,7,15,NA
1761,NA,NA,NA,NA,NA,5.5,Intra,0,0,0,0,0,3,SUL,NA,Para,5.5,6,7,3,NA
1812,NA,NA,NA,NA,NA,21,Intra,0,0,0,0,0,15,SUL,NA,Para,21,6,7,15,NA
1764,NA,NA,NA,NA,NA,10,Intra,0,0,0,0,0,3,SUL,NA,Para,10,6,7,3,NA
1089,NA,NA,17.5,NA,NA,NA,Intra,0,0,9,0,0,0,PAN,NA,Para,17.5,3,7,9,NA
1092,NA,NA,24.5,NA,NA,NA,Intra,0,0,9,0,0,0,PAN,NA,Para,24.5,3,7,9,NA
120,23,NA,NA,NA,NA,NA,Intra,15,0,0,0,0,0,BIR,NA,Para,23,1,7,15,NA
96,12,NA,NA,NA,NA,NA,Intra,9,0,0,0,0,0,BIR,NA,Para,12,1,7,9,NA
117,25.5,NA,NA,NA,NA,NA,Intra,15,0,0,0,0,0,BIR,NA,Para,25.5,1,7,15,NA
1413,NA,NA,NA,NA,56.5,NA,Intra,0,0,0,0,9,0,SIM,NA,Para,56.5,5,7,9,NA
528,NA,20.5,NA,NA,NA,NA,Intra,0,3,0,0,0,0,PAL,NA,Para,20.5,2,7,3,NA
576,NA,43.5,NA,NA,NA,NA,Intra,0,15,0,0,0,0,PAL,NA,Para,43.5,2,7,15,NA
549,NA,39,NA,NA,NA,NA,Intra,0,9,0,0,0,0,PAL,NA,Para,39,2,7,9,NA
